sector_index,sector_bits,posterior_probability,rank,is_map,is_true_sector
0,000000000000,1.738997039648383657e-07,6,False,False
1,100000000000,3.039769499482478237e-14,1343,False,False
2,010000000000,1.449168161773844356e-10,72,False,False
3,110000000000,9.093076226884138464e-14,691,False,False
4,001000000000,1.448564803264856173e-10,87,False,False
5,101000000000,1.513948742846878773e-13,478,False,False
6,011000000000,1.449467917653684717e-10,63,False,False
7,111000000000,6.042066261378412343e-14,1109,False,False
8,000100000000,1.510410720107514188e-13,495,False,False
9,100100000000,7.245889622361532510e-11,179,False,False
10,010100000000,7.254892975437633008e-11,142,False,False
11,110100000000,0.000000000000000000e+00,1602,False,False
12,001100000000,3.046109371686089748e-14,1267,False,False
13,101100000000,0.000000000000000000e+00,1601,False,False
14,011100000000,9.999961507433999808e-01,1,True,True
15,111100000000,2.112700476804400293e-13,402,False,False
16,000010000000,2.110925366797497644e-13,432,False,False
17,100010000000,0.000000000000000000e+00,4096,False,False
18,010010000000,3.317365913220342232e-13,286,False,False
19,110010000000,0.000000000000000000e+00,4095,False,False
20,001010000000,9.072441149036300528e-14,753,False,False
21,101010000000,7.254909777860801102e-11,135,False,False
22,011010000000,0.000000000000000000e+00,4094,False,False
23,111010000000,3.036815048562454606e-14,1384,False,False
24,000110000000,0.000000000000000000e+00,4093,False,False
25,100110000000,7.254884862894877385e-11,147,False,False
26,010110000000,0.000000000000000000e+00,4092,False,False
27,110110000000,6.033549853313534919e-14,1146,False,False
28,001110000000,0.000000000000000000e+00,4091,False,False
29,101110000000,0.000000000000000000e+00,4090,False,False
30,011110000000,6.068973448794081446e-14,929,False,False
31,111110000000,0.000000000000000000e+00,4089,False,False
32,000001000000,3.058816221147624909e-14,1179,False,False
33,100001000000,6.039328650892885182e-14,1125,False,False
34,010001000000,0.000000000000000000e+00,4066,False,False
35,110001000000,0.000000000000000000e+00,4065,False,False
36,001001000000,2.415955890206858572e-13,364,False,False
37,101001000000,9.070660346967991825e-14,767,False,False
38,011001000000,0.000000000000000000e+00,4064,False,False
39,111001000000,3.038994294929151101e-14,1359,False,False
40,000101000000,0.000000000000000000e+00,4063,False,False
41,100101000000,0.000000000000000000e+00,4062,False,False
42,010101000000,2.415600271894283327e-13,365,False,False
43,110101000000,3.080757762613308509e-14,1158,False,False
44,001101000000,0.000000000000000000e+00,4061,False,False
45,101101000000,3.047125811222795540e-14,1256,False,False
46,011101000000,9.071389472928988327e-14,760,False,False
47,111101000000,1.448566141983488650e-10,85,False,False
48,000011000000,0.000000000000000000e+00,4048,False,False
49,100011000000,3.032863131643743049e-14,1446,False,False
50,010011000000,0.000000000000000000e+00,4047,False,False
51,110011000000,0.000000000000000000e+00,4046,False,False
52,001011000000,0.000000000000000000e+00,4045,False,False
53,101011000000,0.000000000000000000e+00,4044,False,False
54,011011000000,0.000000000000000000e+00,4043,False,False
55,111011000000,0.000000000000000000e+00,4042,False,False
56,000111000000,3.058935483386598315e-14,1177,False,False
57,100111000000,7.233815740970317283e-11,235,False,False
58,010111000000,0.000000000000000000e+00,4041,False,False
59,110111000000,9.057677025952472861e-14,845,False,False
60,001111000000,0.000000000000000000e+00,4040,False,False
61,101111000000,0.000000000000000000e+00,4039,False,False
62,011111000000,0.000000000000000000e+00,4038,False,False
63,111111000000,0.000000000000000000e+00,4037,False,False
64,000000100000,1.738997941633033822e-07,4,False,False
65,100000100000,2.111094773386948504e-13,429,False,False
66,010000100000,9.088801759819113101e-14,700,False,False
67,110000100000,0.000000000000000000e+00,3991,False,False
68,001000100000,1.448865320254621360e-10,81,False,False
69,101000100000,0.000000000000000000e+00,3990,False,False
70,011000100000,3.063586710706563022e-14,1169,False,False
71,111000100000,3.045721769409426181e-14,1273,False,False
72,000100100000,3.050489548462933080e-14,1219,False,False
73,100100100000,9.088620155955221779e-14,701,False,False
74,010100100000,2.895017036428218962e-10,32,False,False
75,110100100000,3.045710927387701326e-14,1274,False,False
76,001100100000,2.893814285421789030e-10,38,False,False
77,101100100000,6.070840987036188990e-14,922,False,False
78,011100100000,7.245874907027546451e-11,186,False,False
79,111100100000,0.000000000000000000e+00,3989,False,False
80,000010100000,1.813869150366770630e-13,441,False,False
81,100010100000,0.000000000000000000e+00,3988,False,False
82,010010100000,0.000000000000000000e+00,3987,False,False
83,110010100000,2.110362394819434293e-13,436,False,False
84,001010100000,0.000000000000000000e+00,3986,False,False
85,101010100000,1.735384969898904813e-07,20,False,False
86,011010100000,0.000000000000000000e+00,3985,False,False
87,111010100000,3.030645938201009562e-14,1481,False,False
88,000110100000,1.509110761702703564e-13,545,False,False
89,100110100000,3.034733380391281175e-14,1419,False,False
90,010110100000,0.000000000000000000e+00,3984,False,False
91,110110100000,3.033497389914647700e-14,1432,False,False
92,001110100000,0.000000000000000000e+00,3983,False,False
93,101110100000,3.031567510047622240e-14,1467,False,False
94,011110100000,0.000000000000000000e+00,3982,False,False
95,111110100000,0.000000000000000000e+00,3981,False,False
96,000001100000,7.266932324989655864e-11,116,False,False
97,100001100000,9.091433660592822925e-14,696,False,False
98,010001100000,6.058456687720968267e-14,979,False,False
99,110001100000,1.509583202799364375e-13,524,False,False
100,001001100000,3.040579940606411783e-14,1330,False,False
101,101001100000,9.093190068112249442e-14,690,False,False
102,011001100000,6.050043278862476966e-14,1043,False,False
103,111001100000,3.032413187742161565e-14,1456,False,False
104,000101100000,3.061114729753294810e-14,1173,False,False
105,100101100000,7.236847967133184823e-11,216,False,False
106,010101100000,1.812402224827397238e-13,447,False,False
107,110101100000,1.207332573760257037e-13,670,False,False
108,001101100000,0.000000000000000000e+00,3955,False,False
109,101101100000,0.000000000000000000e+00,3954,False,False
110,011101100000,9.074338502838150161e-14,746,False,False
111,111101100000,0.000000000000000000e+00,3953,False,False
112,000011100000,0.000000000000000000e+00,3952,False,False
113,100011100000,0.000000000000000000e+00,3951,False,False
114,010011100000,7.227770790731159787e-11,265,False,False
115,110011100000,0.000000000000000000e+00,3950,False,False
116,001011100000,0.000000000000000000e+00,3949,False,False
117,101011100000,3.032939025795817035e-14,1443,False,False
118,011011100000,1.809765445143911481e-13,474,False,False
119,111011100000,0.000000000000000000e+00,3948,False,False
120,000111100000,0.000000000000000000e+00,3947,False,False
121,100111100000,0.000000000000000000e+00,3946,False,False
122,010111100000,3.028068247535924013e-14,1511,False,False
123,110111100000,6.042586678421205385e-14,1103,False,False
124,001111100000,3.036167237764393886e-14,1396,False,False
125,101111100000,0.000000000000000000e+00,3945,False,False
126,011111100000,0.000000000000000000e+00,3944,False,False
127,111111100000,0.000000000000000000e+00,3943,False,False
128,000000010000,6.038160423052032051e-14,1130,False,False
129,100000010000,0.000000000000000000e+00,3905,False,False
130,010000010000,0.000000000000000000e+00,3904,False,False
131,110000010000,0.000000000000000000e+00,3903,False,False
132,001000010000,0.000000000000000000e+00,3902,False,False
133,101000010000,0.000000000000000000e+00,3901,False,False
134,011000010000,0.000000000000000000e+00,3900,False,False
135,111000010000,3.031036250983104343e-14,1475,False,False
136,000100010000,0.000000000000000000e+00,3899,False,False
137,100100010000,0.000000000000000000e+00,3898,False,False
138,010100010000,0.000000000000000000e+00,3897,False,False
139,110100010000,0.000000000000000000e+00,3896,False,False
140,001100010000,0.000000000000000000e+00,3895,False,False
141,101100010000,0.000000000000000000e+00,3894,False,False
142,011100010000,0.000000000000000000e+00,3893,False,False
143,111100010000,0.000000000000000000e+00,3892,False,False
144,000010010000,6.046367833497749844e-14,1073,False,False
145,100010010000,2.714039117145472985e-13,346,False,False
146,010010010000,0.000000000000000000e+00,3862,False,False
147,110010010000,0.000000000000000000e+00,3861,False,False
148,001010010000,0.000000000000000000e+00,3860,False,False
149,101010010000,0.000000000000000000e+00,3859,False,False
150,011010010000,0.000000000000000000e+00,3858,False,False
151,111010010000,0.000000000000000000e+00,3857,False,False
152,000110010000,0.000000000000000000e+00,3856,False,False
153,100110010000,0.000000000000000000e+00,3855,False,False
154,010110010000,3.049318610116648104e-14,1229,False,False
155,110110010000,0.000000000000000000e+00,3854,False,False
156,001110010000,3.037750172936223354e-14,1375,False,False
157,101110010000,0.000000000000000000e+00,3853,False,False
158,011110010000,0.000000000000000000e+00,3852,False,False
159,111110010000,0.000000000000000000e+00,3851,False,False
160,000001010000,0.000000000000000000e+00,3841,False,False
161,100001010000,0.000000000000000000e+00,3840,False,False
162,010001010000,3.040514888476062652e-14,1332,False,False
163,110001010000,0.000000000000000000e+00,3839,False,False
164,001001010000,0.000000000000000000e+00,3838,False,False
165,101001010000,6.049265363803718617e-14,1049,False,False
166,011001010000,6.054900504595214550e-14,1000,False,False
167,111001010000,6.029511200221025153e-14,1154,False,False
168,000101010000,0.000000000000000000e+00,3837,False,False
169,100101010000,7.227778718959546087e-11,262,False,False
170,010101010000,1.509545526773870251e-13,527,False,False
171,110101010000,0.000000000000000000e+00,3836,False,False
172,001101010000,0.000000000000000000e+00,3835,False,False
173,101101010000,0.000000000000000000e+00,3834,False,False
174,011101010000,0.000000000000000000e+00,3833,False,False
175,111101010000,1.209622950849633675e-13,599,False,False
176,000011010000,3.616889391072279997e-10,27,False,False
177,100011010000,9.069088253817887844e-14,782,False,False
178,010011010000,3.041208777866453375e-14,1320,False,False
179,110011010000,0.000000000000000000e+00,3794,False,False
180,001011010000,0.000000000000000000e+00,3793,False,False
181,101011010000,3.051115675217543458e-14,1214,False,False
182,011011010000,1.510673097033255680e-13,488,False,False
183,111011010000,6.032736701684170791e-14,1149,False,False
184,000111010000,0.000000000000000000e+00,3792,False,False
185,100111010000,7.227779927844968408e-11,260,False,False
186,010111010000,0.000000000000000000e+00,3791,False,False
187,110111010000,1.509568023968949578e-13,526,False,False
188,001111010000,9.052296672671512283e-14,874,False,False
189,101111010000,1.509067122565261022e-13,548,False,False
190,011111010000,7.245866103305905868e-11,191,False,False
191,111111010000,6.046993960252360223e-14,1070,False,False
192,000000110000,0.000000000000000000e+00,3781,False,False
193,100000110000,0.000000000000000000e+00,3780,False,False
194,010000110000,6.063097073019207488e-14,952,False,False
195,110000110000,0.000000000000000000e+00,3779,False,False
196,001000110000,0.000000000000000000e+00,3778,False,False
197,101000110000,7.230787103516640670e-11,244,False,False
198,011000110000,0.000000000000000000e+00,3777,False,False
199,111000110000,0.000000000000000000e+00,3776,False,False
200,000100110000,6.054770400334516290e-14,1004,False,False
201,100100110000,0.000000000000000000e+00,3775,False,False
202,010100110000,0.000000000000000000e+00,3774,False,False
203,110100110000,0.000000000000000000e+00,3773,False,False
204,001100110000,6.041694922134336058e-14,1110,False,False
205,101100110000,0.000000000000000000e+00,3772,False,False
206,011100110000,0.000000000000000000e+00,3771,False,False
207,111100110000,0.000000000000000000e+00,3770,False,False
208,000010110000,3.035039667505008331e-14,1415,False,False
209,100010110000,6.051965027213208785e-14,1028,False,False
210,010010110000,0.000000000000000000e+00,3761,False,False
211,110010110000,0.000000000000000000e+00,3760,False,False
212,001010110000,0.000000000000000000e+00,3759,False,False
213,101010110000,7.245863341300871461e-11,193,False,False
214,011010110000,0.000000000000000000e+00,3758,False,False
215,111010110000,3.024471406828702089e-14,1544,False,False
216,000110110000,0.000000000000000000e+00,3757,False,False
217,100110110000,0.000000000000000000e+00,3756,False,False
218,010110110000,0.000000000000000000e+00,3755,False,False
219,110110110000,0.000000000000000000e+00,3754,False,False
220,001110110000,0.000000000000000000e+00,3753,False,False
221,101110110000,0.000000000000000000e+00,3752,False,False
222,011110110000,6.059085524981009860e-14,973,False,False
223,111110110000,0.000000000000000000e+00,3751,False,False
224,000001110000,0.000000000000000000e+00,3730,False,False
225,100001110000,0.000000000000000000e+00,3729,False,False
226,010001110000,7.233807368219040264e-11,238,False,False
227,110001110000,0.000000000000000000e+00,3728,False,False
228,001001110000,0.000000000000000000e+00,3727,False,False
229,101001110000,3.033546179012409548e-14,1431,False,False
230,011001110000,3.035050509526733186e-14,1414,False,False
231,111001110000,0.000000000000000000e+00,3726,False,False
232,000101110000,0.000000000000000000e+00,3725,False,False
233,100101110000,6.043551618354717484e-14,1093,False,False
234,010101110000,0.000000000000000000e+00,3724,False,False
235,110101110000,0.000000000000000000e+00,3723,False,False
236,001101110000,0.000000000000000000e+00,3722,False,False
237,101101110000,0.000000000000000000e+00,3721,False,False
238,011101110000,0.000000000000000000e+00,3720,False,False
239,111101110000,0.000000000000000000e+00,3719,False,False
240,000011110000,0.000000000000000000e+00,3697,False,False
241,100011110000,1.449167449181966490e-10,74,False,False
242,010011110000,1.736107744729613662e-07,15,False,False
243,110011110000,7.251864817743417720e-11,169,False,False
244,001011110000,3.054728778957352664e-14,1192,False,False
245,101011110000,0.000000000000000000e+00,3696,False,False
246,011011110000,0.000000000000000000e+00,3695,False,False
247,111011110000,0.000000000000000000e+00,3694,False,False
248,000111110000,0.000000000000000000e+00,3693,False,False
249,100111110000,0.000000000000000000e+00,3692,False,False
250,010111110000,0.000000000000000000e+00,3691,False,False
251,110111110000,0.000000000000000000e+00,3690,False,False
252,001111110000,3.043236235929001899e-14,1297,False,False
253,101111110000,0.000000000000000000e+00,3689,False,False
254,011111110000,6.066978516796708118e-14,939,False,False
255,111111110000,2.713729577425228373e-13,351,False,False
256,000000001000,9.061371444855218479e-14,823,False,False
257,100000001000,1.209681497766947892e-13,597,False,False
258,010000001000,9.086459883126543149e-14,705,False,False
259,110000001000,1.810494300054365114e-13,464,False,False
260,001000001000,0.000000000000000000e+00,3680,False,False
261,101000001000,0.000000000000000000e+00,3679,False,False
262,011000001000,0.000000000000000000e+00,3678,False,False
263,111000001000,0.000000000000000000e+00,3677,False,False
264,000100001000,0.000000000000000000e+00,3676,False,False
265,100100001000,0.000000000000000000e+00,3675,False,False
266,010100001000,0.000000000000000000e+00,3674,False,False
267,110100001000,0.000000000000000000e+00,3673,False,False
268,001100001000,0.000000000000000000e+00,3672,False,False
269,101100001000,9.076715616101325892e-14,737,False,False
270,011100001000,6.071532165921148499e-14,919,False,False
271,111100001000,2.172241613202870912e-10,44,False,False
272,000010001000,2.110745389236865050e-13,434,False,False
273,100010001000,0.000000000000000000e+00,3653,False,False
274,010010001000,0.000000000000000000e+00,3652,False,False
275,110010001000,0.000000000000000000e+00,3651,False,False
276,001010001000,0.000000000000000000e+00,3650,False,False
277,101010001000,0.000000000000000000e+00,3649,False,False
278,011010001000,0.000000000000000000e+00,3648,False,False
279,111010001000,3.049489371958814571e-14,1227,False,False
280,000110001000,1.448264207128332136e-10,93,False,False
281,100110001000,0.000000000000000000e+00,3647,False,False
282,010110001000,0.000000000000000000e+00,3646,False,False
283,110110001000,6.053173912635530122e-14,1017,False,False
284,001110001000,0.000000000000000000e+00,3645,False,False
285,101110001000,0.000000000000000000e+00,3644,False,False
286,011110001000,6.072529631919835163e-14,914,False,False
287,111110001000,0.000000000000000000e+00,3643,False,False
288,000001001000,9.068960860062620797e-14,783,False,False
289,100001001000,0.000000000000000000e+00,3621,False,False
290,010001001000,1.810450660916922573e-13,465,False,False
291,110001001000,3.315189648409619694e-13,295,False,False
292,001001001000,0.000000000000000000e+00,3620,False,False
293,101001001000,7.245865189865575549e-11,192,False,False
294,011001001000,0.000000000000000000e+00,3619,False,False
295,111001001000,6.048457633185216916e-14,1058,False,False
296,000101001000,0.000000000000000000e+00,3618,False,False
297,100101001000,1.736108046357639603e-07,10,False,False
298,010101001000,0.000000000000000000e+00,3617,False,False
299,110101001000,1.812400869574681631e-13,448,False,False
300,001101001000,9.047081660221854482e-14,886,False,False
301,101101001000,0.000000000000000000e+00,3616,False,False
302,011101001000,0.000000000000000000e+00,3615,False,False
303,111101001000,0.000000000000000000e+00,3614,False,False
304,000011001000,0.000000000000000000e+00,3606,False,False
305,100011001000,0.000000000000000000e+00,3605,False,False
306,010011001000,1.810923373064126252e-13,459,False,False
307,110011001000,1.207315768626583512e-13,671,False,False
308,001011001000,0.000000000000000000e+00,3604,False,False
309,101011001000,0.000000000000000000e+00,3603,False,False
310,011011001000,1.508075348627979402e-13,574,False,False
311,111011001000,3.030456202820824598e-14,1482,False,False
312,000111001000,0.000000000000000000e+00,3602,False,False
313,100111001000,1.735384969607796530e-07,21,False,False
314,010111001000,0.000000000000000000e+00,3601,False,False
315,110111001000,0.000000000000000000e+00,3600,False,False
316,001111001000,9.042755693553636057e-14,889,False,False
317,101111001000,0.000000000000000000e+00,3599,False,False
318,011111001000,6.058738580285814498e-14,976,False,False
319,111111001000,9.060561003731285565e-14,831,False,False
320,000000101000,0.000000000000000000e+00,3590,False,False
321,100000101000,1.208898703798413106e-13,611,False,False
322,010000101000,7.251887697119762596e-11,157,False,False
323,110000101000,7.260914344279538945e-11,128,False,False
324,001000101000,6.039548201832813497e-14,1123,False,False
325,101000101000,1.736108046225909039e-07,11,False,False
326,011000101000,9.070240218626153692e-14,774,False,False
327,111000101000,0.000000000000000000e+00,3589,False,False
328,000100101000,9.071671365493835820e-14,757,False,False
329,100100101000,0.000000000000000000e+00,3588,False,False
330,010100101000,0.000000000000000000e+00,3587,False,False
331,110100101000,6.049135259543020356e-14,1051,False,False
332,001100101000,1.450069929583574932e-10,58,False,False
333,101100101000,2.894716146743956983e-10,33,False,False
334,011100101000,0.000000000000000000e+00,3586,False,False
335,111100101000,9.061515101643072809e-14,819,False,False
336,000010101000,0.000000000000000000e+00,3585,False,False
337,100010101000,3.014159831016731792e-13,320,False,False
338,010010101000,3.044808329079106512e-14,1280,False,False
339,110010101000,0.000000000000000000e+00,3584,False,False
340,001010101000,0.000000000000000000e+00,3583,False,False
341,101010101000,7.233806931827665838e-11,239,False,False
342,011010101000,1.509254960591644136e-13,537,False,False
343,111010101000,1.509975683985804127e-13,507,False,False
344,000110101000,0.000000000000000000e+00,3582,False,False
345,100110101000,2.112246738195214857e-13,413,False,False
346,010110101000,0.000000000000000000e+00,3581,False,False
347,110110101000,0.000000000000000000e+00,3580,False,False
348,001110101000,0.000000000000000000e+00,3579,False,False
349,101110101000,0.000000000000000000e+00,3578,False,False
350,011110101000,6.043819958392407646e-14,1092,False,False
351,111110101000,2.412109954050507852e-13,389,False,False
352,000001101000,0.000000000000000000e+00,3553,False,False
353,100001101000,1.811148616065460368e-13,458,False,False
354,010001101000,7.236817590498817210e-11,222,False,False
355,110001101000,0.000000000000000000e+00,3552,False,False
356,001001101000,0.000000000000000000e+00,3551,False,False
357,101001101000,2.112279264260389423e-13,410,False,False
358,011001101000,2.713838268693020045e-13,349,False,False
359,111001101000,1.448865381783094649e-10,80,False,False
360,000101101000,1.509775377634437430e-13,517,False,False
361,100101101000,2.715260470892778411e-13,329,False,False
362,010101101000,0.000000000000000000e+00,3550,False,False
363,110101101000,0.000000000000000000e+00,3549,False,False
364,001101101000,0.000000000000000000e+00,3548,False,False
365,101101101000,1.447963259439253929e-10,100,False,False
366,011101101000,0.000000000000000000e+00,3547,False,False
367,111101101000,9.070877187402488926e-14,764,False,False
368,000011101000,3.051237647961948078e-14,1211,False,False
369,100011101000,0.000000000000000000e+00,3524,False,False
370,010011101000,7.227775778061153220e-11,264,False,False
371,110011101000,0.000000000000000000e+00,3523,False,False
372,001011101000,0.000000000000000000e+00,3522,False,False
373,101011101000,0.000000000000000000e+00,3521,False,False
374,011011101000,0.000000000000000000e+00,3520,False,False
375,111011101000,3.056086742178391389e-14,1186,False,False
376,000111101000,3.039137951717005431e-14,1356,False,False
377,100111101000,0.000000000000000000e+00,3519,False,False
378,010111101000,3.039040373521481735e-14,1358,False,False
379,110111101000,0.000000000000000000e+00,3518,False,False
380,001111101000,3.030963067336461572e-14,1477,False,False
381,101111101000,9.057080714757605833e-14,847,False,False
382,011111101000,6.074958244786203955e-14,907,False,False
383,111111101000,0.000000000000000000e+00,3517,False,False
384,000000011000,1.206821101385387000e-13,677,False,False
385,100000011000,0.000000000000000000e+00,3506,False,False
386,010000011000,7.251903830048089180e-11,155,False,False
387,110000011000,0.000000000000000000e+00,3505,False,False
388,001000011000,0.000000000000000000e+00,3504,False,False
389,101000011000,3.031361511634849995e-14,1471,False,False
390,011000011000,0.000000000000000000e+00,3503,False,False
391,111000011000,0.000000000000000000e+00,3502,False,False
392,000100011000,0.000000000000000000e+00,3501,False,False
393,100100011000,0.000000000000000000e+00,3500,False,False
394,010100011000,0.000000000000000000e+00,3499,False,False
395,110100011000,0.000000000000000000e+00,3498,False,False
396,001100011000,0.000000000000000000e+00,3497,False,False
397,101100011000,3.039081031102949942e-14,1357,False,False
398,011100011000,1.447060735127457502e-10,103,False,False
399,111100011000,0.000000000000000000e+00,3496,False,False
400,000010011000,6.053978932748601871e-14,1008,False,False
401,100010011000,0.000000000000000000e+00,3479,False,False
402,010010011000,7.251870002940307632e-11,167,False,False
403,110010011000,0.000000000000000000e+00,3478,False,False
404,001010011000,0.000000000000000000e+00,3477,False,False
405,101010011000,9.107506957799925577e-14,684,False,False
406,011010011000,0.000000000000000000e+00,3476,False,False
407,111010011000,9.060983842578554911e-14,828,False,False
408,000110011000,1.508989331059385187e-13,553,False,False
409,100110011000,6.087852119122492866e-14,895,False,False
410,010110011000,0.000000000000000000e+00,3475,False,False
411,110110011000,6.030205089611415876e-14,1152,False,False
412,001110011000,0.000000000000000000e+00,3474,False,False
413,101110011000,0.000000000000000000e+00,3473,False,False
414,011110011000,0.000000000000000000e+00,3472,False,False
415,111110011000,0.000000000000000000e+00,3471,False,False
416,000001011000,0.000000000000000000e+00,3456,False,False
417,100001011000,0.000000000000000000e+00,3455,False,False
418,010001011000,0.000000000000000000e+00,3454,False,False
419,110001011000,3.042252322457471304e-14,1311,False,False
420,001001011000,0.000000000000000000e+00,3453,False,False
421,101001011000,0.000000000000000000e+00,3452,False,False
422,011001011000,9.068028446194282001e-14,789,False,False
423,111001011000,0.000000000000000000e+00,3451,False,False
424,000101011000,9.050681211434507619e-14,879,False,False
425,100101011000,6.079167659720880188e-14,902,False,False
426,010101011000,0.000000000000000000e+00,3450,False,False
427,110101011000,7.254887177666515642e-11,144,False,False
428,001101011000,0.000000000000000000e+00,3449,False,False
429,101101011000,3.031833139579881820e-14,1462,False,False
430,011101011000,9.070869055886195285e-14,765,False,False
431,111101011000,3.031648825210558653e-14,1466,False,False
432,000011011000,9.081678551545880813e-14,721,False,False
433,100011011000,1.811568202306212259e-13,456,False,False
434,010011011000,0.000000000000000000e+00,3428,False,False
435,110011011000,9.072622752900191850e-14,752,False,False
436,001011011000,0.000000000000000000e+00,3427,False,False
437,101011011000,0.000000000000000000e+00,3426,False,False
438,011011011000,0.000000000000000000e+00,3425,False,False
439,111011011000,0.000000000000000000e+00,3424,False,False
440,000111011000,0.000000000000000000e+00,3423,False,False
441,100111011000,7.242853503912867040e-11,205,False,False
442,010111011000,3.048668088813156801e-14,1240,False,False
443,110111011000,0.000000000000000000e+00,3422,False,False
444,001111011000,0.000000000000000000e+00,3421,False,False
445,101111011000,3.053186501366991403e-14,1199,False,False
446,011111011000,0.000000000000000000e+00,3420,False,False
447,111111011000,0.000000000000000000e+00,3419,False,False
448,000000111000,3.052311008112709358e-14,1202,False,False
449,100000111000,6.041269372781635497e-14,1115,False,False
450,010000111000,0.000000000000000000e+00,3413,False,False
451,110000111000,0.000000000000000000e+00,3412,False,False
452,001000111000,0.000000000000000000e+00,3411,False,False
453,101000111000,9.094263428263010092e-14,688,False,False
454,011000111000,0.000000000000000000e+00,3410,False,False
455,111000111000,0.000000000000000000e+00,3409,False,False
456,000100111000,0.000000000000000000e+00,3408,False,False
457,100100111000,0.000000000000000000e+00,3407,False,False
458,010100111000,0.000000000000000000e+00,3406,False,False
459,110100111000,0.000000000000000000e+00,3405,False,False
460,001100111000,3.031559378531328599e-14,1468,False,False
461,101100111000,0.000000000000000000e+00,3404,False,False
462,011100111000,0.000000000000000000e+00,3403,False,False
463,111100111000,9.062431252478824322e-14,814,False,False
464,000010111000,0.000000000000000000e+00,3381,False,False
465,100010111000,0.000000000000000000e+00,3380,False,False
466,010010111000,0.000000000000000000e+00,3379,False,False
467,110010111000,3.024731615350098611e-14,1541,False,False
468,001010111000,6.042204497155404245e-14,1107,False,False
469,101010111000,7.230790253123951741e-11,242,False,False
470,011010111000,3.617572821164313132e-13,276,False,False
471,111010111000,0.000000000000000000e+00,3378,False,False
472,000110111000,0.000000000000000000e+00,3377,False,False
473,100110111000,1.208186382971089877e-13,629,False,False
474,010110111000,0.000000000000000000e+00,3376,False,False
475,110110111000,0.000000000000000000e+00,3375,False,False
476,001110111000,3.033998833419422246e-14,1425,False,False
477,101110111000,0.000000000000000000e+00,3374,False,False
478,011110111000,0.000000000000000000e+00,3373,False,False
479,111110111000,6.052485444256001827e-14,1023,False,False
480,000001111000,0.000000000000000000e+00,3365,False,False
481,100001111000,0.000000000000000000e+00,3364,False,False
482,010001111000,0.000000000000000000e+00,3363,False,False
483,110001111000,0.000000000000000000e+00,3362,False,False
484,001001111000,0.000000000000000000e+00,3361,False,False
485,101001111000,3.050698257381136539e-14,1218,False,False
486,011001111000,0.000000000000000000e+00,3360,False,False
487,111001111000,1.208143014884190457e-13,634,False,False
488,000101111000,0.000000000000000000e+00,3359,False,False
489,100101111000,7.245878162344569338e-11,184,False,False
490,010101111000,0.000000000000000000e+00,3358,False,False
491,110101111000,3.023300468482417114e-14,1553,False,False
492,001101111000,9.064819207763723646e-14,801,False,False
493,101101111000,3.042404110761619275e-14,1307,False,False
494,011101111000,0.000000000000000000e+00,3357,False,False
495,111101111000,9.067575791787269303e-14,791,False,False
496,000011111000,1.450972097463906896e-10,55,False,False
497,100011111000,0.000000000000000000e+00,3347,False,False
498,010011111000,1.735385570360696647e-07,17,False,False
499,110011111000,7.266929199776893675e-11,121,False,False
500,001011111000,0.000000000000000000e+00,3346,False,False
501,101011111000,3.042648056250428513e-14,1304,False,False
502,011011111000,0.000000000000000000e+00,3345,False,False
503,111011111000,1.510248902933270727e-13,498,False,False
504,000111111000,1.507850918778274903e-13,576,False,False
505,100111111000,0.000000000000000000e+00,3344,False,False
506,010111111000,0.000000000000000000e+00,3343,False,False
507,110111111000,3.017960772782924111e-14,1577,False,False
508,001111111000,0.000000000000000000e+00,3342,False,False
509,101111111000,3.048264223503905320e-14,1243,False,False
510,011111111000,0.000000000000000000e+00,3341,False,False
511,111111111000,0.000000000000000000e+00,3340,False,False
512,000000000100,3.056756237019901820e-14,1183,False,False
513,100000000100,0.000000000000000000e+00,3329,False,False
514,010000000100,0.000000000000000000e+00,3328,False,False
515,110000000100,1.509854253342485751e-13,514,False,False
516,001000000100,3.033033893485909516e-14,1441,False,False
517,101000000100,0.000000000000000000e+00,3327,False,False
518,011000000100,0.000000000000000000e+00,3326,False,False
519,111000000100,6.047590271447228512e-14,1063,False,False
520,000100000100,0.000000000000000000e+00,3325,False,False
521,100100000100,9.079550804782376748e-14,727,False,False
522,010100000100,0.000000000000000000e+00,3324,False,False
523,110100000100,9.065011653649341085e-14,799,False,False
524,001100000100,0.000000000000000000e+00,3323,False,False
525,101100000100,0.000000000000000000e+00,3322,False,False
526,011100000100,1.211392097744587402e-13,583,False,False
527,111100000100,0.000000000000000000e+00,3321,False,False
528,000010000100,1.738278174402190744e-07,7,False,False
529,100010000100,0.000000000000000000e+00,3300,False,False
530,010010000100,0.000000000000000000e+00,3299,False,False
531,110010000100,0.000000000000000000e+00,3298,False,False
532,001010000100,2.412988428860764737e-13,379,False,False
533,101010000100,3.046296396560843498e-14,1265,False,False
534,011010000100,1.207911808770907670e-13,647,False,False
535,111010000100,0.000000000000000000e+00,3297,False,False
536,000110000100,0.000000000000000000e+00,3296,False,False
537,100110000100,0.000000000000000000e+00,3295,False,False
538,010110000100,6.067737458317447971e-14,933,False,False
539,110110000100,0.000000000000000000e+00,3294,False,False
540,001110000100,6.047300247366088640e-14,1066,False,False
541,101110000100,2.713965391397743971e-13,347,False,False
542,011110000100,9.101617029497896812e-14,686,False,False
543,111110000100,3.032949867817541890e-14,1442,False,False
544,000001000100,6.053252517293035321e-14,1014,False,False
545,100001000100,0.000000000000000000e+00,3269,False,False
546,010001000100,1.508439640557934784e-13,569,False,False
547,110001000100,0.000000000000000000e+00,3268,False,False
548,001001000100,0.000000000000000000e+00,3267,False,False
549,101001000100,0.000000000000000000e+00,3266,False,False
550,011001000100,0.000000000000000000e+00,3265,False,False
551,111001000100,3.014401066000109816e-13,319,False,False
552,000101000100,0.000000000000000000e+00,3264,False,False
553,100101000100,1.736108045625261036e-07,13,False,False
554,010101000100,0.000000000000000000e+00,3263,False,False
555,110101000100,0.000000000000000000e+00,3262,False,False
556,001101000100,6.049783070341080445e-14,1045,False,False
557,101101000100,0.000000000000000000e+00,3261,False,False
558,011101000100,6.052970624728189090e-14,1020,False,False
559,111101000100,0.000000000000000000e+00,3260,False,False
560,000011000100,7.248877463997963924e-11,175,False,False
561,100011000100,7.254878140841407975e-11,153,False,False
562,010011000100,1.509337359956753034e-13,535,False,False
563,110011000100,0.000000000000000000e+00,3239,False,False
564,001011000100,0.000000000000000000e+00,3238,False,False
565,101011000100,7.254898946681097972e-11,139,False,False
566,011011000100,0.000000000000000000e+00,3237,False,False
567,111011000100,0.000000000000000000e+00,3236,False,False
568,000111000100,0.000000000000000000e+00,3235,False,False
569,100111000100,1.735385270096054937e-07,18,False,False
570,010111000100,0.000000000000000000e+00,3234,False,False
571,110111000100,1.510529711295944472e-13,492,False,False
572,001111000100,6.065861788559046787e-14,944,False,False
573,101111000100,3.015289569680462192e-13,308,False,False
574,011111000100,3.050120919724288008e-14,1223,False,False
575,111111000100,0.000000000000000000e+00,3233,False,False
576,000000100100,0.000000000000000000e+00,3232,False,False
577,100000100100,0.000000000000000000e+00,3231,False,False
578,010000100100,0.000000000000000000e+00,3230,False,False
579,110000100100,1.208392923484948365e-13,620,False,False
580,001000100100,2.715150153321728010e-13,332,False,False
581,101000100100,7.233817058275956853e-11,234,False,False
582,011000100100,1.207556190458332425e-13,657,False,False
583,111000100100,0.000000000000000000e+00,3229,False,False
584,000100100100,0.000000000000000000e+00,3228,False,False
585,100100100100,1.210649148205891457e-13,586,False,False
586,010100100100,1.812979020383159526e-13,443,False,False
587,110100100100,3.028488375877762146e-14,1502,False,False
588,001100100100,0.000000000000000000e+00,3227,False,False
589,101100100100,2.112525378153543884e-13,404,False,False
590,011100100100,6.069970914792768111e-14,926,False,False
591,111100100100,0.000000000000000000e+00,3226,False,False
592,000010100100,0.000000000000000000e+00,3205,False,False
593,100010100100,0.000000000000000000e+00,3204,False,False
594,010010100100,6.067433881709152030e-14,935,False,False
595,110010100100,0.000000000000000000e+00,3203,False,False
596,001010100100,0.000000000000000000e+00,3202,False,False
597,101010100100,1.735385269972997991e-07,19,False,False
598,011010100100,0.000000000000000000e+00,3201,False,False
599,111010100100,0.000000000000000000e+00,3200,False,False
600,000110100100,0.000000000000000000e+00,3199,False,False
601,100110100100,0.000000000000000000e+00,3198,False,False
602,010110100100,0.000000000000000000e+00,3197,False,False
603,110110100100,0.000000000000000000e+00,3196,False,False
604,001110100100,6.045608891977009991e-14,1077,False,False
605,101110100100,0.000000000000000000e+00,3195,False,False
606,011110100100,3.066600792746073986e-14,1163,False,False
607,111110100100,0.000000000000000000e+00,3194,False,False
608,000001100100,3.015645459043580559e-13,306,False,False
609,100001100100,0.000000000000000000e+00,3191,False,False
610,010001100100,7.230790293781533209e-11,241,False,False
611,110001100100,0.000000000000000000e+00,3190,False,False
612,001001100100,0.000000000000000000e+00,3189,False,False
613,101001100100,0.000000000000000000e+00,3188,False,False
614,011001100100,9.083207276609085374e-14,715,False,False
615,111001100100,3.050915097815633640e-14,1215,False,False
616,000101100100,0.000000000000000000e+00,3187,False,False
617,100101100100,0.000000000000000000e+00,3186,False,False
618,010101100100,0.000000000000000000e+00,3185,False,False
619,110101100100,0.000000000000000000e+00,3184,False,False
620,001101100100,0.000000000000000000e+00,3183,False,False
621,101101100100,0.000000000000000000e+00,3182,False,False
622,011101100100,7.251883121786594707e-11,159,False,False
623,111101100100,0.000000000000000000e+00,3181,False,False
624,000011100100,6.059313207437231815e-14,971,False,False
625,100011100100,0.000000000000000000e+00,3159,False,False
626,010011100100,7.254898960233625128e-11,138,False,False
627,110011100100,0.000000000000000000e+00,3158,False,False
628,001011100100,7.248868920484844739e-11,176,False,False
629,101011100100,1.210491938890881059e-13,589,False,False
630,011011100100,0.000000000000000000e+00,3157,False,False
631,111011100100,2.170739104690297619e-10,50,False,False
632,000111100100,0.000000000000000000e+00,3156,False,False
633,100111100100,6.066379495096408615e-14,943,False,False
634,010111100100,3.038780165000085214e-14,1364,False,False
635,110111100100,3.028423323747413015e-14,1503,False,False
636,001111100100,0.000000000000000000e+00,3155,False,False
637,101111100100,0.000000000000000000e+00,3154,False,False
638,011111100100,3.044830013122556222e-14,1279,False,False
639,111111100100,2.714368172504822840e-13,339,False,False
640,000000010100,6.051561161903957934e-14,1032,False,False
641,100000010100,0.000000000000000000e+00,3153,False,False
642,010000010100,7.275964488027983441e-11,110,False,False
643,110000010100,1.449166464184292787e-10,78,False,False
644,001000010100,3.028328456057320534e-14,1504,False,False
645,101000010100,3.618092476284029597e-10,24,False,False
646,011000010100,0.000000000000000000e+00,3152,False,False
647,111000010100,0.000000000000000000e+00,3151,False,False
648,000100010100,0.000000000000000000e+00,3150,False,False
649,100100010100,3.317862748865883715e-13,281,False,False
650,010100010100,1.509762367208367604e-13,518,False,False
651,110100010100,9.053112534806307625e-14,871,False,False
652,001100010100,0.000000000000000000e+00,3149,False,False
653,101100010100,2.714511829292677170e-13,338,False,False
654,011100010100,0.000000000000000000e+00,3148,False,False
655,111100010100,0.000000000000000000e+00,3147,False,False
656,000010010100,1.206917595378738210e-13,676,False,False
657,100010010100,3.039861656667139505e-14,1341,False,False
658,010010010100,0.000000000000000000e+00,3137,False,False
659,110010010100,0.000000000000000000e+00,3136,False,False
660,001010010100,0.000000000000000000e+00,3135,False,False
661,101010010100,3.024704510295786473e-14,1542,False,False
662,011010010100,0.000000000000000000e+00,3134,False,False
663,111010010100,3.028542585986387052e-14,1500,False,False
664,000110010100,0.000000000000000000e+00,3133,False,False
665,100110010100,1.449168988749051420e-10,69,False,False
666,010110010100,0.000000000000000000e+00,3132,False,False
667,110110010100,0.000000000000000000e+00,3131,False,False
668,001110010100,0.000000000000000000e+00,3130,False,False
669,101110010100,9.069337620317559510e-14,779,False,False
670,011110010100,1.447060661401709773e-10,104,False,False
671,111110010100,0.000000000000000000e+00,3129,False,False
672,000001010100,0.000000000000000000e+00,3125,False,False
673,100001010100,3.040241127427510062e-14,1334,False,False
674,010001010100,0.000000000000000000e+00,3124,False,False
675,110001010100,3.040523019992356294e-14,1331,False,False
676,001001010100,0.000000000000000000e+00,3123,False,False
677,101001010100,0.000000000000000000e+00,3122,False,False
678,011001010100,2.712797434607433456e-13,362,False,False
679,111001010100,0.000000000000000000e+00,3121,False,False
680,000101010100,1.508532881944768537e-13,565,False,False
681,100101010100,7.245868594260397154e-11,189,False,False
682,010101010100,0.000000000000000000e+00,3120,False,False
683,110101010100,0.000000000000000000e+00,3119,False,False
684,001101010100,0.000000000000000000e+00,3118,False,False
685,101101010100,0.000000000000000000e+00,3117,False,False
686,011101010100,6.068409663664388984e-14,931,False,False
687,111101010100,0.000000000000000000e+00,3116,False,False
688,000011010100,0.000000000000000000e+00,3105,False,False
689,100011010100,1.509282336696499395e-13,536,False,False
690,010011010100,0.000000000000000000e+00,3104,False,False
691,110011010100,0.000000000000000000e+00,3103,False,False
692,001011010100,0.000000000000000000e+00,3102,False,False
693,101011010100,9.075924148515411473e-14,742,False,False
694,011011010100,0.000000000000000000e+00,3101,False,False
695,111011010100,0.000000000000000000e+00,3100,False,False
696,000111010100,9.069231910605742173e-14,780,False,False
697,100111010100,9.089899514518754674e-14,699,False,False
698,010111010100,0.000000000000000000e+00,3099,False,False
699,110111010100,2.714294988858179564e-13,341,False,False
700,001111010100,0.000000000000000000e+00,3098,False,False
701,101111010100,0.000000000000000000e+00,3097,False,False
702,011111010100,0.000000000000000000e+00,3096,False,False
703,111111010100,0.000000000000000000e+00,3095,False,False
704,000000110100,0.000000000000000000e+00,3090,False,False
705,100000110100,9.069364725371871647e-14,778,False,False
706,010000110100,0.000000000000000000e+00,3089,False,False
707,110000110100,3.049993525969020961e-14,1224,False,False
708,001000110100,0.000000000000000000e+00,3088,False,False
709,101000110100,7.227777613073330152e-11,263,False,False
710,011000110100,0.000000000000000000e+00,3087,False,False
711,111000110100,6.055748892795184457e-14,993,False,False
712,000100110100,0.000000000000000000e+00,3086,False,False
713,100100110100,3.035259218444937276e-14,1411,False,False
714,010100110100,0.000000000000000000e+00,3085,False,False
715,110100110100,6.036016413255940704e-14,1139,False,False
716,001100110100,0.000000000000000000e+00,3084,False,False
717,101100110100,1.509919847573921124e-13,510,False,False
718,011100110100,0.000000000000000000e+00,3083,False,False
719,111100110100,0.000000000000000000e+00,3082,False,False
720,000010110100,1.206761470265900045e-13,679,False,False
721,100010110100,0.000000000000000000e+00,3058,False,False
722,010010110100,0.000000000000000000e+00,3057,False,False
723,110010110100,0.000000000000000000e+00,3056,False,False
724,001010110100,0.000000000000000000e+00,3055,False,False
725,101010110100,6.074033962434160063e-14,909,False,False
726,011010110100,0.000000000000000000e+00,3054,False,False
727,111010110100,0.000000000000000000e+00,3053,False,False
728,000110110100,0.000000000000000000e+00,3052,False,False
729,100110110100,3.047982330939059088e-14,1247,False,False
730,010110110100,0.000000000000000000e+00,3051,False,False
731,110110110100,0.000000000000000000e+00,3050,False,False
732,001110110100,3.030702858815065051e-14,1480,False,False
733,101110110100,3.035524847977196225e-14,1407,False,False
734,011110110100,7.236849010677775840e-11,215,False,False
735,111110110100,0.000000000000000000e+00,3049,False,False
736,000001110100,0.000000000000000000e+00,3027,False,False
737,100001110100,0.000000000000000000e+00,3026,False,False
738,010001110100,1.736107745410492626e-07,14,False,False
739,110001110100,0.000000000000000000e+00,3025,False,False
740,001001110100,0.000000000000000000e+00,3024,False,False
741,101001110100,1.207514719725234854e-13,661,False,False
742,011001110100,0.000000000000000000e+00,3023,False,False
743,111001110100,1.509479119390805514e-13,531,False,False
744,000101110100,0.000000000000000000e+00,3022,False,False
745,100101110100,0.000000000000000000e+00,3021,False,False
746,010101110100,0.000000000000000000e+00,3020,False,False
747,110101110100,2.713656935879671845e-13,352,False,False
748,001101110100,3.040167943780867291e-14,1337,False,False
749,101101110100,0.000000000000000000e+00,3019,False,False
750,011101110100,0.000000000000000000e+00,3018,False,False
751,111101110100,0.000000000000000000e+00,3017,False,False
752,000011110100,0.000000000000000000e+00,2992,False,False
753,100011110100,0.000000000000000000e+00,2991,False,False
754,010011110100,0.000000000000000000e+00,2990,False,False
755,110011110100,0.000000000000000000e+00,2989,False,False
756,001011110100,0.000000000000000000e+00,2988,False,False
757,101011110100,0.000000000000000000e+00,2987,False,False
758,011011110100,0.000000000000000000e+00,2986,False,False
759,111011110100,1.207540198476288264e-13,658,False,False
760,000111110100,6.051550319882233079e-14,1033,False,False
761,100111110100,0.000000000000000000e+00,2985,False,False
762,010111110100,6.049175917124488562e-14,1050,False,False
763,110111110100,0.000000000000000000e+00,2984,False,False
764,001111110100,9.062227964571483290e-14,816,False,False
765,101111110100,9.064409921443610368e-14,803,False,False
766,011111110100,0.000000000000000000e+00,2983,False,False
767,111111110100,3.039812867569377657e-14,1342,False,False
768,000000001100,3.059011377538672300e-14,1176,False,False
769,100000001100,7.254884223215595619e-11,148,False,False
770,010000001100,6.088207195333981868e-14,894,False,False
771,110000001100,0.000000000000000000e+00,2963,False,False
772,001000001100,0.000000000000000000e+00,2962,False,False
773,101000001100,7.257906881294290974e-11,133,False,False
774,011000001100,1.447963678212343052e-10,98,False,False
775,111000001100,0.000000000000000000e+00,2961,False,False
776,000100001100,0.000000000000000000e+00,2960,False,False
777,100100001100,7.275973798614139660e-11,107,False,False
778,010100001100,0.000000000000000000e+00,2959,False,False
779,110100001100,9.055589936770438265e-14,859,False,False
780,001100001100,0.000000000000000000e+00,2958,False,False
781,101100001100,0.000000000000000000e+00,2957,False,False
782,011100001100,1.210698208354196426e-13,585,False,False
783,111100001100,3.043634680227390953e-14,1290,False,False
784,000010001100,6.062002028824997129e-14,957,False,False
785,100010001100,0.000000000000000000e+00,2931,False,False
786,010010001100,0.000000000000000000e+00,2930,False,False
787,110010001100,0.000000000000000000e+00,2929,False,False
788,001010001100,0.000000000000000000e+00,2928,False,False
789,101010001100,1.512769130883214039e-13,481,False,False
790,011010001100,0.000000000000000000e+00,2927,False,False
791,111010001100,0.000000000000000000e+00,2926,False,False
792,000110001100,0.000000000000000000e+00,2925,False,False
793,100110001100,0.000000000000000000e+00,2924,False,False
794,010110001100,0.000000000000000000e+00,2923,False,False
795,110110001100,0.000000000000000000e+00,2922,False,False
796,001110001100,0.000000000000000000e+00,2921,False,False
797,101110001100,0.000000000000000000e+00,2920,False,False
798,011110001100,1.808947956705856906e-13,477,False,False
799,111110001100,0.000000000000000000e+00,2919,False,False
800,000001001100,6.050303487383873487e-14,1042,False,False
801,100001001100,0.000000000000000000e+00,2882,False,False
802,010001001100,0.000000000000000000e+00,2881,False,False
803,110001001100,6.062622734568745080e-14,953,False,False
804,001001001100,0.000000000000000000e+00,2880,False,False
805,101001001100,6.067566696475281504e-14,934,False,False
806,011001001100,3.047106837684777044e-14,1258,False,False
807,111001001100,3.035790477509455173e-14,1402,False,False
808,000101001100,1.207816398979728946e-13,653,False,False
809,100101001100,7.233812304049430504e-11,236,False,False
810,010101001100,0.000000000000000000e+00,2879,False,False
811,110101001100,9.072920908497625364e-14,750,False,False
812,001101001100,0.000000000000000000e+00,2878,False,False
813,101101001100,1.509134885201041366e-13,544,False,False
814,011101001100,0.000000000000000000e+00,2877,False,False
815,111101001100,0.000000000000000000e+00,2876,False,False
816,000011001100,0.000000000000000000e+00,2866,False,False
817,100011001100,3.036240421411036658e-14,1394,False,False
818,010011001100,0.000000000000000000e+00,2865,False,False
819,110011001100,3.030971198852755213e-14,1476,False,False
820,001011001100,3.032611054638640169e-14,1451,False,False
821,101011001100,0.000000000000000000e+00,2864,False,False
822,011011001100,0.000000000000000000e+00,2863,False,False
823,111011001100,0.000000000000000000e+00,2862,False,False
824,000111001100,0.000000000000000000e+00,2861,False,False
825,100111001100,0.000000000000000000e+00,2860,False,False
826,010111001100,3.033749466919750580e-14,1428,False,False
827,110111001100,0.000000000000000000e+00,2859,False,False
828,001111001100,0.000000000000000000e+00,2858,False,False
829,101111001100,0.000000000000000000e+00,2857,False,False
830,011111001100,0.000000000000000000e+00,2856,False,False
831,111111001100,0.000000000000000000e+00,2855,False,False
832,000000101100,0.000000000000000000e+00,2806,False,False
833,100000101100,6.054756847807360221e-14,1005,False,False
834,010000101100,0.000000000000000000e+00,2805,False,False
835,110000101100,0.000000000000000000e+00,2804,False,False
836,001000101100,0.000000000000000000e+00,2803,False,False
837,101000101100,1.736108045774338834e-07,12,False,False
838,011000101100,0.000000000000000000e+00,2802,False,False
839,111000101100,0.000000000000000000e+00,2801,False,False
840,000100101100,1.207935661218702351e-13,645,False,False
841,100100101100,3.025907974707246014e-14,1530,False,False
842,010100101100,0.000000000000000000e+00,2800,False,False
843,110100101100,3.014710605720354428e-13,317,False,False
844,001100101100,0.000000000000000000e+00,2799,False,False
845,101100101100,3.027642698183223452e-14,1513,False,False
846,011100101100,0.000000000000000000e+00,2798,False,False
847,111100101100,3.013700129295597433e-13,322,False,False
848,000010101100,0.000000000000000000e+00,2787,False,False
849,100010101100,0.000000000000000000e+00,2786,False,False
850,010010101100,9.072235150623528282e-14,755,False,False
851,110010101100,0.000000000000000000e+00,2785,False,False
852,001010101100,0.000000000000000000e+00,2784,False,False
853,101010101100,0.000000000000000000e+00,2783,False,False
854,011010101100,0.000000000000000000e+00,2782,False,False
855,111010101100,0.000000000000000000e+00,2781,False,False
856,000110101100,0.000000000000000000e+00,2780,False,False
857,100110101100,0.000000000000000000e+00,2779,False,False
858,010110101100,0.000000000000000000e+00,2778,False,False
859,110110101100,0.000000000000000000e+00,2777,False,False
860,001110101100,9.054725285537879813e-14,863,False,False
861,101110101100,0.000000000000000000e+00,2776,False,False
862,011110101100,0.000000000000000000e+00,2775,False,False
863,111110101100,6.047628218523265505e-14,1062,False,False
864,000001101100,6.047050880866415712e-14,1069,False,False
865,100001101100,1.510058625451999268e-13,504,False,False
866,010001101100,7.230797622988219211e-11,240,False,False
867,110001101100,0.000000000000000000e+00,2757,False,False
868,001001101100,3.918582038715923809e-13,270,False,False
869,101001101100,3.024905087697696291e-14,1540,False,False
870,011001101100,0.000000000000000000e+00,2756,False,False
871,111001101100,0.000000000000000000e+00,2755,False,False
872,000101101100,0.000000000000000000e+00,2754,False,False
873,100101101100,0.000000000000000000e+00,2753,False,False
874,010101101100,3.043680758819721587e-14,1289,False,False
875,110101101100,0.000000000000000000e+00,2752,False,False
876,001101101100,0.000000000000000000e+00,2751,False,False
877,101101101100,9.077734766143462266e-14,734,False,False
878,011101101100,0.000000000000000000e+00,2750,False,False
879,111101101100,0.000000000000000000e+00,2749,False,False
880,000011101100,0.000000000000000000e+00,2741,False,False
881,100011101100,0.000000000000000000e+00,2740,False,False
882,010011101100,6.067217041274654929e-14,938,False,False
883,110011101100,0.000000000000000000e+00,2739,False,False
884,001011101100,0.000000000000000000e+00,2738,False,False
885,101011101100,0.000000000000000000e+00,2737,False,False
886,011011101100,1.510378194042339623e-13,496,False,False
887,111011101100,0.000000000000000000e+00,2736,False,False
888,000111101100,3.028838031078389352e-14,1496,False,False
889,100111101100,0.000000000000000000e+00,2735,False,False
890,010111101100,0.000000000000000000e+00,2734,False,False
891,110111101100,0.000000000000000000e+00,2733,False,False
892,001111101100,0.000000000000000000e+00,2732,False,False
893,101111101100,0.000000000000000000e+00,2731,False,False
894,011111101100,9.077417637008010256e-14,735,False,False
895,111111101100,0.000000000000000000e+00,2730,False,False
896,000000011100,6.058890368589962469e-14,974,False,False
897,100000011100,0.000000000000000000e+00,2708,False,False
898,010000011100,0.000000000000000000e+00,2707,False,False
899,110000011100,0.000000000000000000e+00,2706,False,False
900,001000011100,0.000000000000000000e+00,2705,False,False
901,101000011100,0.000000000000000000e+00,2704,False,False
902,011000011100,9.056362430818334187e-14,855,False,False
903,111000011100,0.000000000000000000e+00,2703,False,False
904,000100011100,0.000000000000000000e+00,2702,False,False
905,100100011100,6.080913225218583113e-14,898,False,False
906,010100011100,0.000000000000000000e+00,2701,False,False
907,110100011100,0.000000000000000000e+00,2700,False,False
908,001100011100,0.000000000000000000e+00,2699,False,False
909,101100011100,0.000000000000000000e+00,2698,False,False
910,011100011100,0.000000000000000000e+00,2697,False,False
911,111100011100,0.000000000000000000e+00,2696,False,False
912,000010011100,6.050943166665641197e-14,1037,False,False
913,100010011100,0.000000000000000000e+00,2689,False,False
914,010010011100,6.067347145535353190e-14,937,False,False
915,110010011100,0.000000000000000000e+00,2688,False,False
916,001010011100,0.000000000000000000e+00,2687,False,False
917,101010011100,0.000000000000000000e+00,2686,False,False
918,011010011100,0.000000000000000000e+00,2685,False,False
919,111010011100,0.000000000000000000e+00,2684,False,False
920,000110011100,0.000000000000000000e+00,2683,False,False
921,100110011100,0.000000000000000000e+00,2682,False,False
922,010110011100,3.026940677276539088e-14,1520,False,False
923,110110011100,0.000000000000000000e+00,2681,False,False
924,001110011100,2.413025291734629244e-13,378,False,False
925,101110011100,0.000000000000000000e+00,2680,False,False
926,011110011100,0.000000000000000000e+00,2679,False,False
927,111110011100,0.000000000000000000e+00,2678,False,False
928,000001011100,1.509866450616926213e-13,513,False,False
929,100001011100,0.000000000000000000e+00,2658,False,False
930,010001011100,3.025466162321958171e-14,1536,False,False
931,110001011100,0.000000000000000000e+00,2657,False,False
932,001001011100,3.041338882127151636e-14,1319,False,False
933,101001011100,0.000000000000000000e+00,2656,False,False
934,011001011100,3.042292980038939511e-14,1309,False,False
935,111001011100,0.000000000000000000e+00,2655,False,False
936,000101011100,9.056796111687328388e-14,851,False,False
937,100101011100,7.230786724045880300e-11,245,False,False
938,010101011100,0.000000000000000000e+00,2654,False,False
939,110101011100,9.061000105611142194e-14,827,False,False
940,001101011100,6.036967800662296734e-14,1133,False,False
941,101101011100,0.000000000000000000e+00,2653,False,False
942,011101011100,7.254900152856014862e-11,137,False,False
943,111101011100,0.000000000000000000e+00,2652,False,False
944,000011011100,3.034931247287759780e-14,1417,False,False
945,100011011100,0.000000000000000000e+00,2642,False,False
946,010011011100,3.025205953800561019e-14,1538,False,False
947,110011011100,0.000000000000000000e+00,2641,False,False
948,001011011100,1.509707072897570844e-13,519,False,False
949,101011011100,6.064303247936098874e-14,946,False,False
950,011011011100,0.000000000000000000e+00,2640,False,False
951,111011011100,0.000000000000000000e+00,2639,False,False
952,000111011100,0.000000000000000000e+00,2638,False,False
953,100111011100,7.230789396604235477e-11,243,False,False
954,010111011100,0.000000000000000000e+00,2637,False,False
955,110111011100,0.000000000000000000e+00,2636,False,False
956,001111011100,0.000000000000000000e+00,2635,False,False
957,101111011100,3.053159396312679265e-14,1200,False,False
958,011111011100,0.000000000000000000e+00,2634,False,False
959,111111011100,0.000000000000000000e+00,2633,False,False
960,000000111100,2.114660443281711721e-13,396,False,False
961,100000111100,0.000000000000000000e+00,2616,False,False
962,010000111100,0.000000000000000000e+00,2615,False,False
963,110000111100,0.000000000000000000e+00,2614,False,False
964,001000111100,0.000000000000000000e+00,2613,False,False
965,101000111100,7.242854376695615891e-11,204,False,False
966,011000111100,0.000000000000000000e+00,2612,False,False
967,111000111100,0.000000000000000000e+00,2611,False,False
968,000100111100,3.617342970303746205e-13,277,False,False
969,100100111100,3.036202474334999665e-14,1395,False,False
970,010100111100,0.000000000000000000e+00,2610,False,False
971,110100111100,0.000000000000000000e+00,2609,False,False
972,001100111100,1.810032158878342915e-13,470,False,False
973,101100111100,0.000000000000000000e+00,2608,False,False
974,011100111100,2.715414698651814474e-13,328,False,False
975,111100111100,6.044820134896526786e-14,1082,False,False
976,000010111100,0.000000000000000000e+00,2599,False,False
977,100010111100,0.000000000000000000e+00,2598,False,False
978,010010111100,7.245853851821356782e-11,201,False,False
979,110010111100,0.000000000000000000e+00,2597,False,False
980,001010111100,3.046879155228555088e-14,1259,False,False
981,101010111100,7.227779396585903890e-11,261,False,False
982,011010111100,6.053209149206135901e-14,1016,False,False
983,111010111100,0.000000000000000000e+00,2596,False,False
984,000110111100,0.000000000000000000e+00,2595,False,False
985,100110111100,0.000000000000000000e+00,2594,False,False
986,010110111100,3.072650640868544994e-14,1159,False,False
987,110110111100,6.026892851974471397e-14,1156,False,False
988,001110111100,0.000000000000000000e+00,2593,False,False
989,101110111100,0.000000000000000000e+00,2592,False,False
990,011110111100,0.000000000000000000e+00,2591,False,False
991,111110111100,0.000000000000000000e+00,2590,False,False
992,000001111100,3.049318610116648104e-14,1228,False,False
993,100001111100,0.000000000000000000e+00,2581,False,False
994,010001111100,1.735385570911471350e-07,16,False,False
995,110001111100,0.000000000000000000e+00,2580,False,False
996,001001111100,1.508613112905532465e-13,562,False,False
997,101001111100,0.000000000000000000e+00,2579,False,False
998,011001111100,0.000000000000000000e+00,2578,False,False
999,111001111100,0.000000000000000000e+00,2577,False,False
1000,000101111100,2.110353992252597531e-13,437,False,False
1001,100101111100,3.066999237044462409e-14,1162,False,False
1002,010101111100,2.893512601830486249e-10,39,False,False
1003,110101111100,0.000000000000000000e+00,2576,False,False
1004,001101111100,0.000000000000000000e+00,2575,False,False
1005,101101111100,0.000000000000000000e+00,2574,False,False
1006,011101111100,7.245850620898882775e-11,203,False,False
1007,111101111100,0.000000000000000000e+00,2573,False,False
1008,000011111100,0.000000000000000000e+00,2564,False,False
1009,100011111100,0.000000000000000000e+00,2563,False,False
1010,010011111100,7.233808539157386548e-11,237,False,False
1011,110011111100,0.000000000000000000e+00,2562,False,False
1012,001011111100,0.000000000000000000e+00,2561,False,False
1013,101011111100,0.000000000000000000e+00,2560,False,False
1014,011011111100,0.000000000000000000e+00,2559,False,False
1015,111011111100,0.000000000000000000e+00,2558,False,False
1016,000111111100,0.000000000000000000e+00,2557,False,False
1017,100111111100,6.075871685116522993e-14,905,False,False
1018,010111111100,0.000000000000000000e+00,2556,False,False
1019,110111111100,6.030313509828664426e-14,1151,False,False
1020,001111111100,0.000000000000000000e+00,2555,False,False
1021,101111111100,0.000000000000000000e+00,2554,False,False
1022,011111111100,0.000000000000000000e+00,2553,False,False
1023,111111111100,0.000000000000000000e+00,2552,False,False
1024,000000000010,7.236816994187622343e-11,223,False,False
1025,100000000010,2.715062603996299806e-13,334,False,False
1026,010000000010,7.245887375352530034e-11,180,False,False
1027,110000000010,1.208523569846732869e-13,616,False,False
1028,001000000010,6.050986534752540617e-14,1036,False,False
1029,101000000010,6.070201307754421280e-14,925,False,False
1030,011000000010,6.063877698583398313e-14,948,False,False
1031,111000000010,6.039984593207238912e-14,1120,False,False
1032,000100000010,3.053883101262813971e-14,1195,False,False
1033,100100000010,7.245891378769051937e-11,178,False,False
1034,010100000010,3.058816221147624909e-14,1180,False,False
1035,110100000010,3.038002249941326234e-14,1371,False,False
1036,001100000010,1.207678705303823287e-13,654,False,False
1037,101100000010,3.042111376175048189e-14,1312,False,False
1038,011100000010,0.000000000000000000e+00,2528,False,False
1039,111100000010,0.000000000000000000e+00,2527,False,False
1040,000010000010,1.811651956924036764e-13,455,False,False
1041,100010000010,0.000000000000000000e+00,2516,False,False
1042,010010000010,0.000000000000000000e+00,2515,False,False
1043,110010000010,0.000000000000000000e+00,2514,False,False
1044,001010000010,0.000000000000000000e+00,2513,False,False
1045,101010000010,0.000000000000000000e+00,2512,False,False
1046,011010000010,6.063574121975101110e-14,951,False,False
1047,111010000010,3.049174953328793774e-14,1231,False,False
1048,000110000010,0.000000000000000000e+00,2511,False,False
1049,100110000010,0.000000000000000000e+00,2510,False,False
1050,010110000010,3.037479122393101978e-14,1379,False,False
1051,110110000010,0.000000000000000000e+00,2509,False,False
1052,001110000010,0.000000000000000000e+00,2508,False,False
1053,101110000010,6.049596045466326695e-14,1046,False,False
1054,011110000010,7.230782422473760964e-11,251,False,False
1055,111110000010,0.000000000000000000e+00,2507,False,False
1056,000001000010,2.893814407936634521e-10,37,False,False
1057,100001000010,3.042084271120736051e-14,1314,False,False
1058,010001000010,0.000000000000000000e+00,2497,False,False
1059,110001000010,3.039384607711245883e-14,1348,False,False
1060,001001000010,1.209452460058010329e-13,602,False,False
1061,101001000010,1.208592416684685698e-13,614,False,False
1062,011001000010,3.049058401595251583e-14,1234,False,False
1063,111001000010,0.000000000000000000e+00,2496,False,False
1064,000101000010,1.449167163223643497e-10,76,False,False
1065,100101000010,0.000000000000000000e+00,2495,False,False
1066,010101000010,1.208935295621734491e-13,609,False,False
1067,110101000010,3.041975850903487501e-14,1315,False,False
1068,001101000010,3.050738914962604746e-14,1216,False,False
1069,101101000010,0.000000000000000000e+00,2494,False,False
1070,011101000010,9.080236562656473830e-14,724,False,False
1071,111101000010,1.208507848915231829e-13,617,False,False
1072,000011000010,0.000000000000000000e+00,2482,False,False
1073,100011000010,0.000000000000000000e+00,2481,False,False
1074,010011000010,0.000000000000000000e+00,2480,False,False
1075,110011000010,0.000000000000000000e+00,2479,False,False
1076,001011000010,6.056049758898049185e-14,990,False,False
1077,101011000010,0.000000000000000000e+00,2478,False,False
1078,011011000010,3.617009036034620670e-13,279,False,False
1079,111011000010,0.000000000000000000e+00,2477,False,False
1080,000111000010,0.000000000000000000e+00,2476,False,False
1081,100111000010,0.000000000000000000e+00,2475,False,False
1082,010111000010,0.000000000000000000e+00,2474,False,False
1083,110111000010,2.112075976353048390e-13,415,False,False
1084,001111000010,0.000000000000000000e+00,2473,False,False
1085,101111000010,1.207514177624148612e-13,662,False,False
1086,011111000010,3.045350430165349895e-14,1277,False,False
1087,111111000010,0.000000000000000000e+00,2472,False,False
1088,000000100010,3.044537278535985136e-14,1284,False,False
1089,100000100010,0.000000000000000000e+00,2448,False,False
1090,010000100010,9.080214878613024119e-14,725,False,False
1091,110000100010,0.000000000000000000e+00,2447,False,False
1092,001000100010,0.000000000000000000e+00,2446,False,False
1093,101000100010,0.000000000000000000e+00,2445,False,False
1094,011000100010,7.245854025293704380e-11,200,False,False
1095,111000100010,1.208037847273459110e-13,639,False,False
1096,000100100010,7.245853320562292264e-11,202,False,False
1097,100100100010,1.210619332646148106e-13,587,False,False
1098,010100100010,0.000000000000000000e+00,2444,False,False
1099,110100100010,0.000000000000000000e+00,2443,False,False
1100,001100100010,3.047703148879644071e-14,1249,False,False
1101,101100100010,1.510465201266681585e-13,494,False,False
1102,011100100010,0.000000000000000000e+00,2442,False,False
1103,111100100010,2.111720358040472893e-13,422,False,False
1104,000010100010,0.000000000000000000e+00,2421,False,False
1105,100010100010,2.411931060692047744e-13,391,False,False
1106,010010100010,6.062186343194319664e-14,956,False,False
1107,110010100010,1.207169943434384211e-13,673,False,False
1108,001010100010,0.000000000000000000e+00,2420,False,False
1109,101010100010,0.000000000000000000e+00,2419,False,False
1110,011010100010,0.000000000000000000e+00,2418,False,False
1111,111010100010,0.000000000000000000e+00,2417,False,False
1112,000110100010,0.000000000000000000e+00,2416,False,False
1113,100110100010,0.000000000000000000e+00,2415,False,False
1114,010110100010,0.000000000000000000e+00,2414,False,False
1115,110110100010,0.000000000000000000e+00,2413,False,False
1116,001110100010,0.000000000000000000e+00,2412,False,False
1117,101110100010,3.028249851399815335e-14,1506,False,False
1118,011110100010,0.000000000000000000e+00,2411,False,False
1119,111110100010,3.014470997040235131e-13,318,False,False
1120,000001100010,6.090212969353081314e-14,892,False,False
1121,100001100010,1.209119338940513906e-13,607,False,False
1122,010001100010,0.000000000000000000e+00,2401,False,False
1123,110001100010,0.000000000000000000e+00,2400,False,False
1124,001001100010,3.618525834873928395e-13,274,False,False
1125,101001100010,9.092203444135287633e-14,692,False,False
1126,011001100010,1.448564660150169405e-10,88,False,False
1127,111001100010,7.263942309527868617e-11,123,False,False
1128,000101100010,7.254887738741139903e-11,143,False,False
1129,100101100010,0.000000000000000000e+00,2399,False,False
1130,010101100010,3.052484480460307039e-14,1201,False,False
1131,110101100010,1.207465930627473007e-13,667,False,False
1132,001101100010,7.251875564897452483e-11,165,False,False
1133,101101100010,1.449167069711206120e-10,77,False,False
1134,011101100010,9.080410035004071510e-14,723,False,False
1135,111101100010,3.036901784736253447e-14,1383,False,False
1136,000011100010,0.000000000000000000e+00,2385,False,False
1137,100011100010,9.056397667388939966e-14,853,False,False
1138,010011100010,0.000000000000000000e+00,2384,False,False
1139,110011100010,2.112402321206966527e-13,406,False,False
1140,001011100010,0.000000000000000000e+00,2383,False,False
1141,101011100010,0.000000000000000000e+00,2382,False,False
1142,011011100010,0.000000000000000000e+00,2381,False,False
1143,111011100010,1.449769469243372999e-10,61,False,False
1144,000111100010,0.000000000000000000e+00,2380,False,False
1145,100111100010,0.000000000000000000e+00,2379,False,False
1146,010111100010,0.000000000000000000e+00,2378,False,False
1147,110111100010,0.000000000000000000e+00,2377,False,False
1148,001111100010,0.000000000000000000e+00,2376,False,False
1149,101111100010,0.000000000000000000e+00,2375,False,False
1150,011111100010,7.251881690639727026e-11,160,False,False
1151,111111100010,0.000000000000000000e+00,2374,False,False
1152,000000010010,9.085516627236480760e-14,707,False,False
1153,100000010010,0.000000000000000000e+00,2352,False,False
1154,010000010010,6.050433591644571748e-14,1040,False,False
1155,110000010010,0.000000000000000000e+00,2351,False,False
1156,001000010010,0.000000000000000000e+00,2350,False,False
1157,101000010010,3.023587782058126403e-14,1550,False,False
1158,011000010010,3.045762426990894387e-14,1271,False,False
1159,111000010010,0.000000000000000000e+00,2349,False,False
1160,000100010010,2.713943436303751139e-13,348,False,False
1161,100100010010,0.000000000000000000e+00,2348,False,False
1162,010100010010,0.000000000000000000e+00,2347,False,False
1163,110100010010,0.000000000000000000e+00,2346,False,False
1164,001100010010,0.000000000000000000e+00,2345,False,False
1165,101100010010,0.000000000000000000e+00,2344,False,False
1166,011100010010,7.230782639314195461e-11,250,False,False
1167,111100010010,0.000000000000000000e+00,2343,False,False
1168,000010010010,7.272946784753216345e-11,112,False,False
1169,100010010010,3.040062234069049954e-14,1338,False,False
1170,010010010010,0.000000000000000000e+00,2323,False,False
1171,110010010010,0.000000000000000000e+00,2322,False,False
1172,001010010010,0.000000000000000000e+00,2321,False,False
1173,101010010010,3.038186564310648769e-14,1370,False,False
1174,011010010010,0.000000000000000000e+00,2320,False,False
1175,111010010010,0.000000000000000000e+00,2319,False,False
1176,000110010010,0.000000000000000000e+00,2318,False,False
1177,100110010010,3.317927800996232845e-13,280,False,False
1178,010110010010,0.000000000000000000e+00,2317,False,False
1179,110110010010,0.000000000000000000e+00,2316,False,False
1180,001110010010,0.000000000000000000e+00,2315,False,False
1181,101110010010,0.000000000000000000e+00,2314,False,False
1182,011110010010,7.236808071203742787e-11,231,False,False
1183,111110010010,0.000000000000000000e+00,2313,False,False
1184,000001010010,0.000000000000000000e+00,2288,False,False
1185,100001010010,0.000000000000000000e+00,2287,False,False
1186,010001010010,0.000000000000000000e+00,2286,False,False
1187,110001010010,3.058396092805786776e-14,1181,False,False
1188,001001010010,0.000000000000000000e+00,2285,False,False
1189,101001010010,0.000000000000000000e+00,2284,False,False
1190,011001010010,0.000000000000000000e+00,2283,False,False
1191,111001010010,0.000000000000000000e+00,2282,False,False
1192,000101010010,0.000000000000000000e+00,2281,False,False
1193,100101010010,0.000000000000000000e+00,2280,False,False
1194,010101010010,0.000000000000000000e+00,2279,False,False
1195,110101010010,0.000000000000000000e+00,2278,False,False
1196,001101010010,2.411871700623104162e-13,393,False,False
1197,101101010010,0.000000000000000000e+00,2277,False,False
1198,011101010010,7.245857559792786683e-11,197,False,False
1199,111101010010,0.000000000000000000e+00,2276,False,False
1200,000011010010,0.000000000000000000e+00,2244,False,False
1201,100011010010,6.070445253243231781e-14,924,False,False
1202,010011010010,0.000000000000000000e+00,2243,False,False
1203,110011010010,0.000000000000000000e+00,2242,False,False
1204,001011010010,0.000000000000000000e+00,2241,False,False
1205,101011010010,7.245859291805757228e-11,196,False,False
1206,011011010010,0.000000000000000000e+00,2240,False,False
1207,111011010010,0.000000000000000000e+00,2239,False,False
1208,000111010010,0.000000000000000000e+00,2238,False,False
1209,100111010010,0.000000000000000000e+00,2237,False,False
1210,010111010010,6.042280391307478230e-14,1105,False,False
1211,110111010010,2.712835110632927327e-13,361,False,False
1212,001111010010,0.000000000000000000e+00,2236,False,False
1213,101111010010,3.044144255248459141e-14,1287,False,False
1214,011111010010,0.000000000000000000e+00,2235,False,False
1215,111111010010,0.000000000000000000e+00,2234,False,False
1216,000000110010,0.000000000000000000e+00,2208,False,False
1217,100000110010,0.000000000000000000e+00,2207,False,False
1218,010000110010,0.000000000000000000e+00,2206,False,False
1219,110000110010,0.000000000000000000e+00,2205,False,False
1220,001000110010,3.041176251801278810e-14,1321,False,False
1221,101000110010,0.000000000000000000e+00,2204,False,False
1222,011000110010,0.000000000000000000e+00,2203,False,False
1223,111000110010,0.000000000000000000e+00,2202,False,False
1224,000100110010,0.000000000000000000e+00,2201,False,False
1225,100100110010,3.036923468779703157e-14,1382,False,False
1226,010100110010,3.045632322730196126e-14,1275,False,False
1227,110100110010,0.000000000000000000e+00,2200,False,False
1228,001100110010,3.033998833419422246e-14,1424,False,False
1229,101100110010,0.000000000000000000e+00,2199,False,False
1230,011100110010,0.000000000000000000e+00,2198,False,False
1231,111100110010,0.000000000000000000e+00,2197,False,False
1232,000010110010,0.000000000000000000e+00,2176,False,False
1233,100010110010,0.000000000000000000e+00,2175,False,False
1234,010010110010,6.067347145535353190e-14,936,False,False
1235,110010110010,9.084370083439076077e-14,712,False,False
1236,001010110010,0.000000000000000000e+00,2174,False,False
1237,101010110010,0.000000000000000000e+00,2173,False,False
1238,011010110010,2.413696412879398276e-13,370,False,False
1239,111010110010,0.000000000000000000e+00,2172,False,False
1240,000110110010,1.207872777492698192e-13,650,False,False
1241,100110110010,1.812304917682416411e-13,450,False,False
1242,010110110010,1.208263090274793226e-13,625,False,False
1243,110110110010,0.000000000000000000e+00,2171,False,False
1244,001110110010,0.000000000000000000e+00,2170,False,False
1245,101110110010,0.000000000000000000e+00,2169,False,False
1246,011110110010,3.019069369504291170e-14,1573,False,False
1247,111110110010,9.070470611587806862e-14,769,False,False
1248,000001110010,0.000000000000000000e+00,2163,False,False
1249,100001110010,2.713618446702548609e-13,353,False,False
1250,010001110010,0.000000000000000000e+00,2162,False,False
1251,110001110010,0.000000000000000000e+00,2161,False,False
1252,001001110010,0.000000000000000000e+00,2160,False,False
1253,101001110010,0.000000000000000000e+00,2159,False,False
1254,011001110010,0.000000000000000000e+00,2158,False,False
1255,111001110010,0.000000000000000000e+00,2157,False,False
1256,000101110010,3.030876331162662731e-14,1479,False,False
1257,100101110010,3.032635449187521093e-14,1449,False,False
1258,010101110010,3.036091343612319901e-14,1399,False,False
1259,110101110010,6.027104271398106071e-14,1155,False,False
1260,001101110010,0.000000000000000000e+00,2156,False,False
1261,101101110010,0.000000000000000000e+00,2155,False,False
1262,011101110010,0.000000000000000000e+00,2154,False,False
1263,111101110010,3.046654183277763714e-14,1261,False,False
1264,000011110010,6.044643952043497892e-14,1085,False,False
1265,100011110010,0.000000000000000000e+00,2138,False,False
1266,010011110010,0.000000000000000000e+00,2137,False,False
1267,110011110010,0.000000000000000000e+00,2136,False,False
1268,001011110010,0.000000000000000000e+00,2135,False,False
1269,101011110010,1.207477856851370347e-13,666,False,False
1270,011011110010,3.025943211277851793e-14,1529,False,False
1271,111011110010,4.521598752969461698e-13,269,False,False
1272,000111110010,1.509964028812449908e-13,509,False,False
1273,100111110010,0.000000000000000000e+00,2134,False,False
1274,010111110010,0.000000000000000000e+00,2133,False,False
1275,110111110010,2.713375043314825613e-13,357,False,False
1276,001111110010,0.000000000000000000e+00,2132,False,False
1277,101111110010,0.000000000000000000e+00,2131,False,False
1278,011111110010,0.000000000000000000e+00,2130,False,False
1279,111111110010,1.509851000735968294e-13,515,False,False
1280,000000001010,1.509798145880059626e-13,516,False,False
1281,100000001010,0.000000000000000000e+00,2129,False,False
1282,010000001010,7.257917986235042657e-11,130,False,False
1283,110000001010,3.045743453452875891e-14,1272,False,False
1284,001000001010,2.713806826830017966e-13,350,False,False
1285,101000001010,9.080000748683958232e-14,726,False,False
1286,011000001010,2.714302307222843841e-13,340,False,False
1287,111000001010,0.000000000000000000e+00,2128,False,False
1288,000100001010,0.000000000000000000e+00,2127,False,False
1289,100100001010,0.000000000000000000e+00,2126,False,False
1290,010100001010,1.510061607007973603e-13,503,False,False
1291,110100001010,0.000000000000000000e+00,2125,False,False
1292,001100001010,0.000000000000000000e+00,2124,False,False
1293,101100001010,0.000000000000000000e+00,2123,False,False
1294,011100001010,7.236825028125720461e-11,220,False,False
1295,111100001010,0.000000000000000000e+00,2122,False,False
1296,000010001010,1.812163700349450174e-13,451,False,False
1297,100010001010,0.000000000000000000e+00,2114,False,False
1298,010010001010,0.000000000000000000e+00,2113,False,False
1299,110010001010,9.063526296673034682e-14,808,False,False
1300,001010001010,1.809750266313496684e-13,475,False,False
1301,101010001010,6.048761209793512857e-14,1054,False,False
1302,011010001010,0.000000000000000000e+00,2112,False,False
1303,111010001010,3.038885874711902551e-14,1362,False,False
1304,000110001010,3.034768616961886954e-14,1418,False,False
1305,100110001010,7.254885610994376400e-11,146,False,False
1306,010110001010,0.000000000000000000e+00,2111,False,False
1307,110110001010,0.000000000000000000e+00,2110,False,False
1308,001110001010,1.208581845713503964e-13,615,False,False
1309,101110001010,0.000000000000000000e+00,2109,False,False
1310,011110001010,7.230779560180025603e-11,256,False,False
1311,111110001010,2.412575076782504638e-13,384,False,False
1312,000001001010,1.450070550831419766e-10,57,False,False
1313,100001001010,0.000000000000000000e+00,2103,False,False
1314,010001001010,0.000000000000000000e+00,2102,False,False
1315,110001001010,0.000000000000000000e+00,2101,False,False
1316,001001001010,9.068386232911203480e-14,786,False,False
1317,101001001010,0.000000000000000000e+00,2100,False,False
1318,011001001010,6.056201547202197156e-14,989,False,False
1319,111001001010,0.000000000000000000e+00,2099,False,False
1320,000101001010,3.062686822903399422e-14,1170,False,False
1321,100101001010,0.000000000000000000e+00,2098,False,False
1322,010101001010,9.070804003755846154e-14,766,False,False
1323,110101001010,3.015968280240438118e-13,300,False,False
1324,001101001010,0.000000000000000000e+00,2097,False,False
1325,101101001010,3.315846674926145910e-13,294,False,False
1326,011101001010,7.251883815675985098e-11,158,False,False
1327,111101001010,1.208287755874217271e-13,623,False,False
1328,000011001010,0.000000000000000000e+00,2096,False,False
1329,100011001010,9.064876128377779135e-14,800,False,False
1330,010011001010,0.000000000000000000e+00,2095,False,False
1331,110011001010,0.000000000000000000e+00,2094,False,False
1332,001011001010,0.000000000000000000e+00,2093,False,False
1333,101011001010,6.070830145014464135e-14,923,False,False
1334,011011001010,0.000000000000000000e+00,2092,False,False
1335,111011001010,0.000000000000000000e+00,2091,False,False
1336,000111001010,0.000000000000000000e+00,2090,False,False
1337,100111001010,0.000000000000000000e+00,2089,False,False
1338,010111001010,6.052645364076443439e-14,1022,False,False
1339,110111001010,0.000000000000000000e+00,2088,False,False
1340,001111001010,0.000000000000000000e+00,2087,False,False
1341,101111001010,0.000000000000000000e+00,2086,False,False
1342,011111001010,0.000000000000000000e+00,2085,False,False
1343,111111001010,0.000000000000000000e+00,2084,False,False
1344,000000101010,3.015189009928964162e-13,313,False,False
1345,100000101010,9.058707018016335352e-14,841,False,False
1346,010000101010,0.000000000000000000e+00,2070,False,False
1347,110000101010,0.000000000000000000e+00,2069,False,False
1348,001000101010,3.038877743195608909e-14,1363,False,False
1349,101000101010,0.000000000000000000e+00,2068,False,False
1350,011000101010,2.413696412879398276e-13,369,False,False
1351,111000101010,0.000000000000000000e+00,2067,False,False
1352,000100101010,2.413042638969389012e-13,377,False,False
1353,100100101010,1.208184214566744906e-13,630,False,False
1354,010100101010,6.042974280697868953e-14,1097,False,False
1355,110100101010,0.000000000000000000e+00,2066,False,False
1356,001100101010,9.070554637256174488e-14,768,False,False
1357,101100101010,0.000000000000000000e+00,2065,False,False
1358,011100101010,0.000000000000000000e+00,2064,False,False
1359,111100101010,1.209242395887091011e-13,605,False,False
1360,000010101010,3.015105526361682273e-13,314,False,False
1361,100010101010,0.000000000000000000e+00,2050,False,False
1362,010010101010,0.000000000000000000e+00,2049,False,False
1363,110010101010,0.000000000000000000e+00,2048,False,False
1364,001010101010,0.000000000000000000e+00,2047,False,False
1365,101010101010,0.000000000000000000e+00,2046,False,False
1366,011010101010,0.000000000000000000e+00,2045,False,False
1367,111010101010,0.000000000000000000e+00,2044,False,False
1368,000110101010,0.000000000000000000e+00,2043,False,False
1369,100110101010,3.033790124501218787e-14,1427,False,False
1370,010110101010,0.000000000000000000e+00,2042,False,False
1371,110110101010,0.000000000000000000e+00,2041,False,False
1372,001110101010,0.000000000000000000e+00,2040,False,False
1373,101110101010,0.000000000000000000e+00,2039,False,False
1374,011110101010,3.018722424809095809e-14,1574,False,False
1375,111110101010,0.000000000000000000e+00,2038,False,False
1376,000001101010,6.051441899664984529e-14,1034,False,False
1377,100001101010,3.044664672291252183e-14,1282,False,False
1378,010001101010,0.000000000000000000e+00,2002,False,False
1379,110001101010,0.000000000000000000e+00,2001,False,False
1380,001001101010,0.000000000000000000e+00,2000,False,False
1381,101001101010,2.112482010066644464e-13,405,False,False
1382,011001101010,0.000000000000000000e+00,1999,False,False
1383,111001101010,0.000000000000000000e+00,1998,False,False
1384,000101101010,0.000000000000000000e+00,1997,False,False
1385,100101101010,3.029008792920555819e-14,1493,False,False
1386,010101101010,3.045155273774302504e-14,1278,False,False
1387,110101101010,0.000000000000000000e+00,1996,False,False
1388,001101101010,0.000000000000000000e+00,1995,False,False
1389,101101101010,0.000000000000000000e+00,1994,False,False
1390,011101101010,0.000000000000000000e+00,1993,False,False
1391,111101101010,0.000000000000000000e+00,1992,False,False
1392,000011101010,6.046031730824279337e-14,1074,False,False
1393,100011101010,0.000000000000000000e+00,1969,False,False
1394,010011101010,0.000000000000000000e+00,1968,False,False
1395,110011101010,0.000000000000000000e+00,1967,False,False
1396,001011101010,1.448563857840561766e-10,91,False,False
1397,101011101010,3.032190926296802037e-14,1460,False,False
1398,011011101010,9.071497893146236877e-14,758,False,False
1399,111011101010,0.000000000000000000e+00,1966,False,False
1400,000111101010,0.000000000000000000e+00,1965,False,False
1401,100111101010,0.000000000000000000e+00,1964,False,False
1402,010111101010,0.000000000000000000e+00,1963,False,False
1403,110111101010,6.044505716266505990e-14,1086,False,False
1404,001111101010,0.000000000000000000e+00,1962,False,False
1405,101111101010,0.000000000000000000e+00,1961,False,False
1406,011111101010,0.000000000000000000e+00,1960,False,False
1407,111111101010,6.048593158456777604e-14,1055,False,False
1408,000000011010,1.446757972754993097e-10,106,False,False
1409,100000011010,3.049131585241894354e-14,1233,False,False
1410,010000011010,0.000000000000000000e+00,1952,False,False
1411,110000011010,3.037910092756664966e-14,1373,False,False
1412,001000011010,0.000000000000000000e+00,1951,False,False
1413,101000011010,0.000000000000000000e+00,1950,False,False
1414,011000011010,3.033445890311454008e-14,1433,False,False
1415,111000011010,3.028802794507783573e-14,1497,False,False
1416,000100011010,0.000000000000000000e+00,1949,False,False
1417,100100011010,1.449168826118725547e-10,71,False,False
1418,010100011010,6.051647898077756775e-14,1031,False,False
1419,110100011010,3.037129467192475402e-14,1380,False,False
1420,001100011010,3.028187509774897418e-14,1509,False,False
1421,101100011010,0.000000000000000000e+00,1948,False,False
1422,011100011010,0.000000000000000000e+00,1947,False,False
1423,111100011010,9.054950257488670555e-14,862,False,False
1424,000010011010,7.266925646304273354e-11,122,False,False
1425,100010011010,0.000000000000000000e+00,1940,False,False
1426,010010011010,0.000000000000000000e+00,1939,False,False
1427,110010011010,0.000000000000000000e+00,1938,False,False
1428,001010011010,0.000000000000000000e+00,1937,False,False
1429,101010011010,0.000000000000000000e+00,1936,False,False
1430,011010011010,0.000000000000000000e+00,1935,False,False
1431,111010011010,0.000000000000000000e+00,1934,False,False
1432,000110011010,2.412538484959183252e-13,385,False,False
1433,100110011010,6.071860137078325364e-14,916,False,False
1434,010110011010,2.110961145469189666e-13,430,False,False
1435,110110011010,6.043421514094019223e-14,1095,False,False
1436,001110011010,0.000000000000000000e+00,1933,False,False
1437,101110011010,0.000000000000000000e+00,1932,False,False
1438,011110011010,7.230784330669584539e-11,248,False,False
1439,111110011010,0.000000000000000000e+00,1931,False,False
1440,000001011010,3.029727076859827466e-14,1489,False,False
1441,100001011010,0.000000000000000000e+00,1904,False,False
1442,010001011010,0.000000000000000000e+00,1903,False,False
1443,110001011010,0.000000000000000000e+00,1902,False,False
1444,001001011010,0.000000000000000000e+00,1901,False,False
1445,101001011010,0.000000000000000000e+00,1900,False,False
1446,011001011010,0.000000000000000000e+00,1899,False,False
1447,111001011010,0.000000000000000000e+00,1898,False,False
1448,000101011010,0.000000000000000000e+00,1897,False,False
1449,100101011010,0.000000000000000000e+00,1896,False,False
1450,010101011010,0.000000000000000000e+00,1895,False,False
1451,110101011010,0.000000000000000000e+00,1894,False,False
1452,001101011010,0.000000000000000000e+00,1893,False,False
1453,101101011010,0.000000000000000000e+00,1892,False,False
1454,011101011010,0.000000000000000000e+00,1891,False,False
1455,111101011010,0.000000000000000000e+00,1890,False,False
1456,000011011010,1.809869528552470090e-13,472,False,False
1457,100011011010,0.000000000000000000e+00,1840,False,False
1458,010011011010,0.000000000000000000e+00,1839,False,False
1459,110011011010,0.000000000000000000e+00,1838,False,False
1460,001011011010,6.065330529494528889e-14,945,False,False
1461,101011011010,0.000000000000000000e+00,1837,False,False
1462,011011011010,0.000000000000000000e+00,1836,False,False
1463,111011011010,0.000000000000000000e+00,1835,False,False
1464,000111011010,0.000000000000000000e+00,1834,False,False
1465,100111011010,0.000000000000000000e+00,1833,False,False
1466,010111011010,2.412620884324292151e-13,383,False,False
1467,110111011010,0.000000000000000000e+00,1832,False,False
1468,001111011010,3.021237773849262810e-14,1564,False,False
1469,101111011010,0.000000000000000000e+00,1831,False,False
1470,011111011010,0.000000000000000000e+00,1830,False,False
1471,111111011010,6.040803165847466730e-14,1117,False,False
1472,000000111010,3.035299876026405483e-14,1410,False,False
1473,100000111010,0.000000000000000000e+00,1812,False,False
1474,010000111010,0.000000000000000000e+00,1811,False,False
1475,110000111010,1.509176626984682058e-13,541,False,False
1476,001000111010,0.000000000000000000e+00,1810,False,False
1477,101000111010,0.000000000000000000e+00,1809,False,False
1478,011000111010,0.000000000000000000e+00,1808,False,False
1479,111000111010,1.206956355606404567e-13,675,False,False
1480,000100111010,0.000000000000000000e+00,1807,False,False
1481,100100111010,3.037736620409067285e-14,1376,False,False
1482,010100111010,0.000000000000000000e+00,1806,False,False
1483,110100111010,0.000000000000000000e+00,1805,False,False
1484,001100111010,0.000000000000000000e+00,1804,False,False
1485,101100111010,3.049305057589492035e-14,1230,False,False
1486,011100111010,0.000000000000000000e+00,1803,False,False
1487,111100111010,0.000000000000000000e+00,1802,False,False
1488,000010111010,1.508101369480119054e-13,573,False,False
1489,100010111010,6.044939397135500192e-14,1079,False,False
1490,010010111010,7.254898179608060939e-11,140,False,False
1491,110010111010,3.017543354946517192e-14,1579,False,False
1492,001010111010,0.000000000000000000e+00,1778,False,False
1493,101010111010,0.000000000000000000e+00,1777,False,False
1494,011010111010,0.000000000000000000e+00,1776,False,False
1495,111010111010,1.207889311575828596e-13,649,False,False
1496,000110111010,0.000000000000000000e+00,1775,False,False
1497,100110111010,0.000000000000000000e+00,1774,False,False
1498,010110111010,0.000000000000000000e+00,1773,False,False
1499,110110111010,0.000000000000000000e+00,1772,False,False
1500,001110111010,1.509981376047209676e-13,506,False,False
1501,101110111010,0.000000000000000000e+00,1771,False,False
1502,011110111010,0.000000000000000000e+00,1770,False,False
1503,111110111010,0.000000000000000000e+00,1769,False,False
1504,000001111010,0.000000000000000000e+00,1750,False,False
1505,100001111010,0.000000000000000000e+00,1749,False,False
1506,010001111010,0.000000000000000000e+00,1748,False,False
1507,110001111010,0.000000000000000000e+00,1747,False,False
1508,001001111010,0.000000000000000000e+00,1746,False,False
1509,101001111010,0.000000000000000000e+00,1745,False,False
1510,011001111010,0.000000000000000000e+00,1744,False,False
1511,111001111010,9.074482159626004490e-14,745,False,False
1512,000101111010,0.000000000000000000e+00,1743,False,False
1513,100101111010,0.000000000000000000e+00,1742,False,False
1514,010101111010,0.000000000000000000e+00,1741,False,False
1515,110101111010,0.000000000000000000e+00,1740,False,False
1516,001101111010,0.000000000000000000e+00,1739,False,False
1517,101101111010,0.000000000000000000e+00,1738,False,False
1518,011101111010,1.210004318963805451e-13,592,False,False
1519,111101111010,0.000000000000000000e+00,1737,False,False
1520,000011111010,0.000000000000000000e+00,1697,False,False
1521,100011111010,0.000000000000000000e+00,1696,False,False
1522,010011111010,0.000000000000000000e+00,1695,False,False
1523,110011111010,0.000000000000000000e+00,1694,False,False
1524,001011111010,0.000000000000000000e+00,1693,False,False
1525,101011111010,0.000000000000000000e+00,1692,False,False
1526,011011111010,0.000000000000000000e+00,1691,False,False
1527,111011111010,0.000000000000000000e+00,1690,False,False
1528,000111111010,0.000000000000000000e+00,1689,False,False
1529,100111111010,0.000000000000000000e+00,1688,False,False
1530,010111111010,0.000000000000000000e+00,1687,False,False
1531,110111111010,0.000000000000000000e+00,1686,False,False
1532,001111111010,0.000000000000000000e+00,1685,False,False
1533,101111111010,0.000000000000000000e+00,1684,False,False
1534,011111111010,6.058825316459613338e-14,975,False,False
1535,111111111010,9.055242992075242903e-14,860,False,False
1536,000000000110,0.000000000000000000e+00,1670,False,False
1537,100000000110,9.051697650971212779e-14,876,False,False
1538,010000000110,0.000000000000000000e+00,1669,False,False
1539,110000000110,0.000000000000000000e+00,1668,False,False
1540,001000000110,0.000000000000000000e+00,1667,False,False
1541,101000000110,9.054505734597951498e-14,864,False,False
1542,011000000110,3.035744398917124539e-14,1403,False,False
1543,111000000110,0.000000000000000000e+00,1666,False,False
1544,000100000110,0.000000000000000000e+00,1665,False,False
1545,100100000110,7.275970285799100807e-11,108,False,False
1546,010100000110,0.000000000000000000e+00,1664,False,False
1547,110100000110,0.000000000000000000e+00,1663,False,False
1548,001100000110,0.000000000000000000e+00,1662,False,False
1549,101100000110,1.208304018906804554e-13,622,False,False
1550,011100000110,7.236815313674254991e-11,225,False,False
1551,111100000110,3.022200003277344327e-14,1562,False,False
1552,000010000110,0.000000000000000000e+00,1651,False,False
1553,100010000110,0.000000000000000000e+00,1650,False,False
1554,010010000110,2.895018185682521796e-10,29,False,False
1555,110010000110,3.050427206838015163e-14,1220,False,False
1556,001010000110,0.000000000000000000e+00,1649,False,False
1557,101010000110,1.507129111181942426e-13,580,False,False
1558,011010000110,0.000000000000000000e+00,1648,False,False
1559,111010000110,0.000000000000000000e+00,1647,False,False
1560,000110000110,3.050316076115335399e-14,1221,False,False
1561,100110000110,0.000000000000000000e+00,1646,False,False
1562,010110000110,0.000000000000000000e+00,1645,False,False
1563,110110000110,0.000000000000000000e+00,1644,False,False
1564,001110000110,0.000000000000000000e+00,1643,False,False
1565,101110000110,0.000000000000000000e+00,1642,False,False
1566,011110000110,7.236817872391382056e-11,221,False,False
1567,111110000110,9.072433017520006887e-14,754,False,False
1568,000001000110,0.000000000000000000e+00,1622,False,False
1569,100001000110,0.000000000000000000e+00,1621,False,False
1570,010001000110,0.000000000000000000e+00,1620,False,False
1571,110001000110,1.509234631800910033e-13,540,False,False
1572,001001000110,0.000000000000000000e+00,1619,False,False
1573,101001000110,7.266929443722382484e-11,120,False,False
1574,011001000110,0.000000000000000000e+00,1618,False,False
1575,111001000110,0.000000000000000000e+00,1617,False,False
1576,000101000110,1.812683033190070983e-13,445,False,False
1577,100101000110,0.000000000000000000e+00,1616,False,False
1578,010101000110,0.000000000000000000e+00,1615,False,False
1579,110101000110,0.000000000000000000e+00,1614,False,False
1580,001101000110,0.000000000000000000e+00,1613,False,False
1581,101101000110,6.057982349270505859e-14,980,False,False
1582,011101000110,0.000000000000000000e+00,1612,False,False
1583,111101000110,0.000000000000000000e+00,1611,False,False
1584,000011000110,6.041521449786738377e-14,1112,False,False
1585,100011000110,9.082890147473633364e-14,716,False,False
1586,010011000110,0.000000000000000000e+00,1610,False,False
1587,110011000110,3.015675545653867032e-13,304,False,False
1588,001011000110,0.000000000000000000e+00,1609,False,False
1589,101011000110,0.000000000000000000e+00,1608,False,False
1590,011011000110,1.447962225381431921e-10,102,False,False
1591,111011000110,0.000000000000000000e+00,1607,False,False
1592,000111000110,0.000000000000000000e+00,1606,False,False
1593,100111000110,0.000000000000000000e+00,1605,False,False
1594,010111000110,0.000000000000000000e+00,1604,False,False
1595,110111000110,2.713405400975655208e-13,355,False,False
1596,001111000110,6.039656622050062047e-14,1122,False,False
1597,101111000110,0.000000000000000000e+00,1603,False,False
1598,011111000110,6.077126649131176226e-14,903,False,False
1599,111111000110,2.111563690826548737e-13,425,False,False
1600,000000100110,7.251875976894278027e-11,164,False,False
1601,100000100110,3.014834204768017775e-13,316,False,False
1602,010000100110,0.000000000000000000e+00,1631,False,False
1603,110000100110,0.000000000000000000e+00,1630,False,False
1604,001000100110,0.000000000000000000e+00,1629,False,False
1605,101000100110,0.000000000000000000e+00,1628,False,False
1606,011000100110,0.000000000000000000e+00,1627,False,False
1607,111000100110,3.051571040129987370e-14,1209,False,False
1608,000100100110,0.000000000000000000e+00,1626,False,False
1609,100100100110,0.000000000000000000e+00,1625,False,False
1610,010100100110,0.000000000000000000e+00,1624,False,False
1611,110100100110,0.000000000000000000e+00,1623,False,False
1612,001100100110,6.055843760485276939e-14,991,False,False
1613,101100100110,3.055745218494058456e-14,1189,False,False
1614,011100100110,3.019980099329178994e-14,1568,False,False
1615,111100100110,6.043849773952152260e-14,1090,False,False
1616,000010100110,3.316273037430476339e-13,293,False,False
1617,100010100110,0.000000000000000000e+00,1641,False,False
1618,010010100110,3.051140069766424382e-14,1213,False,False
1619,110010100110,0.000000000000000000e+00,1640,False,False
1620,001010100110,0.000000000000000000e+00,1639,False,False
1621,101010100110,0.000000000000000000e+00,1638,False,False
1622,011010100110,2.110063426070371416e-13,440,False,False
1623,111010100110,0.000000000000000000e+00,1637,False,False
1624,000110100110,2.110896093338840535e-13,433,False,False
1625,100110100110,3.040170654286298505e-14,1336,False,False
1626,010110100110,0.000000000000000000e+00,1636,False,False
1627,110110100110,0.000000000000000000e+00,1635,False,False
1628,001110100110,7.248879773348591319e-11,174,False,False
1629,101110100110,0.000000000000000000e+00,1634,False,False
1630,011110100110,0.000000000000000000e+00,1633,False,False
1631,111110100110,0.000000000000000000e+00,1632,False,False
1632,000001100110,9.087619979451102639e-14,702,False,False
1633,100001100110,9.072747436150027683e-14,751,False,False
1634,010001100110,0.000000000000000000e+00,1661,False,False
1635,110001100110,0.000000000000000000e+00,1660,False,False
1636,001001100110,0.000000000000000000e+00,1659,False,False
1637,101001100110,3.025967605826732717e-14,1528,False,False
1638,011001100110,0.000000000000000000e+00,1658,False,False
1639,111001100110,0.000000000000000000e+00,1657,False,False
1640,000101100110,0.000000000000000000e+00,1656,False,False
1641,100101100110,0.000000000000000000e+00,1655,False,False
1642,010101100110,9.070240218626153692e-14,773,False,False
1643,110101100110,0.000000000000000000e+00,1654,False,False
1644,001101100110,0.000000000000000000e+00,1653,False,False
1645,101101100110,1.449467802999304977e-10,64,False,False
1646,011101100110,0.000000000000000000e+00,1652,False,False
1647,111101100110,2.112255953913680984e-13,412,False,False
1648,000011100110,0.000000000000000000e+00,1675,False,False
1649,100011100110,3.051625250238612277e-14,1207,False,False
1650,010011100110,0.000000000000000000e+00,1674,False,False
1651,110011100110,1.448563468340931300e-10,92,False,False
1652,001011100110,3.044461384383911151e-14,1285,False,False
1653,101011100110,1.209963932432880366e-13,594,False,False
1654,011011100110,2.413427530740621366e-13,372,False,False
1655,111011100110,6.052761915809985631e-14,1021,False,False
1656,000111100110,6.069103553054779707e-14,928,False,False
1657,100111100110,3.022536105950814833e-14,1560,False,False
1658,010111100110,0.000000000000000000e+00,1673,False,False
1659,110111100110,3.032445713807336130e-14,1455,False,False
1660,001111100110,1.209705079164199452e-13,596,False,False
1661,101111100110,0.000000000000000000e+00,1672,False,False
1662,011111100110,6.060213095240394784e-14,967,False,False
1663,111111100110,0.000000000000000000e+00,1671,False,False
1664,000000010110,7.272946817279281519e-11,111,False,False
1665,100000010110,3.051327094641178132e-14,1210,False,False
1666,010000010110,1.511132798754389787e-13,485,False,False
1667,110000010110,0.000000000000000000e+00,1683,False,False
1668,001000010110,0.000000000000000000e+00,1682,False,False
1669,101000010110,0.000000000000000000e+00,1681,False,False
1670,011000010110,2.110952471851809782e-13,431,False,False
1671,111000010110,0.000000000000000000e+00,1680,False,False
1672,000100010110,9.074804709772318928e-14,743,False,False
1673,100100010110,0.000000000000000000e+00,1679,False,False
1674,010100010110,0.000000000000000000e+00,1678,False,False
1675,110100010110,0.000000000000000000e+00,1677,False,False
1676,001100010110,3.024392802171196890e-14,1546,False,False
1677,101100010110,1.509968636671682971e-13,508,False,False
1678,011100010110,7.236802823665227958e-11,233,False,False
1679,111100010110,0.000000000000000000e+00,1676,False,False
1680,000010010110,1.446759211998076248e-10,105,False,False
1681,100010010110,9.058538966679600099e-14,842,False,False
1682,010010010110,1.449168946736217236e-10,70,False,False
1683,110010010110,0.000000000000000000e+00,1710,False,False
1684,001010010110,0.000000000000000000e+00,1709,False,False
1685,101010010110,0.000000000000000000e+00,1708,False,False
1686,011010010110,0.000000000000000000e+00,1707,False,False
1687,111010010110,0.000000000000000000e+00,1706,False,False
1688,000110010110,0.000000000000000000e+00,1705,False,False
1689,100110010110,0.000000000000000000e+00,1704,False,False
1690,010110010110,0.000000000000000000e+00,1703,False,False
1691,110110010110,0.000000000000000000e+00,1702,False,False
1692,001110010110,0.000000000000000000e+00,1701,False,False
1693,101110010110,0.000000000000000000e+00,1700,False,False
1694,011110010110,0.000000000000000000e+00,1699,False,False
1695,111110010110,0.000000000000000000e+00,1698,False,False
1696,000001010110,0.000000000000000000e+00,1724,False,False
1697,100001010110,0.000000000000000000e+00,1723,False,False
1698,010001010110,0.000000000000000000e+00,1722,False,False
1699,110001010110,1.509008575647946805e-13,550,False,False
1700,001001010110,6.036826854379873618e-14,1134,False,False
1701,101001010110,0.000000000000000000e+00,1721,False,False
1702,011001010110,0.000000000000000000e+00,1720,False,False
1703,111001010110,0.000000000000000000e+00,1719,False,False
1704,000101010110,0.000000000000000000e+00,1718,False,False
1705,100101010110,0.000000000000000000e+00,1717,False,False
1706,010101010110,0.000000000000000000e+00,1716,False,False
1707,110101010110,0.000000000000000000e+00,1715,False,False
1708,001101010110,0.000000000000000000e+00,1714,False,False
1709,101101010110,0.000000000000000000e+00,1713,False,False
1710,011101010110,0.000000000000000000e+00,1712,False,False
1711,111101010110,0.000000000000000000e+00,1711,False,False
1712,000011010110,3.030410124228493964e-14,1483,False,False
1713,100011010110,0.000000000000000000e+00,1736,False,False
1714,010011010110,0.000000000000000000e+00,1735,False,False
1715,110011010110,3.037102362138163265e-14,1381,False,False
1716,001011010110,0.000000000000000000e+00,1734,False,False
1717,101011010110,0.000000000000000000e+00,1733,False,False
1718,011011010110,0.000000000000000000e+00,1732,False,False
1719,111011010110,0.000000000000000000e+00,1731,False,False
1720,000111010110,0.000000000000000000e+00,1730,False,False
1721,100111010110,0.000000000000000000e+00,1729,False,False
1722,010111010110,0.000000000000000000e+00,1728,False,False
1723,110111010110,0.000000000000000000e+00,1727,False,False
1724,001111010110,0.000000000000000000e+00,1726,False,False
1725,101111010110,3.036115738161200825e-14,1398,False,False
1726,011111010110,0.000000000000000000e+00,1725,False,False
1727,111111010110,3.041081384111186328e-14,1323,False,False
1728,000000110110,1.510309889305473036e-13,497,False,False
1729,100000110110,0.000000000000000000e+00,1756,False,False
1730,010000110110,7.245866992351687306e-11,190,False,False
1731,110000110110,1.206774751742512993e-13,678,False,False
1732,001000110110,1.448864315199207466e-10,84,False,False
1733,101000110110,0.000000000000000000e+00,1755,False,False
1734,011000110110,1.207963850475186975e-13,643,False,False
1735,111000110110,0.000000000000000000e+00,1754,False,False
1736,000100110110,2.413194427273536983e-13,375,False,False
1737,100100110110,3.038891295722764978e-14,1361,False,False
1738,010100110110,0.000000000000000000e+00,1753,False,False
1739,110100110110,0.000000000000000000e+00,1752,False,False
1740,001100110110,3.616889391072279997e-10,28,False,False
1741,101100110110,9.046954266466587435e-14,887,False,False
1742,011100110110,0.000000000000000000e+00,1751,False,False
1743,111100110110,6.054870689035471199e-14,1001,False,False
1744,000010110110,0.000000000000000000e+00,1768,False,False
1745,100010110110,9.060468846546624297e-14,832,False,False
1746,010010110110,9.066423826979003454e-14,796,False,False
1747,110010110110,0.000000000000000000e+00,1767,False,False
1748,001010110110,0.000000000000000000e+00,1766,False,False
1749,101010110110,0.000000000000000000e+00,1765,False,False
1750,011010110110,0.000000000000000000e+00,1764,False,False
1751,111010110110,0.000000000000000000e+00,1763,False,False
1752,000110110110,0.000000000000000000e+00,1762,False,False
1753,100110110110,0.000000000000000000e+00,1761,False,False
1754,010110110110,1.208818201787106057e-13,612,False,False
1755,110110110110,0.000000000000000000e+00,1760,False,False
1756,001110110110,0.000000000000000000e+00,1759,False,False
1757,101110110110,0.000000000000000000e+00,1758,False,False
1758,011110110110,0.000000000000000000e+00,1757,False,False
1759,111110110110,6.037051826330664360e-14,1132,False,False
1760,000001110110,3.015735447823896856e-13,303,False,False
1761,100001110110,0.000000000000000000e+00,1790,False,False
1762,010001110110,0.000000000000000000e+00,1789,False,False
1763,110001110110,0.000000000000000000e+00,1788,False,False
1764,001001110110,0.000000000000000000e+00,1787,False,False
1765,101001110110,0.000000000000000000e+00,1786,False,False
1766,011001110110,0.000000000000000000e+00,1785,False,False
1767,111001110110,0.000000000000000000e+00,1784,False,False
1768,000101110110,3.043192867842102479e-14,1299,False,False
1769,100101110110,0.000000000000000000e+00,1783,False,False
1770,010101110110,6.079663682214792307e-14,900,False,False
1771,110101110110,0.000000000000000000e+00,1782,False,False
1772,001101110110,0.000000000000000000e+00,1781,False,False
1773,101101110110,0.000000000000000000e+00,1780,False,False
1774,011101110110,6.061470769760479231e-14,960,False,False
1775,111101110110,0.000000000000000000e+00,1779,False,False
1776,000011110110,0.000000000000000000e+00,1801,False,False
1777,100011110110,3.035009851945264979e-14,1416,False,False
1778,010011110110,0.000000000000000000e+00,1800,False,False
1779,110011110110,9.074655631973602171e-14,744,False,False
1780,001011110110,3.028957293317362757e-14,1494,False,False
1781,101011110110,3.046697551364663766e-14,1260,False,False
1782,011011110110,0.000000000000000000e+00,1799,False,False
1783,111011110110,0.000000000000000000e+00,1798,False,False
1784,000111110110,0.000000000000000000e+00,1797,False,False
1785,100111110110,0.000000000000000000e+00,1796,False,False
1786,010111110110,0.000000000000000000e+00,1795,False,False
1787,110111110110,3.025523082936013660e-14,1535,False,False
1788,001111110110,0.000000000000000000e+00,1794,False,False
1789,101111110110,0.000000000000000000e+00,1793,False,False
1790,011111110110,0.000000000000000000e+00,1792,False,False
1791,111111110110,0.000000000000000000e+00,1791,False,False
1792,000000001110,0.000000000000000000e+00,1816,False,False
1793,100000001110,0.000000000000000000e+00,1815,False,False
1794,010000001110,9.085419049040957065e-14,708,False,False
1795,110000001110,9.070009825664500522e-14,775,False,False
1796,001000001110,9.079466779114009121e-14,728,False,False
1797,101000001110,3.047602860178689162e-14,1250,False,False
1798,011000001110,6.036642540010551082e-14,1136,False,False
1799,111000001110,6.047308378882382281e-14,1065,False,False
1800,000100001110,6.040751666244273669e-14,1118,False,False
1801,100100001110,9.079333964347879647e-14,729,False,False
1802,010100001110,0.000000000000000000e+00,1814,False,False
1803,110100001110,6.054691795677011091e-14,1006,False,False
1804,001100001110,9.047981548025017451e-14,884,False,False
1805,101100001110,2.112274927451699481e-13,411,False,False
1806,011100001110,7.236812538116693428e-11,227,False,False
1807,111100001110,0.000000000000000000e+00,1813,False,False
1808,000010001110,0.000000000000000000e+00,1829,False,False
1809,100010001110,0.000000000000000000e+00,1828,False,False
1810,010010001110,0.000000000000000000e+00,1827,False,False
1811,110010001110,0.000000000000000000e+00,1826,False,False
1812,001010001110,1.510165690416532212e-13,501,False,False
1813,101010001110,0.000000000000000000e+00,1825,False,False
1814,011010001110,0.000000000000000000e+00,1824,False,False
1815,111010001110,0.000000000000000000e+00,1823,False,False
1816,000110001110,0.000000000000000000e+00,1822,False,False
1817,100110001110,0.000000000000000000e+00,1821,False,False
1818,010110001110,3.026984045363438508e-14,1519,False,False
1819,110110001110,0.000000000000000000e+00,1820,False,False
1820,001110001110,0.000000000000000000e+00,1819,False,False
1821,101110001110,0.000000000000000000e+00,1818,False,False
1822,011110001110,0.000000000000000000e+00,1817,False,False
1823,111110001110,9.066556641745132929e-14,795,False,False
1824,000001001110,0.000000000000000000e+00,1854,False,False
1825,100001001110,0.000000000000000000e+00,1853,False,False
1826,010001001110,0.000000000000000000e+00,1852,False,False
1827,110001001110,0.000000000000000000e+00,1851,False,False
1828,001001001110,0.000000000000000000e+00,1850,False,False
1829,101001001110,0.000000000000000000e+00,1849,False,False
1830,011001001110,0.000000000000000000e+00,1848,False,False
1831,111001001110,0.000000000000000000e+00,1847,False,False
1832,000101001110,0.000000000000000000e+00,1846,False,False
1833,100101001110,0.000000000000000000e+00,1845,False,False
1834,010101001110,0.000000000000000000e+00,1844,False,False
1835,110101001110,1.508999359929480678e-13,551,False,False
1836,001101001110,0.000000000000000000e+00,1843,False,False
1837,101101001110,0.000000000000000000e+00,1842,False,False
1838,011101001110,0.000000000000000000e+00,1841,False,False
1839,111101001110,3.317327152992675876e-13,288,False,False
1840,000011001110,9.051808781693893806e-14,875,False,False
1841,100011001110,1.810325706616543366e-13,466,False,False
1842,010011001110,0.000000000000000000e+00,1864,False,False
1843,110011001110,0.000000000000000000e+00,1863,False,False
1844,001011001110,0.000000000000000000e+00,1862,False,False
1845,101011001110,9.082293836278766336e-14,719,False,False
1846,011011001110,0.000000000000000000e+00,1861,False,False
1847,111011001110,0.000000000000000000e+00,1860,False,False
1848,000111001110,0.000000000000000000e+00,1859,False,False
1849,100111001110,0.000000000000000000e+00,1858,False,False
1850,010111001110,0.000000000000000000e+00,1857,False,False
1851,110111001110,9.054440682467602368e-14,865,False,False
1852,001111001110,0.000000000000000000e+00,1856,False,False
1853,101111001110,3.023750412383999229e-14,1549,False,False
1854,011111001110,9.071346104842088907e-14,762,False,False
1855,111111001110,0.000000000000000000e+00,1855,False,False
1856,000000101110,0.000000000000000000e+00,1876,False,False
1857,100000101110,0.000000000000000000e+00,1875,False,False
1858,010000101110,6.049349389472086243e-14,1048,False,False
1859,110000101110,0.000000000000000000e+00,1874,False,False
1860,001000101110,0.000000000000000000e+00,1873,False,False
1861,101000101110,0.000000000000000000e+00,1872,False,False
1862,011000101110,0.000000000000000000e+00,1871,False,False
1863,111000101110,0.000000000000000000e+00,1870,False,False
1864,000100101110,0.000000000000000000e+00,1869,False,False
1865,100100101110,0.000000000000000000e+00,1868,False,False
1866,010100101110,1.448262870307053461e-10,95,False,False
1867,110100101110,0.000000000000000000e+00,1867,False,False
1868,001100101110,6.057491747787456168e-14,984,False,False
1869,101100101110,9.050407450385955029e-14,880,False,False
1870,011100101110,0.000000000000000000e+00,1866,False,False
1871,111100101110,0.000000000000000000e+00,1865,False,False
1872,000010101110,3.039452370347026227e-14,1346,False,False
1873,100010101110,6.050371250019653831e-14,1041,False,False
1874,010010101110,0.000000000000000000e+00,1889,False,False
1875,110010101110,0.000000000000000000e+00,1888,False,False
1876,001010101110,3.019134421634640301e-14,1572,False,False
1877,101010101110,0.000000000000000000e+00,1887,False,False
1878,011010101110,0.000000000000000000e+00,1886,False,False
1879,111010101110,0.000000000000000000e+00,1885,False,False
1880,000110101110,0.000000000000000000e+00,1884,False,False
1881,100110101110,0.000000000000000000e+00,1883,False,False
1882,010110101110,0.000000000000000000e+00,1882,False,False
1883,110110101110,0.000000000000000000e+00,1881,False,False
1884,001110101110,0.000000000000000000e+00,1880,False,False
1885,101110101110,0.000000000000000000e+00,1879,False,False
1886,011110101110,0.000000000000000000e+00,1878,False,False
1887,111110101110,0.000000000000000000e+00,1877,False,False
1888,000001101110,0.000000000000000000e+00,1916,False,False
1889,100001101110,0.000000000000000000e+00,1915,False,False
1890,010001101110,0.000000000000000000e+00,1914,False,False
1891,110001101110,0.000000000000000000e+00,1913,False,False
1892,001001101110,0.000000000000000000e+00,1912,False,False
1893,101001101110,0.000000000000000000e+00,1911,False,False
1894,011001101110,3.039387318216677097e-14,1347,False,False
1895,111001101110,0.000000000000000000e+00,1910,False,False
1896,000101101110,0.000000000000000000e+00,1909,False,False
1897,100101101110,0.000000000000000000e+00,1908,False,False
1898,010101101110,2.111173649094997077e-13,427,False,False
1899,110101101110,0.000000000000000000e+00,1907,False,False
1900,001101101110,0.000000000000000000e+00,1906,False,False
1901,101101101110,0.000000000000000000e+00,1905,False,False
1902,011101101110,7.245873519248765669e-11,187,False,False
1903,111101101110,1.208253603505783978e-13,626,False,False
1904,000011101110,3.046543052555083950e-14,1262,False,False
1905,100011101110,0.000000000000000000e+00,1930,False,False
1906,010011101110,0.000000000000000000e+00,1929,False,False
1907,110011101110,3.025810396511722319e-14,1533,False,False
1908,001011101110,0.000000000000000000e+00,1928,False,False
1909,101011101110,0.000000000000000000e+00,1927,False,False
1910,011011101110,0.000000000000000000e+00,1926,False,False
1911,111011101110,0.000000000000000000e+00,1925,False,False
1912,000111101110,0.000000000000000000e+00,1924,False,False
1913,100111101110,0.000000000000000000e+00,1923,False,False
1914,010111101110,0.000000000000000000e+00,1922,False,False
1915,110111101110,0.000000000000000000e+00,1921,False,False
1916,001111101110,0.000000000000000000e+00,1920,False,False
1917,101111101110,0.000000000000000000e+00,1919,False,False
1918,011111101110,0.000000000000000000e+00,1918,False,False
1919,111111101110,0.000000000000000000e+00,1917,False,False
1920,000000011110,7.266931685310374098e-11,117,False,False
1921,100000011110,0.000000000000000000e+00,1946,False,False
1922,010000011110,0.000000000000000000e+00,1945,False,False
1923,110000011110,0.000000000000000000e+00,1944,False,False
1924,001000011110,0.000000000000000000e+00,1943,False,False
1925,101000011110,1.508797698325398122e-13,559,False,False
1926,011000011110,0.000000000000000000e+00,1942,False,False
1927,111000011110,9.060127322862291363e-14,836,False,False
1928,000100011110,9.065437203002041645e-14,798,False,False
1929,100100011110,6.087624436666270910e-14,896,False,False
1930,010100011110,1.507442174559247615e-13,578,False,False
1931,110100011110,1.509529534791826090e-13,528,False,False
1932,001100011110,0.000000000000000000e+00,1941,False,False
1933,101100011110,9.068258839155936433e-14,788,False,False
1934,011100011110,7.230779863756633898e-11,255,False,False
1935,111100011110,1.508520142569241833e-13,567,False,False
1936,000010011110,9.084399898998819429e-14,710,False,False
1937,100010011110,3.015272222445702424e-13,309,False,False
1938,010010011110,9.091794157815174355e-14,694,False,False
1939,110010011110,2.713450937466899599e-13,354,False,False
1940,001010011110,3.041685826822346997e-14,1318,False,False
1941,101010011110,3.022969786819809035e-14,1558,False,False
1942,011010011110,0.000000000000000000e+00,1959,False,False
1943,111010011110,3.028770268442609008e-14,1498,False,False
1944,000110011110,0.000000000000000000e+00,1958,False,False
1945,100110011110,0.000000000000000000e+00,1957,False,False
1946,010110011110,0.000000000000000000e+00,1956,False,False
1947,110110011110,0.000000000000000000e+00,1955,False,False
1948,001110011110,0.000000000000000000e+00,1954,False,False
1949,101110011110,3.048123277221482204e-14,1246,False,False
1950,011110011110,7.230781034694980183e-11,253,False,False
1951,111110011110,0.000000000000000000e+00,1953,False,False
1952,000001011110,3.028252561905246548e-14,1505,False,False
1953,100001011110,0.000000000000000000e+00,1977,False,False
1954,010001011110,0.000000000000000000e+00,1976,False,False
1955,110001011110,3.051939668868633073e-14,1204,False,False
1956,001001011110,2.412880008643516186e-13,380,False,False
1957,101001011110,6.054865268024608771e-14,1002,False,False
1958,011001011110,6.057719430243678124e-14,982,False,False
1959,111001011110,0.000000000000000000e+00,1975,False,False
1960,000101011110,0.000000000000000000e+00,1974,False,False
1961,100101011110,0.000000000000000000e+00,1973,False,False
1962,010101011110,6.062359815541917345e-14,954,False,False
1963,110101011110,7.260921548802975111e-11,126,False,False
1964,001101011110,0.000000000000000000e+00,1972,False,False
1965,101101011110,9.070465190576944434e-14,770,False,False
1966,011101011110,0.000000000000000000e+00,1971,False,False
1967,111101011110,0.000000000000000000e+00,1970,False,False
1968,000011011110,6.043863326479308329e-14,1089,False,False
1969,100011011110,0.000000000000000000e+00,1991,False,False
1970,010011011110,0.000000000000000000e+00,1990,False,False
1971,110011011110,0.000000000000000000e+00,1989,False,False
1972,001011011110,0.000000000000000000e+00,1988,False,False
1973,101011011110,0.000000000000000000e+00,1987,False,False
1974,011011011110,0.000000000000000000e+00,1986,False,False
1975,111011011110,0.000000000000000000e+00,1985,False,False
1976,000111011110,0.000000000000000000e+00,1984,False,False
1977,100111011110,0.000000000000000000e+00,1983,False,False
1978,010111011110,0.000000000000000000e+00,1982,False,False
1979,110111011110,0.000000000000000000e+00,1981,False,False
1980,001111011110,0.000000000000000000e+00,1980,False,False
1981,101111011110,0.000000000000000000e+00,1979,False,False
1982,011111011110,6.062208027237769374e-14,955,False,False
1983,111111011110,0.000000000000000000e+00,1978,False,False
1984,000000111110,0.000000000000000000e+00,2011,False,False
1985,100000111110,6.055358580013089676e-14,996,False,False
1986,010000111110,0.000000000000000000e+00,2010,False,False
1987,110000111110,3.053658129312023228e-14,1198,False,False
1988,001000111110,2.713128116270042040e-13,360,False,False
1989,101000111110,0.000000000000000000e+00,2009,False,False
1990,011000111110,0.000000000000000000e+00,2008,False,False
1991,111000111110,0.000000000000000000e+00,2007,False,False
1992,000100111110,0.000000000000000000e+00,2006,False,False
1993,100100111110,1.208474780748971021e-13,618,False,False
1994,010100111110,0.000000000000000000e+00,2005,False,False
1995,110100111110,0.000000000000000000e+00,2004,False,False
1996,001100111110,9.076582801335196417e-14,739,False,False
1997,101100111110,1.509429788191957423e-13,532,False,False
1998,011100111110,3.024490380366720586e-14,1543,False,False
1999,111100111110,0.000000000000000000e+00,2003,False,False
2000,000010111110,0.000000000000000000e+00,2025,False,False
2001,100010111110,0.000000000000000000e+00,2024,False,False
2002,010010111110,0.000000000000000000e+00,2023,False,False
2003,110010111110,9.068762993166142192e-14,785,False,False
2004,001010111110,0.000000000000000000e+00,2022,False,False
2005,101010111110,0.000000000000000000e+00,2021,False,False
2006,011010111110,0.000000000000000000e+00,2020,False,False
2007,111010111110,0.000000000000000000e+00,2019,False,False
2008,000110111110,0.000000000000000000e+00,2018,False,False
2009,100110111110,3.026829546553858693e-14,1521,False,False
2010,010110111110,0.000000000000000000e+00,2017,False,False
2011,110110111110,0.000000000000000000e+00,2016,False,False
2012,001110111110,0.000000000000000000e+00,2015,False,False
2013,101110111110,0.000000000000000000e+00,2014,False,False
2014,011110111110,0.000000000000000000e+00,2013,False,False
2015,111110111110,0.000000000000000000e+00,2012,False,False
2016,000001111110,3.034497566418765578e-14,1422,False,False
2017,100001111110,0.000000000000000000e+00,2037,False,False
2018,010001111110,0.000000000000000000e+00,2036,False,False
2019,110001111110,0.000000000000000000e+00,2035,False,False
2020,001001111110,0.000000000000000000e+00,2034,False,False
2021,101001111110,3.037714936365617575e-14,1377,False,False
2022,011001111110,0.000000000000000000e+00,2033,False,False
2023,111001111110,3.047472755917990901e-14,1253,False,False
2024,000101111110,0.000000000000000000e+00,2032,False,False
2025,100101111110,0.000000000000000000e+00,2031,False,False
2026,010101111110,0.000000000000000000e+00,2030,False,False
2027,110101111110,3.023067365015332730e-14,1555,False,False
2028,001101111110,0.000000000000000000e+00,2029,False,False
2029,101101111110,0.000000000000000000e+00,2028,False,False
2030,011101111110,0.000000000000000000e+00,2027,False,False
2031,111101111110,0.000000000000000000e+00,2026,False,False
2032,000011111110,2.894114054312055203e-10,35,False,False
2033,100011111110,0.000000000000000000e+00,2063,False,False
2034,010011111110,0.000000000000000000e+00,2062,False,False
2035,110011111110,0.000000000000000000e+00,2061,False,False
2036,001011111110,0.000000000000000000e+00,2060,False,False
2037,101011111110,3.027344542585789938e-14,1515,False,False
2038,011011111110,0.000000000000000000e+00,2059,False,False
2039,111011111110,0.000000000000000000e+00,2058,False,False
2040,000111111110,0.000000000000000000e+00,2057,False,False
2041,100111111110,3.014128118103186591e-14,1585,False,False
2042,010111111110,0.000000000000000000e+00,2056,False,False
2043,110111111110,0.000000000000000000e+00,2055,False,False
2044,001111111110,0.000000000000000000e+00,2054,False,False
2045,101111111110,0.000000000000000000e+00,2053,False,False
2046,011111111110,0.000000000000000000e+00,2052,False,False
2047,111111111110,0.000000000000000000e+00,2051,False,False
2048,000000000001,7.266933626032262847e-11,114,False,False
2049,100000000001,3.618561342495077295e-13,273,False,False
2050,010000000001,6.068214507273341593e-14,932,False,False
2051,110000000001,2.714847389865061433e-13,336,False,False
2052,001000000001,0.000000000000000000e+00,2073,False,False
2053,101000000001,1.449169188242251157e-10,68,False,False
2054,011000000001,1.509068477817976629e-13,547,False,False
2055,111000000001,7.251876700599228162e-11,162,False,False
2056,000100000001,0.000000000000000000e+00,2072,False,False
2057,100100000001,3.017114281936755801e-13,296,False,False
2058,010100000001,1.509866450616926213e-13,512,False,False
2059,110100000001,3.042897422750100179e-14,1302,False,False
2060,001100000001,3.040775096997459173e-14,1327,False,False
2061,101100000001,2.172242580853309855e-10,41,False,False
2062,011100000001,0.000000000000000000e+00,2071,False,False
2063,111100000001,3.051603566195162566e-14,1208,False,False
2064,000010000001,1.508599018277290153e-13,563,False,False
2065,100010000001,1.448564330823759513e-10,89,False,False
2066,010010000001,6.041413029569489826e-14,1113,False,False
2067,110010000001,0.000000000000000000e+00,2083,False,False
2068,001010000001,0.000000000000000000e+00,2082,False,False
2069,101010000001,0.000000000000000000e+00,2081,False,False
2070,011010000001,0.000000000000000000e+00,2080,False,False
2071,111010000001,0.000000000000000000e+00,2079,False,False
2072,000110000001,9.061924387963187349e-14,818,False,False
2073,100110000001,3.037828777593728553e-14,1374,False,False
2074,010110000001,0.000000000000000000e+00,2078,False,False
2075,110110000001,0.000000000000000000e+00,2077,False,False
2076,001110000001,0.000000000000000000e+00,2076,False,False
2077,101110000001,0.000000000000000000e+00,2075,False,False
2078,011110000001,7.239833949362890425e-11,207,False,False
2079,111110000001,0.000000000000000000e+00,2074,False,False
2080,000001000001,3.048234407944161968e-14,1244,False,False
2081,100001000001,0.000000000000000000e+00,2108,False,False
2082,010001000001,9.090926796077184690e-14,698,False,False
2083,110001000001,2.414530435400582750e-13,367,False,False
2084,001001000001,1.208182859314029299e-13,631,False,False
2085,101001000001,0.000000000000000000e+00,2107,False,False
2086,011001000001,1.208956979665184201e-13,608,False,False
2087,111001000001,1.809547791557784764e-13,476,False,False
2088,000101000001,3.036590076611663233e-14,1390,False,False
2089,100101000001,0.000000000000000000e+00,2106,False,False
2090,010101000001,0.000000000000000000e+00,2105,False,False
2091,110101000001,3.042978737913036592e-14,1301,False,False
2092,001101000001,3.043485602428674197e-14,1294,False,False
2093,101101000001,2.414613918967864134e-13,366,False,False
2094,011101000001,7.236831967019624368e-11,219,False,False
2095,111101000001,0.000000000000000000e+00,2104,False,False
2096,000011000001,1.210152854661436218e-13,591,False,False
2097,100011000001,0.000000000000000000e+00,2121,False,False
2098,010011000001,2.112049684450365617e-13,416,False,False
2099,110011000001,2.714253247074538872e-13,342,False,False
2100,001011000001,0.000000000000000000e+00,2120,False,False
2101,101011000001,3.020530331931716019e-14,1566,False,False
2102,011011000001,0.000000000000000000e+00,2119,False,False
2103,111011000001,0.000000000000000000e+00,2118,False,False
2104,000111000001,9.067952552042208016e-14,790,False,False
2105,100111000001,0.000000000000000000e+00,2117,False,False
2106,010111000001,0.000000000000000000e+00,2116,False,False
2107,110111000001,3.015209338719698265e-13,312,False,False
2108,001111000001,1.510175448236084581e-13,499,False,False
2109,101111000001,0.000000000000000000e+00,2115,False,False
2110,011111000001,6.064202959235143965e-14,947,False,False
2111,111111000001,1.508279991788036293e-13,572,False,False
2112,000000100001,3.084772021156937983e-14,1157,False,False
2113,100000100001,2.111396723691985970e-13,426,False,False
2114,010000100001,7.236832552488797510e-11,218,False,False
2115,110000100001,2.895017380933459269e-10,31,False,False
2116,001000100001,1.510569013624697072e-13,491,False,False
2117,101000100001,0.000000000000000000e+00,2142,False,False
2118,011000100001,0.000000000000000000e+00,2141,False,False
2119,111000100001,3.051701144390686262e-14,1205,False,False
2120,000100100001,7.245856367170396948e-11,198,False,False
2121,100100100001,0.000000000000000000e+00,2140,False,False
2122,010100100001,0.000000000000000000e+00,2139,False,False
2123,110100100001,1.508815587661244133e-13,558,False,False
2124,001100100001,3.046066003599190328e-14,1268,False,False
2125,101100100001,1.448865639823211700e-10,79,False,False
2126,011100100001,9.067573081281838089e-14,792,False,False
2127,111100100001,2.111937740576056489e-13,419,False,False
2128,000010100001,0.000000000000000000e+00,2153,False,False
2129,100010100001,0.000000000000000000e+00,2152,False,False
2130,010010100001,0.000000000000000000e+00,2151,False,False
2131,110010100001,0.000000000000000000e+00,2150,False,False
2132,001010100001,0.000000000000000000e+00,2149,False,False
2133,101010100001,0.000000000000000000e+00,2148,False,False
2134,011010100001,6.061102141021834160e-14,962,False,False
2135,111010100001,0.000000000000000000e+00,2147,False,False
2136,000110100001,9.066868349869722511e-14,794,False,False
2137,100110100001,0.000000000000000000e+00,2146,False,False
2138,010110100001,0.000000000000000000e+00,2145,False,False
2139,110110100001,9.061211525034776867e-14,824,False,False
2140,001110100001,3.316946326979589837e-13,290,False,False
2141,101110100001,0.000000000000000000e+00,2144,False,False
2142,011110100001,0.000000000000000000e+00,2143,False,False
2143,111110100001,1.508949486629546345e-13,554,False,False
2144,000001100001,7.263937780273293058e-11,124,False,False
2145,100001100001,1.508432322193270507e-13,570,False,False
2146,010001100001,0.000000000000000000e+00,2168,False,False
2147,110001100001,6.072087819534547320e-14,915,False,False
2148,001001100001,3.037587542610350528e-14,1378,False,False
2149,101001100001,3.040756123459440677e-14,1328,False,False
2150,011001100001,0.000000000000000000e+00,2167,False,False
2151,111001100001,7.266934105791724172e-11,113,False,False
2152,000101100001,1.509660452204153967e-13,520,False,False
2153,100101100001,9.076845720362024152e-14,736,False,False
2154,010101100001,2.112899698953594505e-13,400,False,False
2155,110101100001,0.000000000000000000e+00,2166,False,False
2156,001101100001,6.042605651959223881e-14,1102,False,False
2157,101101100001,3.042751055456814636e-14,1303,False,False
2158,011101100001,0.000000000000000000e+00,2165,False,False
2159,111101100001,0.000000000000000000e+00,2164,False,False
2160,000011100001,0.000000000000000000e+00,2187,False,False
2161,100011100001,0.000000000000000000e+00,2186,False,False
2162,010011100001,0.000000000000000000e+00,2185,False,False
2163,110011100001,0.000000000000000000e+00,2184,False,False
2164,001011100001,0.000000000000000000e+00,2183,False,False
2165,101011100001,9.069174989991686684e-14,781,False,False
2166,011011100001,3.056084031672960176e-14,1187,False,False
2167,111011100001,3.058856878729093115e-14,1178,False,False
2168,000111100001,0.000000000000000000e+00,2182,False,False
2169,100111100001,6.069176736701422479e-14,927,False,False
2170,010111100001,0.000000000000000000e+00,2181,False,False
2171,110111100001,0.000000000000000000e+00,2180,False,False
2172,001111100001,0.000000000000000000e+00,2179,False,False
2173,101111100001,3.031697614308320501e-14,1465,False,False
2174,011111100001,0.000000000000000000e+00,2178,False,False
2175,111111100001,0.000000000000000000e+00,2177,False,False
2176,000000010001,3.026138367668899184e-14,1525,False,False
2177,100000010001,0.000000000000000000e+00,2196,False,False
2178,010000010001,3.026723836842041356e-14,1522,False,False
2179,110000010001,0.000000000000000000e+00,2195,False,False
2180,001000010001,0.000000000000000000e+00,2194,False,False
2181,101000010001,6.071675822709002828e-14,918,False,False
2182,011000010001,0.000000000000000000e+00,2193,False,False
2183,111000010001,0.000000000000000000e+00,2192,False,False
2184,000100010001,0.000000000000000000e+00,2191,False,False
2185,100100010001,7.248882616668788662e-11,173,False,False
2186,010100010001,0.000000000000000000e+00,2190,False,False
2187,110100010001,2.412777280487673185e-13,382,False,False
2188,001100010001,0.000000000000000000e+00,2189,False,False
2189,101100010001,3.071341466745268117e-14,1160,False,False
2190,011100010001,7.236815313674254991e-11,224,False,False
2191,111100010001,0.000000000000000000e+00,2188,False,False
2192,000010010001,1.207587632321334504e-13,655,False,False
2193,100010010001,0.000000000000000000e+00,2218,False,False
2194,010010010001,0.000000000000000000e+00,2217,False,False
2195,110010010001,0.000000000000000000e+00,2216,False,False
2196,001010010001,0.000000000000000000e+00,2215,False,False
2197,101010010001,7.275965883938280516e-11,109,False,False
2198,011010010001,0.000000000000000000e+00,2214,False,False
2199,111010010001,0.000000000000000000e+00,2213,False,False
2200,000110010001,0.000000000000000000e+00,2212,False,False
2201,100110010001,0.000000000000000000e+00,2211,False,False
2202,010110010001,3.028198351796622273e-14,1507,False,False
2203,110110010001,0.000000000000000000e+00,2210,False,False
2204,001110010001,0.000000000000000000e+00,2209,False,False
2205,101110010001,1.512270939984956950e-13,483,False,False
2206,011110010001,7.230782422473760964e-11,252,False,False
2207,111110010001,6.073329231022043223e-14,912,False,False
2208,000001010001,3.041100357649204825e-14,1322,False,False
2209,100001010001,0.000000000000000000e+00,2233,False,False
2210,010001010001,0.000000000000000000e+00,2232,False,False
2211,110001010001,0.000000000000000000e+00,2231,False,False
2212,001001010001,0.000000000000000000e+00,2230,False,False
2213,101001010001,0.000000000000000000e+00,2229,False,False
2214,011001010001,0.000000000000000000e+00,2228,False,False
2215,111001010001,0.000000000000000000e+00,2227,False,False
2216,000101010001,0.000000000000000000e+00,2226,False,False
2217,100101010001,0.000000000000000000e+00,2225,False,False
2218,010101010001,0.000000000000000000e+00,2224,False,False
2219,110101010001,0.000000000000000000e+00,2223,False,False
2220,001101010001,0.000000000000000000e+00,2222,False,False
2221,101101010001,0.000000000000000000e+00,2221,False,False
2222,011101010001,0.000000000000000000e+00,2220,False,False
2223,111101010001,0.000000000000000000e+00,2219,False,False
2224,000011010001,0.000000000000000000e+00,2254,False,False
2225,100011010001,1.507929252385236980e-13,575,False,False
2226,010011010001,3.045588954643296706e-14,1276,False,False
2227,110011010001,0.000000000000000000e+00,2253,False,False
2228,001011010001,0.000000000000000000e+00,2252,False,False
2229,101011010001,0.000000000000000000e+00,2251,False,False
2230,011011010001,0.000000000000000000e+00,2250,False,False
2231,111011010001,0.000000000000000000e+00,2249,False,False
2232,000111010001,0.000000000000000000e+00,2248,False,False
2233,100111010001,0.000000000000000000e+00,2247,False,False
2234,010111010001,0.000000000000000000e+00,2246,False,False
2235,110111010001,1.510596389729552331e-13,490,False,False
2236,001111010001,6.045760680281157961e-14,1075,False,False
2237,101111010001,3.031301880515363292e-14,1472,False,False
2238,011111010001,0.000000000000000000e+00,2245,False,False
2239,111111010001,2.713383174831119255e-13,356,False,False
2240,000000110001,0.000000000000000000e+00,2264,False,False
2241,100000110001,0.000000000000000000e+00,2263,False,False
2242,010000110001,0.000000000000000000e+00,2262,False,False
2243,110000110001,3.064218258472035828e-14,1167,False,False
2244,001000110001,0.000000000000000000e+00,2261,False,False
2245,101000110001,0.000000000000000000e+00,2260,False,False
2246,011000110001,0.000000000000000000e+00,2259,False,False
2247,111000110001,0.000000000000000000e+00,2258,False,False
2248,000100110001,0.000000000000000000e+00,2257,False,False
2249,100100110001,0.000000000000000000e+00,2256,False,False
2250,010100110001,9.060959448029673988e-14,829,False,False
2251,110100110001,0.000000000000000000e+00,2255,False,False
2252,001100110001,3.035570926569526859e-14,1405,False,False
2253,101100110001,3.054319492637239386e-14,1194,False,False
2254,011100110001,6.059909518632098843e-14,968,False,False
2255,111100110001,3.039194872331060920e-14,1354,False,False
2256,000010110001,0.000000000000000000e+00,2275,False,False
2257,100010110001,1.509609223651504027e-13,522,False,False
2258,010010110001,6.079230001345798105e-14,901,False,False
2259,110010110001,0.000000000000000000e+00,2274,False,False
2260,001010110001,9.054269920625435901e-14,866,False,False
2261,101010110001,0.000000000000000000e+00,2273,False,False
2262,011010110001,0.000000000000000000e+00,2272,False,False
2263,111010110001,0.000000000000000000e+00,2271,False,False
2264,000110110001,0.000000000000000000e+00,2270,False,False
2265,100110110001,0.000000000000000000e+00,2269,False,False
2266,010110110001,1.205912539964843643e-13,682,False,False
2267,110110110001,0.000000000000000000e+00,2268,False,False
2268,001110110001,0.000000000000000000e+00,2267,False,False
2269,101110110001,0.000000000000000000e+00,2266,False,False
2270,011110110001,0.000000000000000000e+00,2265,False,False
2271,111110110001,3.015666872036487148e-13,305,False,False
2272,000001110001,0.000000000000000000e+00,2302,False,False
2273,100001110001,0.000000000000000000e+00,2301,False,False
2274,010001110001,0.000000000000000000e+00,2300,False,False
2275,110001110001,0.000000000000000000e+00,2299,False,False
2276,001001110001,0.000000000000000000e+00,2298,False,False
2277,101001110001,0.000000000000000000e+00,2297,False,False
2278,011001110001,0.000000000000000000e+00,2296,False,False
2279,111001110001,0.000000000000000000e+00,2295,False,False
2280,000101110001,0.000000000000000000e+00,2294,False,False
2281,100101110001,0.000000000000000000e+00,2293,False,False
2282,010101110001,0.000000000000000000e+00,2292,False,False
2283,110101110001,0.000000000000000000e+00,2291,False,False
2284,001101110001,0.000000000000000000e+00,2290,False,False
2285,101101110001,0.000000000000000000e+00,2289,False,False
2286,011101110001,3.014602456553648999e-14,1584,False,False
2287,111101110001,9.054137105859306427e-14,867,False,False
2288,000011110001,0.000000000000000000e+00,2312,False,False
2289,100011110001,3.033383548686536091e-14,1435,False,False
2290,010011110001,0.000000000000000000e+00,2311,False,False
2291,110011110001,2.110528819852911071e-13,435,False,False
2292,001011110001,0.000000000000000000e+00,2310,False,False
2293,101011110001,3.048822587622735985e-14,1238,False,False
2294,011011110001,3.043463918385224486e-14,1295,False,False
2295,111011110001,0.000000000000000000e+00,2309,False,False
2296,000111110001,0.000000000000000000e+00,2308,False,False
2297,100111110001,0.000000000000000000e+00,2307,False,False
2298,010111110001,0.000000000000000000e+00,2306,False,False
2299,110111110001,0.000000000000000000e+00,2305,False,False
2300,001111110001,0.000000000000000000e+00,2304,False,False
2301,101111110001,9.073191959040746740e-14,749,False,False
2302,011111110001,0.000000000000000000e+00,2303,False,False
2303,111111110001,3.035714583357381188e-14,1404,False,False
2304,000000001001,2.171640172376475054e-10,46,False,False
2305,100000001001,0.000000000000000000e+00,2331,False,False
2306,010000001001,9.079304148788136296e-14,730,False,False
2307,110000001001,0.000000000000000000e+00,2330,False,False
2308,001000001001,1.209659542672955061e-13,598,False,False
2309,101000001001,9.083757509211621767e-14,713,False,False
2310,011000001001,0.000000000000000000e+00,2329,False,False
2311,111000001001,0.000000000000000000e+00,2328,False,False
2312,000100001001,1.447963693391173466e-10,97,False,False
2313,100100001001,9.112261184326277038e-14,683,False,False
2314,010100001001,0.000000000000000000e+00,2327,False,False
2315,110100001001,0.000000000000000000e+00,2326,False,False
2316,001100001001,0.000000000000000000e+00,2325,False,False
2317,101100001001,0.000000000000000000e+00,2324,False,False
2318,011100001001,7.239819854734648113e-11,211,False,False
2319,111100001001,3.039308713559171897e-14,1351,False,False
2320,000010001001,9.085798519801326992e-14,706,False,False
2321,100010001001,0.000000000000000000e+00,2342,False,False
2322,010010001001,0.000000000000000000e+00,2341,False,False
2323,110010001001,0.000000000000000000e+00,2340,False,False
2324,001010001001,3.055661192825690829e-14,1190,False,False
2325,101010001001,3.317759749659497592e-13,282,False,False
2326,011010001001,0.000000000000000000e+00,2339,False,False
2327,111010001001,0.000000000000000000e+00,2338,False,False
2328,000110001001,0.000000000000000000e+00,2337,False,False
2329,100110001001,3.029306948517989333e-14,1491,False,False
2330,010110001001,0.000000000000000000e+00,2336,False,False
2331,110110001001,0.000000000000000000e+00,2335,False,False
2332,001110001001,0.000000000000000000e+00,2334,False,False
2333,101110001001,0.000000000000000000e+00,2333,False,False
2334,011110001001,7.230783983724889343e-11,249,False,False
2335,111110001001,0.000000000000000000e+00,2332,False,False
2336,000001001001,0.000000000000000000e+00,2363,False,False
2337,100001001001,0.000000000000000000e+00,2362,False,False
2338,010001001001,0.000000000000000000e+00,2361,False,False
2339,110001001001,0.000000000000000000e+00,2360,False,False
2340,001001001001,6.059215629241708120e-14,972,False,False
2341,101001001001,0.000000000000000000e+00,2359,False,False
2342,011001001001,1.207994208136016569e-13,642,False,False
2343,111001001001,6.055553736404137067e-14,995,False,False
2344,000101001001,0.000000000000000000e+00,2358,False,False
2345,100101001001,0.000000000000000000e+00,2357,False,False
2346,010101001001,6.051951474686052716e-14,1030,False,False
2347,110101001001,3.015213133427301964e-13,311,False,False
2348,001101001001,0.000000000000000000e+00,2356,False,False
2349,101101001001,0.000000000000000000e+00,2355,False,False
2350,011101001001,0.000000000000000000e+00,2354,False,False
2351,111101001001,0.000000000000000000e+00,2353,False,False
2352,000011001001,3.317490596470178065e-13,285,False,False
2353,100011001001,3.060862652748191930e-14,1175,False,False
2354,010011001001,3.032795369007962705e-14,1448,False,False
2355,110011001001,0.000000000000000000e+00,2373,False,False
2356,001011001001,2.111985716522188972e-13,417,False,False
2357,101011001001,0.000000000000000000e+00,2372,False,False
2358,011011001001,0.000000000000000000e+00,2371,False,False
2359,111011001001,0.000000000000000000e+00,2370,False,False
2360,000111001001,0.000000000000000000e+00,2369,False,False
2361,100111001001,0.000000000000000000e+00,2368,False,False
2362,010111001001,0.000000000000000000e+00,2367,False,False
2363,110111001001,0.000000000000000000e+00,2366,False,False
2364,001111001001,3.029748760903277176e-14,1488,False,False
2365,101111001001,2.714729211828260513e-13,337,False,False
2366,011111001001,0.000000000000000000e+00,2365,False,False
2367,111111001001,0.000000000000000000e+00,2364,False,False
2368,000000101001,1.811892649806328798e-13,453,False,False
2369,100000101001,0.000000000000000000e+00,2398,False,False
2370,010000101001,0.000000000000000000e+00,2397,False,False
2371,110000101001,0.000000000000000000e+00,2396,False,False
2372,001000101001,0.000000000000000000e+00,2395,False,False
2373,101000101001,0.000000000000000000e+00,2394,False,False
2374,011000101001,0.000000000000000000e+00,2393,False,False
2375,111000101001,0.000000000000000000e+00,2392,False,False
2376,000100101001,0.000000000000000000e+00,2391,False,False
2377,100100101001,0.000000000000000000e+00,2390,False,False
2378,010100101001,0.000000000000000000e+00,2389,False,False
2379,110100101001,0.000000000000000000e+00,2388,False,False
2380,001100101001,0.000000000000000000e+00,2387,False,False
2381,101100101001,6.034254584725651759e-14,1144,False,False
2382,011100101001,7.245871784525289692e-11,188,False,False
2383,111100101001,0.000000000000000000e+00,2386,False,False
2384,000010101001,9.055701067493118029e-14,857,False,False
2385,100010101001,1.508416059160683224e-13,571,False,False
2386,010010101001,6.074676352221357724e-14,908,False,False
2387,110010101001,0.000000000000000000e+00,2410,False,False
2388,001010101001,3.022527974434521192e-14,1561,False,False
2389,101010101001,0.000000000000000000e+00,2409,False,False
2390,011010101001,0.000000000000000000e+00,2408,False,False
2391,111010101001,0.000000000000000000e+00,2407,False,False
2392,000110101001,0.000000000000000000e+00,2406,False,False
2393,100110101001,0.000000000000000000e+00,2405,False,False
2394,010110101001,1.207183224910997159e-13,672,False,False
2395,110110101001,6.038661866556806597e-14,1128,False,False
2396,001110101001,1.209515343784014489e-13,600,False,False
2397,101110101001,0.000000000000000000e+00,2404,False,False
2398,011110101001,0.000000000000000000e+00,2403,False,False
2399,111110101001,0.000000000000000000e+00,2402,False,False
2400,000001101001,0.000000000000000000e+00,2428,False,False
2401,100001101001,3.039314134570034325e-14,1350,False,False
2402,010001101001,0.000000000000000000e+00,2427,False,False
2403,110001101001,2.714198494864828354e-13,344,False,False
2404,001001101001,1.209171651695336331e-13,606,False,False
2405,101001101001,0.000000000000000000e+00,2426,False,False
2406,011001101001,1.209473059899287554e-13,601,False,False
2407,111001101001,0.000000000000000000e+00,2425,False,False
2408,000101101001,0.000000000000000000e+00,2424,False,False
2409,100101101001,0.000000000000000000e+00,2423,False,False
2410,010101101001,2.172242266705730377e-10,43,False,False
2411,110101101001,3.047423966820229054e-14,1255,False,False
2412,001101101001,3.026680468755141936e-14,1523,False,False
2413,101101101001,0.000000000000000000e+00,2422,False,False
2414,011101101001,3.031776218965825700e-14,1463,False,False
2415,111101101001,1.509422198776750025e-13,533,False,False
2416,000011101001,1.449768457411695526e-10,62,False,False
2417,100011101001,0.000000000000000000e+00,2441,False,False
2418,010011101001,0.000000000000000000e+00,2440,False,False
2419,110011101001,6.068797265941052552e-14,930,False,False
2420,001011101001,0.000000000000000000e+00,2439,False,False
2421,101011101001,9.070291718229346754e-14,772,False,False
2422,011011101001,0.000000000000000000e+00,2438,False,False
2423,111011101001,0.000000000000000000e+00,2437,False,False
2424,000111101001,0.000000000000000000e+00,2436,False,False
2425,100111101001,0.000000000000000000e+00,2435,False,False
2426,010111101001,0.000000000000000000e+00,2434,False,False
2427,110111101001,0.000000000000000000e+00,2433,False,False
2428,001111101001,0.000000000000000000e+00,2432,False,False
2429,101111101001,0.000000000000000000e+00,2431,False,False
2430,011111101001,0.000000000000000000e+00,2430,False,False
2431,111111101001,0.000000000000000000e+00,2429,False,False
2432,000000011001,6.052276735337798367e-14,1025,False,False
2433,100000011001,3.032375240666124572e-14,1458,False,False
2434,010000011001,0.000000000000000000e+00,2460,False,False
2435,110000011001,0.000000000000000000e+00,2459,False,False
2436,001000011001,0.000000000000000000e+00,2458,False,False
2437,101000011001,0.000000000000000000e+00,2457,False,False
2438,011000011001,0.000000000000000000e+00,2456,False,False
2439,111000011001,0.000000000000000000e+00,2455,False,False
2440,000100011001,9.061067868246922538e-14,826,False,False
2441,100100011001,0.000000000000000000e+00,2454,False,False
2442,010100011001,3.029672866751203190e-14,1490,False,False
2443,110100011001,0.000000000000000000e+00,2453,False,False
2444,001100011001,0.000000000000000000e+00,2452,False,False
2445,101100011001,0.000000000000000000e+00,2451,False,False
2446,011100011001,0.000000000000000000e+00,2450,False,False
2447,111100011001,0.000000000000000000e+00,2449,False,False
2448,000010011001,1.207344771034697499e-13,669,False,False
2449,100010011001,0.000000000000000000e+00,2471,False,False
2450,010010011001,1.508908015896448774e-13,556,False,False
2451,110010011001,0.000000000000000000e+00,2470,False,False
2452,001010011001,1.209840604435760140e-13,595,False,False
2453,101010011001,0.000000000000000000e+00,2469,False,False
2454,011010011001,0.000000000000000000e+00,2468,False,False
2455,111010011001,0.000000000000000000e+00,2467,False,False
2456,000110011001,0.000000000000000000e+00,2466,False,False
2457,100110011001,0.000000000000000000e+00,2465,False,False
2458,010110011001,0.000000000000000000e+00,2464,False,False
2459,110110011001,0.000000000000000000e+00,2463,False,False
2460,001110011001,1.509481558845693606e-13,530,False,False
2461,101110011001,0.000000000000000000e+00,2462,False,False
2462,011110011001,7.230785631712191521e-11,246,False,False
2463,111110011001,0.000000000000000000e+00,2461,False,False
2464,000001011001,9.063062800244297128e-14,811,False,False
2465,100001011001,9.063786505194431203e-14,807,False,False
2466,010001011001,3.054392676283882158e-14,1193,False,False
2467,110001011001,0.000000000000000000e+00,2493,False,False
2468,001001011001,9.059398196901294861e-14,837,False,False
2469,101001011001,0.000000000000000000e+00,2492,False,False
2470,011001011001,3.043203709863827334e-14,1298,False,False
2471,111001011001,0.000000000000000000e+00,2491,False,False
2472,000101011001,0.000000000000000000e+00,2490,False,False
2473,100101011001,0.000000000000000000e+00,2489,False,False
2474,010101011001,0.000000000000000000e+00,2488,False,False
2475,110101011001,0.000000000000000000e+00,2487,False,False
2476,001101011001,0.000000000000000000e+00,2486,False,False
2477,101101011001,0.000000000000000000e+00,2485,False,False
2478,011101011001,0.000000000000000000e+00,2484,False,False
2479,111101011001,0.000000000000000000e+00,2483,False,False
2480,000011011001,0.000000000000000000e+00,2506,False,False
2481,100011011001,9.055595357781300692e-14,858,False,False
2482,010011011001,3.033922939267348261e-14,1426,False,False
2483,110011011001,0.000000000000000000e+00,2505,False,False
2484,001011011001,0.000000000000000000e+00,2504,False,False
2485,101011011001,3.023040259961020593e-14,1556,False,False
2486,011011011001,0.000000000000000000e+00,2503,False,False
2487,111011011001,0.000000000000000000e+00,2502,False,False
2488,000111011001,0.000000000000000000e+00,2501,False,False
2489,100111011001,0.000000000000000000e+00,2500,False,False
2490,010111011001,3.032925473268660966e-14,1444,False,False
2491,110111011001,0.000000000000000000e+00,2499,False,False
2492,001111011001,0.000000000000000000e+00,2498,False,False
2493,101111011001,6.036374199972860920e-14,1138,False,False
2494,011111011001,6.047202669170564944e-14,1067,False,False
2495,111111011001,3.040864543676689227e-14,1326,False,False
2496,000000111001,2.715115458852208474e-13,333,False,False
2497,100000111001,6.035279155778650561e-14,1140,False,False
2498,010000111001,7.248891179155445866e-11,170,False,False
2499,110000111001,0.000000000000000000e+00,2526,False,False
2500,001000111001,0.000000000000000000e+00,2525,False,False
2501,101000111001,0.000000000000000000e+00,2524,False,False
2502,011000111001,7.254879227754085892e-11,151,False,False
2503,111000111001,0.000000000000000000e+00,2523,False,False
2504,000100111001,0.000000000000000000e+00,2522,False,False
2505,100100111001,0.000000000000000000e+00,2521,False,False
2506,010100111001,0.000000000000000000e+00,2520,False,False
2507,110100111001,0.000000000000000000e+00,2519,False,False
2508,001100111001,2.111843686037593371e-13,420,False,False
2509,101100111001,0.000000000000000000e+00,2518,False,False
2510,011100111001,9.071389472928988327e-14,761,False,False
2511,111100111001,0.000000000000000000e+00,2517,False,False
2512,000010111001,9.064656577437850820e-14,802,False,False
2513,100010111001,0.000000000000000000e+00,2539,False,False
2514,010010111001,0.000000000000000000e+00,2538,False,False
2515,110010111001,0.000000000000000000e+00,2537,False,False
2516,001010111001,1.509514084910868171e-13,529,False,False
2517,101010111001,0.000000000000000000e+00,2536,False,False
2518,011010111001,0.000000000000000000e+00,2535,False,False
2519,111010111001,0.000000000000000000e+00,2534,False,False
2520,000110111001,2.409859421390970561e-13,395,False,False
2521,100110111001,0.000000000000000000e+00,2533,False,False
2522,010110111001,3.053785523067290275e-14,1197,False,False
2523,110110111001,0.000000000000000000e+00,2532,False,False
2524,001110111001,3.064031233597282079e-14,1168,False,False
2525,101110111001,0.000000000000000000e+00,2531,False,False
2526,011110111001,0.000000000000000000e+00,2530,False,False
2527,111110111001,0.000000000000000000e+00,2529,False,False
2528,000001111001,0.000000000000000000e+00,2551,False,False
2529,100001111001,0.000000000000000000e+00,2550,False,False
2530,010001111001,0.000000000000000000e+00,2549,False,False
2531,110001111001,0.000000000000000000e+00,2548,False,False
2532,001001111001,3.038953637347682895e-14,1360,False,False
2533,101001111001,0.000000000000000000e+00,2547,False,False
2534,011001111001,9.071237684624840356e-14,763,False,False
2535,111001111001,0.000000000000000000e+00,2546,False,False
2536,000101111001,0.000000000000000000e+00,2545,False,False
2537,100101111001,0.000000000000000000e+00,2544,False,False
2538,010101111001,0.000000000000000000e+00,2543,False,False
2539,110101111001,0.000000000000000000e+00,2542,False,False
2540,001101111001,3.028523612448368556e-14,1501,False,False
2541,101101111001,0.000000000000000000e+00,2541,False,False
2542,011101111001,0.000000000000000000e+00,2540,False,False
2543,111101111001,1.207826969950910680e-13,652,False,False
2544,000011111001,3.049654712790118610e-14,1225,False,False
2545,100011111001,0.000000000000000000e+00,2572,False,False
2546,010011111001,0.000000000000000000e+00,2571,False,False
2547,110011111001,0.000000000000000000e+00,2570,False,False
2548,001011111001,0.000000000000000000e+00,2569,False,False
2549,101011111001,3.051186148358755016e-14,1212,False,False
2550,011011111001,3.057168233845446311e-14,1182,False,False
2551,111011111001,3.045851873670124441e-14,1269,False,False
2552,000111111001,0.000000000000000000e+00,2568,False,False
2553,100111111001,7.245855383256925418e-11,199,False,False
2554,010111111001,0.000000000000000000e+00,2567,False,False
2555,110111111001,0.000000000000000000e+00,2566,False,False
2556,001111111001,9.078902993984316659e-14,731,False,False
2557,101111111001,9.072031862716187250e-14,756,False,False
2558,011111111001,0.000000000000000000e+00,2565,False,False
2559,111111111001,1.508991770514273280e-13,552,False,False
2560,000000000101,3.473657421434524731e-07,3,False,False
2561,100000000101,0.000000000000000000e+00,2589,False,False
2562,010000000101,3.044591488644609411e-14,1283,False,False
2563,110000000101,0.000000000000000000e+00,2588,False,False
2564,001000000101,0.000000000000000000e+00,2587,False,False
2565,101000000101,6.088513482447709023e-14,893,False,False
2566,011000000101,0.000000000000000000e+00,2586,False,False
2567,111000000101,0.000000000000000000e+00,2585,False,False
2568,000100000101,9.073731349621558279e-14,747,False,False
2569,100100000101,0.000000000000000000e+00,2584,False,False
2570,010100000101,6.043494697740661995e-14,1094,False,False
2571,110100000101,0.000000000000000000e+00,2583,False,False
2572,001100000101,6.050802220383218081e-14,1038,False,False
2573,101100000101,0.000000000000000000e+00,2582,False,False
2574,011100000101,7.236806987001570302e-11,232,False,False
2575,111100000101,2.111675905751400987e-13,423,False,False
2576,000010000101,9.094732345702611335e-14,687,False,False
2577,100010000101,3.041043437035149336e-14,1324,False,False
2578,010010000101,1.507147271568331558e-13,579,False,False
2579,110010000101,6.055266422828428408e-14,997,False,False
2580,001010000101,0.000000000000000000e+00,2607,False,False
2581,101010000101,0.000000000000000000e+00,2606,False,False
2582,011010000101,0.000000000000000000e+00,2605,False,False
2583,111010000101,0.000000000000000000e+00,2604,False,False
2584,000110000101,0.000000000000000000e+00,2603,False,False
2585,100110000101,4.339364303813075895e-10,22,False,False
2586,010110000101,3.618652686528109199e-13,272,False,False
2587,110110000101,6.044825555907389214e-14,1081,False,False
2588,001110000101,0.000000000000000000e+00,2602,False,False
2589,101110000101,0.000000000000000000e+00,2601,False,False
2590,011110000101,7.239818857268649426e-11,212,False,False
2591,111110000101,0.000000000000000000e+00,2600,False,False
2592,000001000101,3.317582753654839333e-13,283,False,False
2593,100001000101,1.207499540894820057e-13,663,False,False
2594,010001000101,3.025596266582656431e-14,1534,False,False
2595,110001000101,3.038658192255680595e-14,1365,False,False
2596,001001000101,3.033033893485909516e-14,1440,False,False
2597,101001000101,0.000000000000000000e+00,2623,False,False
2598,011001000101,3.317331218750822696e-13,287,False,False
2599,111001000101,0.000000000000000000e+00,2622,False,False
2600,000101000101,0.000000000000000000e+00,2621,False,False
2601,100101000101,0.000000000000000000e+00,2620,False,False
2602,010101000101,1.811565220750237924e-13,457,False,False
2603,110101000101,0.000000000000000000e+00,2619,False,False
2604,001101000101,0.000000000000000000e+00,2618,False,False
2605,101101000101,0.000000000000000000e+00,2617,False,False
2606,011101000101,6.057307433418133632e-14,985,False,False
2607,111101000101,3.048654536286000732e-14,1241,False,False
2608,000011000101,0.000000000000000000e+00,2632,False,False
2609,100011000101,0.000000000000000000e+00,2631,False,False
2610,010011000101,0.000000000000000000e+00,2630,False,False
2611,110011000101,9.082472729637226445e-14,718,False,False
2612,001011000101,0.000000000000000000e+00,2629,False,False
2613,101011000101,0.000000000000000000e+00,2628,False,False
2614,011011000101,2.111650698050890699e-13,424,False,False
2615,111011000101,3.051684881358098979e-14,1206,False,False
2616,000111000101,9.080681085547192886e-14,722,False,False
2617,100111000101,0.000000000000000000e+00,2627,False,False
2618,010111000101,3.013919409184983131e-13,321,False,False
2619,110111000101,3.316518338172001184e-13,291,False,False
2620,001111000101,0.000000000000000000e+00,2626,False,False
2621,101111000101,9.065960330550265901e-14,797,False,False
2622,011111000101,0.000000000000000000e+00,2625,False,False
2623,111111000101,0.000000000000000000e+00,2624,False,False
2624,000000100101,9.071389472928988327e-14,759,False,False
2625,100000100101,0.000000000000000000e+00,2651,False,False
2626,010000100101,2.413280079245163337e-13,374,False,False
2627,110000100101,0.000000000000000000e+00,2650,False,False
2628,001000100101,9.048729647524033711e-14,883,False,False
2629,101000100101,0.000000000000000000e+00,2649,False,False
2630,011000100101,0.000000000000000000e+00,2648,False,False
2631,111000100101,0.000000000000000000e+00,2647,False,False
2632,000100100101,9.057663473425316792e-14,846,False,False
2633,100100100101,0.000000000000000000e+00,2646,False,False
2634,010100100101,0.000000000000000000e+00,2645,False,False
2635,110100100101,0.000000000000000000e+00,2644,False,False
2636,001100100101,3.053872259241089116e-14,1196,False,False
2637,101100100101,0.000000000000000000e+00,2643,False,False
2638,011100100101,6.066848412536008596e-14,941,False,False
2639,111100100101,6.047541482349466665e-14,1064,False,False
2640,000010100101,1.510752243791847122e-13,487,False,False
2641,100010100101,0.000000000000000000e+00,2669,False,False
2642,010010100101,0.000000000000000000e+00,2668,False,False
2643,110010100101,0.000000000000000000e+00,2667,False,False
2644,001010100101,0.000000000000000000e+00,2666,False,False
2645,101010100101,0.000000000000000000e+00,2665,False,False
2646,011010100101,1.510091964668803198e-13,502,False,False
2647,111010100101,6.037203614634812331e-14,1131,False,False
2648,000110100101,0.000000000000000000e+00,2664,False,False
2649,100110100101,0.000000000000000000e+00,2663,False,False
2650,010110100101,0.000000000000000000e+00,2662,False,False
2651,110110100101,1.509251436934583558e-13,538,False,False
2652,001110100101,0.000000000000000000e+00,2661,False,False
2653,101110100101,0.000000000000000000e+00,2660,False,False
2654,011110100101,7.254896813513323607e-11,141,False,False
2655,111110100101,0.000000000000000000e+00,2659,False,False
2656,000001100101,0.000000000000000000e+00,2677,False,False
2657,100001100101,1.206598568889484098e-13,680,False,False
2658,010001100101,0.000000000000000000e+00,2676,False,False
2659,110001100101,6.033267960748688688e-14,1148,False,False
2660,001001100101,7.254881656366952260e-11,149,False,False
2661,101001100101,9.063894925411679753e-14,805,False,False
2662,011001100101,0.000000000000000000e+00,2675,False,False
2663,111001100101,6.044803871863939504e-14,1083,False,False
2664,000101100101,1.809886875787229858e-13,471,False,False
2665,100101100101,0.000000000000000000e+00,2674,False,False
2666,010101100101,3.043290446037626175e-14,1296,False,False
2667,110101100101,0.000000000000000000e+00,2673,False,False
2668,001101100101,0.000000000000000000e+00,2672,False,False
2669,101101100101,6.042928202105538319e-14,1099,False,False
2670,011101100101,0.000000000000000000e+00,2671,False,False
2671,111101100101,0.000000000000000000e+00,2670,False,False
2672,000011100101,6.054802926399690855e-14,1003,False,False
2673,100011100101,1.208034594666941654e-13,640,False,False
2674,010011100101,0.000000000000000000e+00,2695,False,False
2675,110011100101,0.000000000000000000e+00,2694,False,False
2676,001011100101,0.000000000000000000e+00,2693,False,False
2677,101011100101,0.000000000000000000e+00,2692,False,False
2678,011011100101,0.000000000000000000e+00,2691,False,False
2679,111011100101,6.052062605408732480e-14,1026,False,False
2680,000111100101,3.618488972000063888e-13,275,False,False
2681,100111100101,3.048941849861709391e-14,1236,False,False
2682,010111100101,3.033098945616258646e-14,1439,False,False
2683,110111100101,6.056692148685246846e-14,986,False,False
2684,001111100101,0.000000000000000000e+00,2690,False,False
2685,101111100101,3.050730783446311104e-14,1217,False,False
2686,011111100101,3.022799024977642568e-14,1559,False,False
2687,111111100101,2.114589156988870799e-13,397,False,False
2688,000000010101,3.043615706689372457e-14,1291,False,False
2689,100000010101,0.000000000000000000e+00,2718,False,False
2690,010000010101,3.035397454221929178e-14,1408,False,False
2691,110000010101,0.000000000000000000e+00,2717,False,False
2692,001000010101,3.048971665421452742e-14,1235,False,False
2693,101000010101,0.000000000000000000e+00,2716,False,False
2694,011000010101,7.251868745265787549e-11,168,False,False
2695,111000010101,0.000000000000000000e+00,2715,False,False
2696,000100010101,0.000000000000000000e+00,2714,False,False
2697,100100010101,0.000000000000000000e+00,2713,False,False
2698,010100010101,0.000000000000000000e+00,2712,False,False
2699,110100010101,3.039276187493997332e-14,1352,False,False
2700,001100010101,0.000000000000000000e+00,2711,False,False
2701,101100010101,0.000000000000000000e+00,2710,False,False
2702,011100010101,7.239819854734648113e-11,210,False,False
2703,111100010101,0.000000000000000000e+00,2709,False,False
2704,000010010101,6.058662686133740513e-14,977,False,False
2705,100010010101,0.000000000000000000e+00,2729,False,False
2706,010010010101,0.000000000000000000e+00,2728,False,False
2707,110010010101,0.000000000000000000e+00,2727,False,False
2708,001010010101,9.076626169422095838e-14,738,False,False
2709,101010010101,7.251906369791678227e-11,154,False,False
2710,011010010101,0.000000000000000000e+00,2726,False,False
2711,111010010101,0.000000000000000000e+00,2725,False,False
2712,000110010101,3.047594728662395521e-14,1251,False,False
2713,100110010101,0.000000000000000000e+00,2724,False,False
2714,010110010101,0.000000000000000000e+00,2723,False,False
2715,110110010101,0.000000000000000000e+00,2722,False,False
2716,001110010101,3.036709338850636638e-14,1386,False,False
2717,101110010101,0.000000000000000000e+00,2721,False,False
2718,011110010101,0.000000000000000000e+00,2720,False,False
2719,111110010101,0.000000000000000000e+00,2719,False,False
2720,000001010101,0.000000000000000000e+00,2748,False,False
2721,100001010101,0.000000000000000000e+00,2747,False,False
2722,010001010101,0.000000000000000000e+00,2746,False,False
2723,110001010101,3.028580533062424045e-14,1499,False,False
2724,001001010101,3.015925183204081819e-13,301,False,False
2725,101001010101,3.026054342000531557e-14,1526,False,False
2726,011001010101,0.000000000000000000e+00,2745,False,False
2727,111001010101,6.046424754111805333e-14,1072,False,False
2728,000101010101,6.080769568430728783e-14,899,False,False
2729,100101010101,0.000000000000000000e+00,2744,False,False
2730,010101010101,9.084378214955369719e-14,711,False,False
2731,110101010101,0.000000000000000000e+00,2743,False,False
2732,001101010101,3.027222569841385319e-14,1517,False,False
2733,101101010101,0.000000000000000000e+00,2742,False,False
2734,011101010101,6.083154813210196893e-14,897,False,False
2735,111101010101,1.510629999996899382e-13,489,False,False
2736,000011010101,2.111792728535486300e-13,421,False,False
2737,100011010101,9.056435614464976958e-14,852,False,False
2738,010011010101,0.000000000000000000e+00,2766,False,False
2739,110011010101,0.000000000000000000e+00,2765,False,False
2740,001011010101,3.031418432248905484e-14,1470,False,False
2741,101011010101,0.000000000000000000e+00,2764,False,False
2742,011011010101,0.000000000000000000e+00,2763,False,False
2743,111011010101,6.043307672865908245e-14,1096,False,False
2744,000111010101,0.000000000000000000e+00,2762,False,False
2745,100111010101,0.000000000000000000e+00,2761,False,False
2746,010111010101,0.000000000000000000e+00,2760,False,False
2747,110111010101,3.033421495762573084e-14,1434,False,False
2748,001111010101,0.000000000000000000e+00,2759,False,False
2749,101111010101,0.000000000000000000e+00,2758,False,False
2750,011111010101,7.248890940630967919e-11,171,False,False
2751,111111010101,9.061390418393236976e-14,822,False,False
2752,000000110101,1.509146540374395585e-13,543,False,False
2753,100000110101,3.015985627475197886e-13,299,False,False
2754,010000110101,0.000000000000000000e+00,2774,False,False
2755,110000110101,0.000000000000000000e+00,2773,False,False
2756,001000110101,0.000000000000000000e+00,2772,False,False
2757,101000110101,0.000000000000000000e+00,2771,False,False
2758,011000110101,9.062607435331853217e-14,813,False,False
2759,111000110101,0.000000000000000000e+00,2770,False,False
2760,000100110101,6.071705638268746180e-14,917,False,False
2761,100100110101,0.000000000000000000e+00,2769,False,False
2762,010100110101,9.083554221304280735e-14,714,False,False
2763,110100110101,3.014794902439265176e-14,1583,False,False
2764,001100110101,0.000000000000000000e+00,2768,False,False
2765,101100110101,0.000000000000000000e+00,2767,False,False
2766,011100110101,3.052245955982360228e-14,1203,False,False
2767,111100110101,1.508893650217663089e-13,557,False,False
2768,000010110101,7.254885700441055631e-11,145,False,False
2769,100010110101,0.000000000000000000e+00,2797,False,False
2770,010010110101,0.000000000000000000e+00,2796,False,False
2771,110010110101,0.000000000000000000e+00,2795,False,False
2772,001010110101,3.044754118970482237e-14,1281,False,False
2773,101010110101,0.000000000000000000e+00,2794,False,False
2774,011010110101,0.000000000000000000e+00,2793,False,False
2775,111010110101,0.000000000000000000e+00,2792,False,False
2776,000110110101,0.000000000000000000e+00,2791,False,False
2777,100110110101,0.000000000000000000e+00,2790,False,False
2778,010110110101,1.509341696765442976e-13,534,False,False
2779,110110110101,3.027160228216467403e-14,1518,False,False
2780,001110110101,9.061122078355546813e-14,825,False,False
2781,101110110101,0.000000000000000000e+00,2789,False,False
2782,011110110101,0.000000000000000000e+00,2788,False,False
2783,111110110101,6.033479380172323361e-14,1147,False,False
2784,000001110101,4.521608781839557189e-13,268,False,False
2785,100001110101,1.809810168483526508e-13,473,False,False
2786,010001110101,0.000000000000000000e+00,2815,False,False
2787,110001110101,0.000000000000000000e+00,2814,False,False
2788,001001110101,2.714206897431665117e-13,343,False,False
2789,101001110101,3.043022105999936012e-14,1300,False,False
2790,011001110101,0.000000000000000000e+00,2813,False,False
2791,111001110101,0.000000000000000000e+00,2812,False,False
2792,000101110101,3.028154983709722853e-14,1510,False,False
2793,100101110101,6.066818596976265244e-14,942,False,False
2794,010101110101,0.000000000000000000e+00,2811,False,False
2795,110101110101,0.000000000000000000e+00,2810,False,False
2796,001101110101,3.032535160486566184e-14,1452,False,False
2797,101101110101,0.000000000000000000e+00,2809,False,False
2798,011101110101,0.000000000000000000e+00,2808,False,False
2799,111101110101,0.000000000000000000e+00,2807,False,False
2800,000011110101,9.067258662651817293e-14,793,False,False
2801,100011110101,1.207844317185670448e-13,651,False,False
2802,010011110101,0.000000000000000000e+00,2827,False,False
2803,110011110101,3.039200293341923347e-14,1353,False,False
2804,001011110101,0.000000000000000000e+00,2826,False,False
2805,101011110101,0.000000000000000000e+00,2825,False,False
2806,011011110101,0.000000000000000000e+00,2824,False,False
2807,111011110101,0.000000000000000000e+00,2823,False,False
2808,000111110101,3.024414486214646601e-14,1545,False,False
2809,100111110101,0.000000000000000000e+00,2822,False,False
2810,010111110101,0.000000000000000000e+00,2821,False,False
2811,110111110101,0.000000000000000000e+00,2820,False,False
2812,001111110101,0.000000000000000000e+00,2819,False,False
2813,101111110101,0.000000000000000000e+00,2818,False,False
2814,011111110101,0.000000000000000000e+00,2817,False,False
2815,111111110101,0.000000000000000000e+00,2816,False,False
2816,000000001101,0.000000000000000000e+00,2839,False,False
2817,100000001101,0.000000000000000000e+00,2838,False,False
2818,010000001101,9.063474797069841620e-14,810,False,False
2819,110000001101,0.000000000000000000e+00,2837,False,False
2820,001000001101,0.000000000000000000e+00,2836,False,False
2821,101000001101,0.000000000000000000e+00,2835,False,False
2822,011000001101,0.000000000000000000e+00,2834,False,False
2823,111000001101,0.000000000000000000e+00,2833,False,False
2824,000100001101,0.000000000000000000e+00,2832,False,False
2825,100100001101,0.000000000000000000e+00,2831,False,False
2826,010100001101,1.810138410691246495e-13,468,False,False
2827,110100001101,0.000000000000000000e+00,2830,False,False
2828,001100001101,0.000000000000000000e+00,2829,False,False
2829,101100001101,0.000000000000000000e+00,2828,False,False
2830,011100001101,7.230775700420291554e-11,258,False,False
2831,111100001101,9.076368671406130530e-14,740,False,False
2832,000010001101,0.000000000000000000e+00,2854,False,False
2833,100010001101,0.000000000000000000e+00,2853,False,False
2834,010010001101,0.000000000000000000e+00,2852,False,False
2835,110010001101,0.000000000000000000e+00,2851,False,False
2836,001010001101,0.000000000000000000e+00,2850,False,False
2837,101010001101,0.000000000000000000e+00,2849,False,False
2838,011010001101,0.000000000000000000e+00,2848,False,False
2839,111010001101,0.000000000000000000e+00,2847,False,False
2840,000110001101,0.000000000000000000e+00,2846,False,False
2841,100110001101,3.016419308344192088e-13,298,False,False
2842,010110001101,0.000000000000000000e+00,2845,False,False
2843,110110001101,0.000000000000000000e+00,2844,False,False
2844,001110001101,0.000000000000000000e+00,2843,False,False
2845,101110001101,0.000000000000000000e+00,2842,False,False
2846,011110001101,0.000000000000000000e+00,2841,False,False
2847,111110001101,0.000000000000000000e+00,2840,False,False
2848,000001001101,3.046478000424734820e-14,1263,False,False
2849,100001001101,0.000000000000000000e+00,2875,False,False
2850,010001001101,1.210834817827929852e-13,584,False,False
2851,110001001101,0.000000000000000000e+00,2874,False,False
2852,001001001101,0.000000000000000000e+00,2873,False,False
2853,101001001101,3.018622136108140900e-14,1575,False,False
2854,011001001101,0.000000000000000000e+00,2872,False,False
2855,111001001101,2.412287763206795980e-13,388,False,False
2856,000101001101,0.000000000000000000e+00,2871,False,False
2857,100101001101,0.000000000000000000e+00,2870,False,False
2858,010101001101,0.000000000000000000e+00,2869,False,False
2859,110101001101,7.251878218482269641e-11,161,False,False
2860,001101001101,0.000000000000000000e+00,2868,False,False
2861,101101001101,3.036684944301755715e-14,1387,False,False
2862,011101001101,2.413659550005533769e-13,371,False,False
2863,111101001101,0.000000000000000000e+00,2867,False,False
2864,000011001101,0.000000000000000000e+00,2894,False,False
2865,100011001101,0.000000000000000000e+00,2893,False,False
2866,010011001101,0.000000000000000000e+00,2892,False,False
2867,110011001101,3.033188392295488701e-14,1437,False,False
2868,001011001101,0.000000000000000000e+00,2891,False,False
2869,101011001101,0.000000000000000000e+00,2890,False,False
2870,011011001101,0.000000000000000000e+00,2889,False,False
2871,111011001101,0.000000000000000000e+00,2888,False,False
2872,000111001101,1.810544986505928811e-13,462,False,False
2873,100111001101,0.000000000000000000e+00,2887,False,False
2874,010111001101,0.000000000000000000e+00,2886,False,False
2875,110111001101,3.039574343091430846e-14,1345,False,False
2876,001111001101,0.000000000000000000e+00,2885,False,False
2877,101111001101,3.032852289622018194e-14,1447,False,False
2878,011111001101,0.000000000000000000e+00,2884,False,False
2879,111111001101,0.000000000000000000e+00,2883,False,False
2880,000000101101,0.000000000000000000e+00,2903,False,False
2881,100000101101,6.051325347931442337e-14,1035,False,False
2882,010000101101,6.053686198162029523e-14,1012,False,False
2883,110000101101,1.812772208818757916e-13,444,False,False
2884,001000101101,3.056582764672304139e-14,1184,False,False
2885,101000101101,0.000000000000000000e+00,2902,False,False
2886,011000101101,2.412863745610928904e-13,381,False,False
2887,111000101101,0.000000000000000000e+00,2901,False,False
2888,000100101101,0.000000000000000000e+00,2900,False,False
2889,100100101101,0.000000000000000000e+00,2899,False,False
2890,010100101101,0.000000000000000000e+00,2898,False,False
2891,110100101101,0.000000000000000000e+00,2897,False,False
2892,001100101101,3.317509027907110319e-13,284,False,False
2893,101100101101,2.715163434798340958e-13,331,False,False
2894,011100101101,0.000000000000000000e+00,2896,False,False
2895,111100101101,0.000000000000000000e+00,2895,False,False
2896,000010101101,0.000000000000000000e+00,2918,False,False
2897,100010101101,0.000000000000000000e+00,2917,False,False
2898,010010101101,0.000000000000000000e+00,2916,False,False
2899,110010101101,0.000000000000000000e+00,2915,False,False
2900,001010101101,0.000000000000000000e+00,2914,False,False
2901,101010101101,0.000000000000000000e+00,2913,False,False
2902,011010101101,0.000000000000000000e+00,2912,False,False
2903,111010101101,0.000000000000000000e+00,2911,False,False
2904,000110101101,0.000000000000000000e+00,2910,False,False
2905,100110101101,0.000000000000000000e+00,2909,False,False
2906,010110101101,0.000000000000000000e+00,2908,False,False
2907,110110101101,3.012886706615690057e-14,1586,False,False
2908,001110101101,0.000000000000000000e+00,2907,False,False
2909,101110101101,0.000000000000000000e+00,2906,False,False
2910,011110101101,0.000000000000000000e+00,2905,False,False
2911,111110101101,0.000000000000000000e+00,2904,False,False
2912,000001101101,0.000000000000000000e+00,2941,False,False
2913,100001101101,0.000000000000000000e+00,2940,False,False
2914,010001101101,0.000000000000000000e+00,2939,False,False
2915,110001101101,3.032228873372839029e-14,1459,False,False
2916,001001101101,0.000000000000000000e+00,2938,False,False
2917,101001101101,9.061422944458411541e-14,821,False,False
2918,011001101101,0.000000000000000000e+00,2937,False,False
2919,111001101101,3.015094413289414296e-13,315,False,False
2920,000101101101,6.042930912610969533e-14,1098,False,False
2921,100101101101,7.251890741017361849e-11,156,False,False
2922,010101101101,0.000000000000000000e+00,2936,False,False
2923,110101101101,0.000000000000000000e+00,2935,False,False
2924,001101101101,0.000000000000000000e+00,2934,False,False
2925,101101101101,0.000000000000000000e+00,2933,False,False
2926,011101101101,0.000000000000000000e+00,2932,False,False
2927,111101101101,9.076048831765247306e-14,741,False,False
2928,000011101101,0.000000000000000000e+00,2956,False,False
2929,100011101101,0.000000000000000000e+00,2955,False,False
2930,010011101101,0.000000000000000000e+00,2954,False,False
2931,110011101101,0.000000000000000000e+00,2953,False,False
2932,001011101101,0.000000000000000000e+00,2952,False,False
2933,101011101101,0.000000000000000000e+00,2951,False,False
2934,011011101101,0.000000000000000000e+00,2950,False,False
2935,111011101101,0.000000000000000000e+00,2949,False,False
2936,000111101101,0.000000000000000000e+00,2948,False,False
2937,100111101101,9.082049890789957098e-14,720,False,False
2938,010111101101,0.000000000000000000e+00,2947,False,False
2939,110111101101,0.000000000000000000e+00,2946,False,False
2940,001111101101,0.000000000000000000e+00,2945,False,False
2941,101111101101,0.000000000000000000e+00,2944,False,False
2942,011111101101,0.000000000000000000e+00,2943,False,False
2943,111111101101,0.000000000000000000e+00,2942,False,False
2944,000000011101,9.062650803418752637e-14,812,False,False
2945,100000011101,0.000000000000000000e+00,2971,False,False
2946,010000011101,0.000000000000000000e+00,2970,False,False
2947,110000011101,1.450068809331680211e-10,60,False,False
2948,001000011101,3.056105715716409886e-14,1185,False,False
2949,101000011101,7.251873686517188652e-11,166,False,False
2950,011000011101,7.266932997195002805e-11,115,False,False
2951,111000011101,0.000000000000000000e+00,2969,False,False
2952,000100011101,3.045762426990894387e-14,1270,False,False
2953,100100011101,0.000000000000000000e+00,2968,False,False
2954,010100011101,0.000000000000000000e+00,2967,False,False
2955,110100011101,0.000000000000000000e+00,2966,False,False
2956,001100011101,6.041326293395690986e-14,1114,False,False
2957,101100011101,0.000000000000000000e+00,2965,False,False
2958,011100011101,7.236808374780351083e-11,230,False,False
2959,111100011101,0.000000000000000000e+00,2964,False,False
2960,000010011101,6.053263359314760176e-14,1013,False,False
2961,100010011101,0.000000000000000000e+00,2982,False,False
2962,010010011101,3.020435464241623537e-14,1567,False,False
2963,110010011101,0.000000000000000000e+00,2981,False,False
2964,001010011101,0.000000000000000000e+00,2980,False,False
2965,101010011101,0.000000000000000000e+00,2979,False,False
2966,011010011101,0.000000000000000000e+00,2978,False,False
2967,111010011101,0.000000000000000000e+00,2977,False,False
2968,000110011101,0.000000000000000000e+00,2976,False,False
2969,100110011101,7.248882703404962461e-11,172,False,False
2970,010110011101,0.000000000000000000e+00,2975,False,False
2971,110110011101,0.000000000000000000e+00,2974,False,False
2972,001110011101,0.000000000000000000e+00,2973,False,False
2973,101110011101,0.000000000000000000e+00,2972,False,False
2974,011110011101,7.224754345130912773e-11,267,False,False
2975,111110011101,3.040235706416647635e-14,1335,False,False
2976,000001011101,3.064822701183197128e-14,1165,False,False
2977,100001011101,0.000000000000000000e+00,3003,False,False
2978,010001011101,1.207374044493354608e-13,668,False,False
2979,110001011101,6.038347447926785800e-14,1129,False,False
2980,001001011101,0.000000000000000000e+00,3002,False,False
2981,101001011101,0.000000000000000000e+00,3001,False,False
2982,011001011101,6.040805876352897944e-14,1116,False,False
2983,111001011101,0.000000000000000000e+00,3000,False,False
2984,000101011101,0.000000000000000000e+00,2999,False,False
2985,100101011101,0.000000000000000000e+00,2998,False,False
2986,010101011101,0.000000000000000000e+00,2997,False,False
2987,110101011101,1.507507497740139867e-13,577,False,False
2988,001101011101,0.000000000000000000e+00,2996,False,False
2989,101101011101,0.000000000000000000e+00,2995,False,False
2990,011101011101,0.000000000000000000e+00,2994,False,False
2991,111101011101,0.000000000000000000e+00,2993,False,False
2992,000011011101,3.036665970763737218e-14,1388,False,False
2993,100011011101,0.000000000000000000e+00,3016,False,False
2994,010011011101,0.000000000000000000e+00,3015,False,False
2995,110011011101,0.000000000000000000e+00,3014,False,False
2996,001011011101,0.000000000000000000e+00,3013,False,False
2997,101011011101,0.000000000000000000e+00,3012,False,False
2998,011011011101,0.000000000000000000e+00,3011,False,False
2999,111011011101,0.000000000000000000e+00,3010,False,False
3000,000111011101,0.000000000000000000e+00,3009,False,False
3001,100111011101,0.000000000000000000e+00,3008,False,False
3002,010111011101,6.056505123810493097e-14,988,False,False
3003,110111011101,0.000000000000000000e+00,3007,False,False
3004,001111011101,0.000000000000000000e+00,3006,False,False
3005,101111011101,0.000000000000000000e+00,3005,False,False
3006,011111011101,0.000000000000000000e+00,3004,False,False
3007,111111011101,6.053228122744154397e-14,1015,False,False
3008,000000111101,0.000000000000000000e+00,3038,False,False
3009,100000111101,0.000000000000000000e+00,3037,False,False
3010,010000111101,6.053859670509628466e-14,1011,False,False
3011,110000111101,0.000000000000000000e+00,3036,False,False
3012,001000111101,0.000000000000000000e+00,3035,False,False
3013,101000111101,0.000000000000000000e+00,3034,False,False
3014,011000111101,9.049770481609619795e-14,882,False,False
3015,111000111101,3.024032304948845460e-14,1547,False,False
3016,000100111101,0.000000000000000000e+00,3033,False,False
3017,100100111101,0.000000000000000000e+00,3032,False,False
3018,010100111101,3.023427862237684160e-14,1552,False,False
3019,110100111101,0.000000000000000000e+00,3031,False,False
3020,001100111101,0.000000000000000000e+00,3030,False,False
3021,101100111101,6.035165314550539583e-14,1141,False,False
3022,011100111101,0.000000000000000000e+00,3029,False,False
3023,111100111101,0.000000000000000000e+00,3028,False,False
3024,000010111101,0.000000000000000000e+00,3048,False,False
3025,100010111101,3.036538577008470171e-14,1391,False,False
3026,010010111101,0.000000000000000000e+00,3047,False,False
3027,110010111101,0.000000000000000000e+00,3046,False,False
3028,001010111101,0.000000000000000000e+00,3045,False,False
3029,101010111101,0.000000000000000000e+00,3044,False,False
3030,011010111101,0.000000000000000000e+00,3043,False,False
3031,111010111101,2.412071464873384617e-13,390,False,False
3032,000110111101,2.715532876688615394e-13,327,False,False
3033,100110111101,0.000000000000000000e+00,3042,False,False
3034,010110111101,0.000000000000000000e+00,3041,False,False
3035,110110111101,3.025100244088743682e-14,1539,False,False
3036,001110111101,3.046358738185761414e-14,1264,False,False
3037,101110111101,0.000000000000000000e+00,3040,False,False
3038,011110111101,6.052059894903301266e-14,1027,False,False
3039,111110111101,0.000000000000000000e+00,3039,False,False
3040,000001111101,0.000000000000000000e+00,3069,False,False
3041,100001111101,1.208157109512432768e-13,633,False,False
3042,010001111101,0.000000000000000000e+00,3068,False,False
3043,110001111101,0.000000000000000000e+00,3067,False,False
3044,001001111101,0.000000000000000000e+00,3066,False,False
3045,101001111101,3.050232050446967772e-14,1222,False,False
3046,011001111101,1.210448841854524760e-13,590,False,False
3047,111001111101,1.450971821263403455e-10,56,False,False
3048,000101111101,0.000000000000000000e+00,3065,False,False
3049,100101111101,0.000000000000000000e+00,3064,False,False
3050,010101111101,0.000000000000000000e+00,3063,False,False
3051,110101111101,0.000000000000000000e+00,3062,False,False
3052,001101111101,0.000000000000000000e+00,3061,False,False
3053,101101111101,2.411878476886682197e-13,392,False,False
3054,011101111101,0.000000000000000000e+00,3060,False,False
3055,111101111101,0.000000000000000000e+00,3059,False,False
3056,000011111101,0.000000000000000000e+00,3081,False,False
3057,100011111101,0.000000000000000000e+00,3080,False,False
3058,010011111101,0.000000000000000000e+00,3079,False,False
3059,110011111101,3.043526260010142403e-14,1293,False,False
3060,001011111101,0.000000000000000000e+00,3078,False,False
3061,101011111101,0.000000000000000000e+00,3077,False,False
3062,011011111101,0.000000000000000000e+00,3076,False,False
3063,111011111101,0.000000000000000000e+00,3075,False,False
3064,000111111101,0.000000000000000000e+00,3074,False,False
3065,100111111101,0.000000000000000000e+00,3073,False,False
3066,010111111101,0.000000000000000000e+00,3072,False,False
3067,110111111101,0.000000000000000000e+00,3071,False,False
3068,001111111101,9.062293016701832420e-14,815,False,False
3069,101111111101,2.714175184518119916e-13,345,False,False
3070,011111111101,3.031299170009932078e-14,1473,False,False
3071,111111111101,0.000000000000000000e+00,3070,False,False
3072,000000000011,7.266930709528418861e-11,118,False,False
3073,100000000011,3.044371937704681096e-14,1286,False,False
3074,010000000011,1.513799936098705137e-13,479,False,False
3075,110000000011,1.508470811370393742e-13,568,False,False
3076,001000000011,6.047668876104733711e-14,1061,False,False
3077,101000000011,7.245887275063829079e-11,181,False,False
3078,011000000011,0.000000000000000000e+00,3094,False,False
3079,111000000011,3.041878272707963805e-14,1317,False,False
3080,000100000011,1.449167551368021247e-10,73,False,False
3081,100100000011,1.207570014036031615e-13,656,False,False
3082,010100000011,6.073505413875072117e-14,911,False,False
3083,110100000011,1.207536403768684564e-13,659,False,False
3084,001100000011,0.000000000000000000e+00,3093,False,False
3085,101100000011,0.000000000000000000e+00,3092,False,False
3086,011100000011,0.000000000000000000e+00,3091,False,False
3087,111100000011,1.811991041153481858e-13,452,False,False
3088,000010000011,9.087132088473484162e-14,703,False,False
3089,100010000011,0.000000000000000000e+00,3115,False,False
3090,010010000011,0.000000000000000000e+00,3114,False,False
3091,110010000011,0.000000000000000000e+00,3113,False,False
3092,001010000011,0.000000000000000000e+00,3112,False,False
3093,101010000011,0.000000000000000000e+00,3111,False,False
3094,011010000011,0.000000000000000000e+00,3110,False,False
3095,111010000011,0.000000000000000000e+00,3109,False,False
3096,000110000011,0.000000000000000000e+00,3108,False,False
3097,100110000011,9.056798822192759602e-14,850,False,False
3098,010110000011,0.000000000000000000e+00,3107,False,False
3099,110110000011,1.208474780748971021e-13,619,False,False
3100,001110000011,6.057806166417476964e-14,981,False,False
3101,101110000011,0.000000000000000000e+00,3106,False,False
3102,011110000011,7.230784677614279734e-11,247,False,False
3103,111110000011,3.033199234317213556e-14,1436,False,False
3104,000001000011,7.257911578600203268e-11,132,False,False
3105,100001000011,1.449167193852354870e-10,75,False,False
3106,010001000011,1.210578946115223021e-13,588,False,False
3107,110001000011,3.316344865824403504e-13,292,False,False
3108,001001000011,0.000000000000000000e+00,3128,False,False
3109,101001000011,7.245875050684334305e-11,185,False,False
3110,011001000011,1.448566030581715427e-10,86,False,False
3111,111001000011,1.508936476203476519e-13,555,False,False
3112,000101000011,6.042855018458895547e-14,1100,False,False
3113,100101000011,0.000000000000000000e+00,3127,False,False
3114,010101000011,1.208115638779335198e-13,636,False,False
3115,110101000011,1.738997941379601564e-07,5,False,False
3116,001101000011,1.208040828829433445e-13,638,False,False
3117,101101000011,3.317315226768778535e-13,289,False,False
3118,011101000011,0.000000000000000000e+00,3126,False,False
3119,111101000011,3.043531681021004831e-14,1292,False,False
3120,000011000011,0.000000000000000000e+00,3146,False,False
3121,100011000011,0.000000000000000000e+00,3145,False,False
3122,010011000011,3.035874503177822800e-14,1401,False,False
3123,110011000011,0.000000000000000000e+00,3144,False,False
3124,001011000011,0.000000000000000000e+00,3143,False,False
3125,101011000011,6.043903984060776535e-14,1088,False,False
3126,011011000011,9.059094620292998920e-14,839,False,False
3127,111011000011,6.034460583138424005e-14,1143,False,False
3128,000111000011,0.000000000000000000e+00,3142,False,False
3129,100111000011,0.000000000000000000e+00,3141,False,False
3130,010111000011,2.111099923347267810e-13,428,False,False
3131,110111000011,0.000000000000000000e+00,3140,False,False
3132,001111000011,0.000000000000000000e+00,3139,False,False
3133,101111000011,6.059657441626995963e-14,969,False,False
3134,011111000011,3.019503050373285372e-14,1571,False,False
3135,111111000011,0.000000000000000000e+00,3138,False,False
3136,000000100011,3.035972081373346495e-14,1400,False,False
3137,100000100011,1.212144263001749725e-13,582,False,False
3138,010000100011,0.000000000000000000e+00,3167,False,False
3139,110000100011,0.000000000000000000e+00,3166,False,False
3140,001000100011,6.076552021979757647e-14,904,False,False
3141,101000100011,0.000000000000000000e+00,3165,False,False
3142,011000100011,7.245862482070649767e-11,194,False,False
3143,111000100011,0.000000000000000000e+00,3164,False,False
3144,000100100011,0.000000000000000000e+00,3163,False,False
3145,100100100011,0.000000000000000000e+00,3162,False,False
3146,010100100011,0.000000000000000000e+00,3161,False,False
3147,110100100011,1.810039477243007193e-13,469,False,False
3148,001100100011,7.257902623090258537e-11,134,False,False
3149,101100100011,0.000000000000000000e+00,3160,False,False
3150,011100100011,1.208911443173939810e-13,610,False,False
3151,111100100011,1.212206062525581399e-13,581,False,False
3152,000010100011,0.000000000000000000e+00,3180,False,False
3153,100010100011,0.000000000000000000e+00,3179,False,False
3154,010010100011,0.000000000000000000e+00,3178,False,False
3155,110010100011,0.000000000000000000e+00,3177,False,False
3156,001010100011,0.000000000000000000e+00,3176,False,False
3157,101010100011,0.000000000000000000e+00,3175,False,False
3158,011010100011,0.000000000000000000e+00,3174,False,False
3159,111010100011,9.045739960033403670e-14,888,False,False
3160,000110100011,0.000000000000000000e+00,3173,False,False
3161,100110100011,1.810530078726057136e-13,463,False,False
3162,010110100011,0.000000000000000000e+00,3172,False,False
3163,110110100011,0.000000000000000000e+00,3171,False,False
3164,001110100011,0.000000000000000000e+00,3170,False,False
3165,101110100011,0.000000000000000000e+00,3169,False,False
3166,011110100011,6.071055116965254877e-14,920,False,False
3167,111110100011,0.000000000000000000e+00,3168,False,False
3168,000001100011,3.031765376944100845e-14,1464,False,False
3169,100001100011,2.715534231941331000e-13,326,False,False
3170,010001100011,0.000000000000000000e+00,3193,False,False
3171,110001100011,1.449467675063448623e-10,65,False,False
3172,001001100011,2.714893197406848946e-13,335,False,False
3173,101001100011,3.055251906505577551e-14,1191,False,False
3174,011001100011,6.049002444776890882e-14,1053,False,False
3175,111001100011,6.092427452290382956e-14,890,False,False
3176,000101100011,6.075814764502467504e-14,906,False,False
3177,100101100011,9.073213643084196450e-14,748,False,False
3178,010101100011,0.000000000000000000e+00,3192,False,False
3179,110101100011,3.042382426718169565e-14,1308,False,False
3180,001101100011,6.041662396069161492e-14,1111,False,False
3181,101101100011,1.510511821960098462e-13,493,False,False
3182,011101100011,7.236850355088469722e-11,214,False,False
3183,111101100011,2.172242339618326477e-10,42,False,False
3184,000011100011,3.047887463248966607e-14,1248,False,False
3185,100011100011,0.000000000000000000e+00,3214,False,False
3186,010011100011,0.000000000000000000e+00,3213,False,False
3187,110011100011,0.000000000000000000e+00,3212,False,False
3188,001011100011,0.000000000000000000e+00,3211,False,False
3189,101011100011,0.000000000000000000e+00,3210,False,False
3190,011011100011,6.058500055807867687e-14,978,False,False
3191,111011100011,6.049834569944273506e-14,1044,False,False
3192,000111100011,2.171340574790152134e-10,47,False,False
3193,100111100011,0.000000000000000000e+00,3209,False,False
3194,010111100011,2.412417054315864876e-13,386,False,False
3195,110111100011,6.045530287319504792e-14,1078,False,False
3196,001111100011,0.000000000000000000e+00,3208,False,False
3197,101111100011,1.448263956406579749e-10,94,False,False
3198,011111100011,0.000000000000000000e+00,3207,False,False
3199,111111100011,0.000000000000000000e+00,3206,False,False
3200,000000010011,6.048492869755822695e-14,1057,False,False
3201,100000010011,0.000000000000000000e+00,3225,False,False
3202,010000010011,0.000000000000000000e+00,3224,False,False
3203,110000010011,0.000000000000000000e+00,3223,False,False
3204,001000010011,0.000000000000000000e+00,3222,False,False
3205,101000010011,9.093618327970381217e-14,689,False,False
3206,011000010011,0.000000000000000000e+00,3221,False,False
3207,111000010011,3.033145024208589280e-14,1438,False,False
3208,000100010011,0.000000000000000000e+00,3220,False,False
3209,100100010011,6.047086117437021490e-14,1068,False,False
3210,010100010011,0.000000000000000000e+00,3219,False,False
3211,110100010011,0.000000000000000000e+00,3218,False,False
3212,001100010011,0.000000000000000000e+00,3217,False,False
3213,101100010011,0.000000000000000000e+00,3216,False,False
3214,011100010011,7.224754822179868667e-11,266,False,False
3215,111100010011,0.000000000000000000e+00,3215,False,False
3216,000010010011,3.041902667256844729e-14,1316,False,False
3217,100010010011,0.000000000000000000e+00,3246,False,False
3218,010010010011,3.618092719958467863e-10,23,False,False
3219,110010010011,1.810652051470461755e-13,460,False,False
3220,001010010011,0.000000000000000000e+00,3245,False,False
3221,101010010011,1.511659449959674873e-13,484,False,False
3222,011010010011,0.000000000000000000e+00,3244,False,False
3223,111010010011,0.000000000000000000e+00,3243,False,False
3224,000110010011,0.000000000000000000e+00,3242,False,False
3225,100110010011,3.032911920741504897e-14,1445,False,False
3226,010110010011,6.048178451125801898e-14,1059,False,False
3227,110110010011,3.019858126584774375e-14,1570,False,False
3228,001110010011,9.053088140257426701e-14,872,False,False
3229,101110010011,0.000000000000000000e+00,3241,False,False
3230,011110010011,7.239820938936820598e-11,209,False,False
3231,111110010011,0.000000000000000000e+00,3240,False,False
3232,000001010011,0.000000000000000000e+00,3259,False,False
3233,100001010011,0.000000000000000000e+00,3258,False,False
3234,010001010011,3.030930541271287007e-14,1478,False,False
3235,110001010011,0.000000000000000000e+00,3257,False,False
3236,001001010011,6.053111571010612206e-14,1018,False,False
3237,101001010011,0.000000000000000000e+00,3256,False,False
3238,011001010011,0.000000000000000000e+00,3255,False,False
3239,111001010011,3.017266883392533388e-14,1581,False,False
3240,000101010011,0.000000000000000000e+00,3254,False,False
3241,100101010011,0.000000000000000000e+00,3253,False,False
3242,010101010011,0.000000000000000000e+00,3252,False,False
3243,110101010011,0.000000000000000000e+00,3251,False,False
3244,001101010011,0.000000000000000000e+00,3250,False,False
3245,101101010011,0.000000000000000000e+00,3249,False,False
3246,011101010011,0.000000000000000000e+00,3248,False,False
3247,111101010011,0.000000000000000000e+00,3247,False,False
3248,000011010011,0.000000000000000000e+00,3279,False,False
3249,100011010011,0.000000000000000000e+00,3278,False,False
3250,010011010011,3.039864367172570719e-14,1340,False,False
3251,110011010011,2.170738711667010093e-10,52,False,False
3252,001011010011,9.084595055389866820e-14,709,False,False
3253,101011010011,0.000000000000000000e+00,3277,False,False
3254,011011010011,0.000000000000000000e+00,3276,False,False
3255,111011010011,3.014822007493577314e-14,1582,False,False
3256,000111010011,3.034616828657738984e-14,1421,False,False
3257,100111010011,0.000000000000000000e+00,3275,False,False
3258,010111010011,3.015896993947597196e-13,302,False,False
3259,110111010011,0.000000000000000000e+00,3274,False,False
3260,001111010011,0.000000000000000000e+00,3273,False,False
3261,101111010011,0.000000000000000000e+00,3272,False,False
3262,011111010011,0.000000000000000000e+00,3271,False,False
3263,111111010011,0.000000000000000000e+00,3270,False,False
3264,000000110011,0.000000000000000000e+00,3293,False,False
3265,100000110011,0.000000000000000000e+00,3292,False,False
3266,010000110011,0.000000000000000000e+00,3291,False,False
3267,110000110011,0.000000000000000000e+00,3290,False,False
3268,001000110011,0.000000000000000000e+00,3289,False,False
3269,101000110011,0.000000000000000000e+00,3288,False,False
3270,011000110011,2.715590339403757125e-13,325,False,False
3271,111000110011,0.000000000000000000e+00,3287,False,False
3272,000100110011,0.000000000000000000e+00,3286,False,False
3273,100100110011,3.032386082687849427e-14,1457,False,False
3274,010100110011,0.000000000000000000e+00,3285,False,False
3275,110100110011,0.000000000000000000e+00,3284,False,False
3276,001100110011,0.000000000000000000e+00,3283,False,False
3277,101100110011,0.000000000000000000e+00,3282,False,False
3278,011100110011,0.000000000000000000e+00,3281,False,False
3279,111100110011,0.000000000000000000e+00,3280,False,False
3280,000010110011,0.000000000000000000e+00,3308,False,False
3281,100010110011,0.000000000000000000e+00,3307,False,False
3282,010010110011,3.017486434332461703e-14,1580,False,False
3283,110010110011,0.000000000000000000e+00,3306,False,False
3284,001010110011,1.510170027225222154e-13,500,False,False
3285,101010110011,0.000000000000000000e+00,3305,False,False
3286,011010110011,6.073592150048872220e-14,910,False,False
3287,111010110011,0.000000000000000000e+00,3304,False,False
3288,000110110011,9.060872711855875147e-14,830,False,False
3289,100110110011,0.000000000000000000e+00,3303,False,False
3290,010110110011,3.048451248378659700e-14,1242,False,False
3291,110110110011,6.042733045714490928e-14,1101,False,False
3292,001110110011,3.617490716702195287e-10,26,False,False
3293,101110110011,1.448864678135884706e-10,83,False,False
3294,011110110011,0.000000000000000000e+00,3302,False,False
3295,111110110011,0.000000000000000000e+00,3301,False,False
3296,000001110011,0.000000000000000000e+00,3320,False,False
3297,100001110011,0.000000000000000000e+00,3319,False,False
3298,010001110011,0.000000000000000000e+00,3318,False,False
3299,110001110011,0.000000000000000000e+00,3317,False,False
3300,001001110011,3.015262735676693176e-13,310,False,False
3301,101001110011,0.000000000000000000e+00,3316,False,False
3302,011001110011,0.000000000000000000e+00,3315,False,False
3303,111001110011,2.894114001999300380e-10,36,False,False
3304,000101110011,0.000000000000000000e+00,3314,False,False
3305,100101110011,0.000000000000000000e+00,3313,False,False
3306,010101110011,0.000000000000000000e+00,3312,False,False
3307,110101110011,0.000000000000000000e+00,3311,False,False
3308,001101110011,9.063485639091566475e-14,809,False,False
3309,101101110011,0.000000000000000000e+00,3310,False,False
3310,011101110011,6.072746472354332264e-14,913,False,False
3311,111101110011,0.000000000000000000e+00,3309,False,False
3312,000011110011,1.509892471469065865e-13,511,False,False
3313,100011110011,0.000000000000000000e+00,3339,False,False
3314,010011110011,0.000000000000000000e+00,3338,False,False
3315,110011110011,0.000000000000000000e+00,3337,False,False
3316,001011110011,3.049622186724944045e-14,1226,False,False
3317,101011110011,0.000000000000000000e+00,3336,False,False
3318,011011110011,3.038216379870392121e-14,1369,False,False
3319,111011110011,3.015338900879310283e-13,307,False,False
3320,000111110011,0.000000000000000000e+00,3335,False,False
3321,100111110011,6.063793672915030687e-14,949,False,False
3322,010111110011,0.000000000000000000e+00,3334,False,False
3323,110111110011,0.000000000000000000e+00,3333,False,False
3324,001111110011,3.042097823647892120e-14,1313,False,False
3325,101111110011,0.000000000000000000e+00,3332,False,False
3326,011111110011,0.000000000000000000e+00,3331,False,False
3327,111111110011,0.000000000000000000e+00,3330,False,False
3328,000000001011,2.171640503058137662e-10,45,False,False
3329,100000001011,0.000000000000000000e+00,3356,False,False
3330,010000001011,0.000000000000000000e+00,3355,False,False
3331,110000001011,3.035568216064095645e-14,1406,False,False
3332,001000001011,3.039159635760455141e-14,1355,False,False
3333,101000001011,7.257927123348851279e-11,129,False,False
3334,011000001011,0.000000000000000000e+00,3354,False,False
3335,111000001011,0.000000000000000000e+00,3353,False,False
3336,000100001011,0.000000000000000000e+00,3352,False,False
3337,100100001011,6.090806570042517127e-14,891,False,False
3338,010100001011,0.000000000000000000e+00,3351,False,False
3339,110100001011,0.000000000000000000e+00,3350,False,False
3340,001100001011,0.000000000000000000e+00,3349,False,False
3341,101100001011,1.509615728864538940e-13,521,False,False
3342,011100001011,7.239815691398305769e-11,213,False,False
3343,111100001011,0.000000000000000000e+00,3348,False,False
3344,000010001011,1.508565408009943102e-13,564,False,False
3345,100010001011,0.000000000000000000e+00,3372,False,False
3346,010010001011,7.254907807323352610e-11,136,False,False
3347,110010001011,0.000000000000000000e+00,3371,False,False
3348,001010001011,6.060711828239739378e-14,964,False,False
3349,101010001011,0.000000000000000000e+00,3370,False,False
3350,011010001011,2.112370608293421326e-13,407,False,False
3351,111010001011,0.000000000000000000e+00,3369,False,False
3352,000110001011,0.000000000000000000e+00,3368,False,False
3353,100110001011,9.056842190279659022e-14,849,False,False
3354,010110001011,2.171340162793326590e-10,48,False,False
3355,110110001011,0.000000000000000000e+00,3367,False,False
3356,001110001011,6.039981882701807698e-14,1121,False,False
3357,101110001011,0.000000000000000000e+00,3366,False,False
3358,011110001011,7.239834296307585620e-11,206,False,False
3359,111110001011,3.023105312091369723e-14,1554,False,False
3360,000001001011,9.091739947706550080e-14,695,False,False
3361,100001001011,3.061648699323244552e-14,1171,False,False
3362,010001001011,1.208115638779335198e-13,637,False,False
3363,110001001011,0.000000000000000000e+00,3391,False,False
3364,001001001011,6.052461049707120903e-14,1024,False,False
3365,101001001011,0.000000000000000000e+00,3390,False,False
3366,011001001011,0.000000000000000000e+00,3389,False,False
3367,111001001011,0.000000000000000000e+00,3388,False,False
3368,000101001011,0.000000000000000000e+00,3387,False,False
3369,100101001011,0.000000000000000000e+00,3386,False,False
3370,010101001011,6.056635228071191357e-14,987,False,False
3371,110101001011,0.000000000000000000e+00,3385,False,False
3372,001101001011,0.000000000000000000e+00,3384,False,False
3373,101101001011,0.000000000000000000e+00,3383,False,False
3374,011101001011,0.000000000000000000e+00,3382,False,False
3375,111101001011,6.059630336572683825e-14,970,False,False
3376,000011001011,0.000000000000000000e+00,3402,False,False
3377,100011001011,0.000000000000000000e+00,3401,False,False
3378,010011001011,0.000000000000000000e+00,3400,False,False
3379,110011001011,6.055223054741528988e-14,998,False,False
3380,001011001011,0.000000000000000000e+00,3399,False,False
3381,101011001011,0.000000000000000000e+00,3398,False,False
3382,011011001011,0.000000000000000000e+00,3397,False,False
3383,111011001011,9.060273690155576906e-14,835,False,False
3384,000111001011,3.033575994572152900e-14,1430,False,False
3385,100111001011,0.000000000000000000e+00,3396,False,False
3386,010111001011,0.000000000000000000e+00,3395,False,False
3387,110111001011,1.813676975531697575e-13,442,False,False
3388,001111001011,0.000000000000000000e+00,3394,False,False
3389,101111001011,0.000000000000000000e+00,3393,False,False
3390,011111001011,0.000000000000000000e+00,3392,False,False
3391,111111001011,3.617105258977428758e-13,278,False,False
3392,000000101011,3.016607146370575706e-13,297,False,False
3393,100000101011,3.032510765937685260e-14,1453,False,False
3394,010000101011,0.000000000000000000e+00,3418,False,False
3395,110000101011,6.044933976124637764e-14,1080,False,False
3396,001000101011,2.894715830970074246e-10,34,False,False
3397,101000101011,0.000000000000000000e+00,3417,False,False
3398,011000101011,0.000000000000000000e+00,3416,False,False
3399,111000101011,9.047133159825047544e-14,885,False,False
3400,000100101011,0.000000000000000000e+00,3415,False,False
3401,100100101011,1.810203191771052504e-13,467,False,False
3402,010100101011,7.260915588401531872e-11,127,False,False
3403,110100101011,6.053954538199720948e-14,1009,False,False
3404,001100101011,9.091132794489956936e-14,697,False,False
3405,101100101011,3.039319555580896753e-14,1349,False,False
3406,011100101011,0.000000000000000000e+00,3414,False,False
3407,111100101011,3.038463035864633204e-14,1366,False,False
3408,000010101011,2.112335913823901790e-13,408,False,False
3409,100010101011,0.000000000000000000e+00,3438,False,False
3410,010010101011,3.019958415285729284e-14,1569,False,False
3411,110010101011,0.000000000000000000e+00,3437,False,False
3412,001010101011,3.037956171348995600e-14,1372,False,False
3413,101010101011,0.000000000000000000e+00,3436,False,False
3414,011010101011,9.070370322886851953e-14,771,False,False
3415,111010101011,0.000000000000000000e+00,3435,False,False
3416,000110101011,6.057567641939530153e-14,983,False,False
3417,100110101011,0.000000000000000000e+00,3434,False,False
3418,010110101011,2.110202203948449560e-13,439,False,False
3419,110110101011,0.000000000000000000e+00,3433,False,False
3420,001110101011,0.000000000000000000e+00,3432,False,False
3421,101110101011,0.000000000000000000e+00,3431,False,False
3422,011110101011,0.000000000000000000e+00,3430,False,False
3423,111110101011,0.000000000000000000e+00,3429,False,False
3424,000001101011,1.448865143529667245e-10,82,False,False
3425,100001101011,0.000000000000000000e+00,3448,False,False
3426,010001101011,0.000000000000000000e+00,3447,False,False
3427,110001101011,0.000000000000000000e+00,3446,False,False
3428,001001101011,0.000000000000000000e+00,3445,False,False
3429,101001101011,0.000000000000000000e+00,3444,False,False
3430,011001101011,3.040905201258157434e-14,1325,False,False
3431,111001101011,6.055163423622042285e-14,999,False,False
3432,000101101011,0.000000000000000000e+00,3443,False,False
3433,100101101011,0.000000000000000000e+00,3442,False,False
3434,010101101011,0.000000000000000000e+00,3441,False,False
3435,110101101011,2.110261021916306899e-13,438,False,False
3436,001101101011,3.029835497077076016e-14,1487,False,False
3437,101101101011,0.000000000000000000e+00,3440,False,False
3438,011101101011,2.715640212703691458e-13,324,False,False
3439,111101101011,0.000000000000000000e+00,3439,False,False
3440,000011101011,0.000000000000000000e+00,3470,False,False
3441,100011101011,0.000000000000000000e+00,3469,False,False
3442,010011101011,0.000000000000000000e+00,3468,False,False
3443,110011101011,0.000000000000000000e+00,3467,False,False
3444,001011101011,0.000000000000000000e+00,3466,False,False
3445,101011101011,0.000000000000000000e+00,3465,False,False
3446,011011101011,0.000000000000000000e+00,3464,False,False
3447,111011101011,0.000000000000000000e+00,3463,False,False
3448,000111101011,0.000000000000000000e+00,3462,False,False
3449,100111101011,7.251876462074750215e-11,163,False,False
3450,010111101011,0.000000000000000000e+00,3461,False,False
3451,110111101011,6.042158418563073611e-14,1108,False,False
3452,001111101011,0.000000000000000000e+00,3460,False,False
3453,101111101011,0.000000000000000000e+00,3459,False,False
3454,011111101011,0.000000000000000000e+00,3458,False,False
3455,111111101011,0.000000000000000000e+00,3457,False,False
3456,000000011011,6.053024834836813365e-14,1019,False,False
3457,100000011011,0.000000000000000000e+00,3487,False,False
3458,010000011011,3.025986579364751213e-14,1527,False,False
3459,110000011011,1.208188551375434848e-13,628,False,False
3460,001000011011,2.169533282410163579e-10,54,False,False
3461,101000011011,1.449169236489247833e-10,67,False,False
3462,011000011011,9.069546329235762969e-14,777,False,False
3463,111000011011,6.053884065058509390e-14,1010,False,False
3464,000100011011,0.000000000000000000e+00,3486,False,False
3465,100100011011,0.000000000000000000e+00,3485,False,False
3466,010100011011,0.000000000000000000e+00,3484,False,False
3467,110100011011,0.000000000000000000e+00,3483,False,False
3468,001100011011,0.000000000000000000e+00,3482,False,False
3469,101100011011,0.000000000000000000e+00,3481,False,False
3470,011100011011,0.000000000000000000e+00,3480,False,False
3471,111100011011,6.050533880345527919e-14,1039,False,False
3472,000010011011,9.057685157468766502e-14,844,False,False
3473,100010011011,1.508695241220098242e-13,561,False,False
3474,010010011011,0.000000000000000000e+00,3495,False,False
3475,110010011011,1.208335460769806634e-13,621,False,False
3476,001010011011,3.061049677622945679e-14,1174,False,False
3477,101010011011,0.000000000000000000e+00,3494,False,False
3478,011010011011,0.000000000000000000e+00,3493,False,False
3479,111010011011,0.000000000000000000e+00,3492,False,False
3480,000110011011,0.000000000000000000e+00,3491,False,False
3481,100110011011,3.036153685237237817e-14,1397,False,False
3482,010110011011,9.053413400909172352e-14,870,False,False
3483,110110011011,0.000000000000000000e+00,3490,False,False
3484,001110011011,0.000000000000000000e+00,3489,False,False
3485,101110011011,0.000000000000000000e+00,3488,False,False
3486,011110011011,7.236813535582692114e-11,226,False,False
3487,111110011011,2.893512231846494888e-10,40,False,False
3488,000001011011,0.000000000000000000e+00,3516,False,False
3489,100001011011,0.000000000000000000e+00,3515,False,False
3490,010001011011,0.000000000000000000e+00,3514,False,False
3491,110001011011,3.022991470863258745e-14,1557,False,False
3492,001001011011,0.000000000000000000e+00,3513,False,False
3493,101001011011,7.236844183267602848e-11,217,False,False
3494,011001011011,0.000000000000000000e+00,3512,False,False
3495,111001011011,3.031057935026554053e-14,1474,False,False
3496,000101011011,1.508520955720871197e-13,566,False,False
3497,100101011011,0.000000000000000000e+00,3511,False,False
3498,010101011011,3.031928007269974302e-14,1461,False,False
3499,110101011011,1.207488698873095202e-13,665,False,False
3500,001101011011,0.000000000000000000e+00,3510,False,False
3501,101101011011,0.000000000000000000e+00,3509,False,False
3502,011101011011,0.000000000000000000e+00,3508,False,False
3503,111101011011,0.000000000000000000e+00,3507,False,False
3504,000011011011,9.064016898156084372e-14,804,False,False
3505,100011011011,0.000000000000000000e+00,3534,False,False
3506,010011011011,1.209408007768938171e-13,603,False,False
3507,110011011011,0.000000000000000000e+00,3533,False,False
3508,001011011011,0.000000000000000000e+00,3532,False,False
3509,101011011011,2.715191624054825581e-13,330,False,False
3510,011011011011,0.000000000000000000e+00,3531,False,False
3511,111011011011,0.000000000000000000e+00,3530,False,False
3512,000111011011,0.000000000000000000e+00,3529,False,False
3513,100111011011,0.000000000000000000e+00,3528,False,False
3514,010111011011,0.000000000000000000e+00,3527,False,False
3515,110111011011,2.114507841825934387e-13,398,False,False
3516,001111011011,0.000000000000000000e+00,3526,False,False
3517,101111011011,0.000000000000000000e+00,3525,False,False
3518,011111011011,3.025401110191609041e-14,1537,False,False
3519,111111011011,6.061495164309360155e-14,959,False,False
3520,000000111011,0.000000000000000000e+00,3546,False,False
3521,100000111011,0.000000000000000000e+00,3545,False,False
3522,010000111011,0.000000000000000000e+00,3544,False,False
3523,110000111011,1.207941353280107900e-13,644,False,False
3524,001000111011,3.042498978451711756e-14,1306,False,False
3525,101000111011,0.000000000000000000e+00,3543,False,False
3526,011000111011,0.000000000000000000e+00,3542,False,False
3527,111000111011,0.000000000000000000e+00,3541,False,False
3528,000100111011,0.000000000000000000e+00,3540,False,False
3529,100100111011,0.000000000000000000e+00,3539,False,False
3530,010100111011,0.000000000000000000e+00,3538,False,False
3531,110100111011,6.036731986689781137e-14,1135,False,False
3532,001100111011,9.059170514445072905e-14,838,False,False
3533,101100111011,0.000000000000000000e+00,3537,False,False
3534,011100111011,0.000000000000000000e+00,3536,False,False
3535,111100111011,0.000000000000000000e+00,3535,False,False
3536,000010111011,7.260923893390173111e-11,125,False,False
3537,100010111011,0.000000000000000000e+00,3563,False,False
3538,010010111011,0.000000000000000000e+00,3562,False,False
3539,110010111011,0.000000000000000000e+00,3561,False,False
3540,001010111011,0.000000000000000000e+00,3560,False,False
3541,101010111011,0.000000000000000000e+00,3559,False,False
3542,011010111011,0.000000000000000000e+00,3558,False,False
3543,111010111011,6.029646725492585841e-14,1153,False,False
3544,000110111011,9.051635309346294863e-14,877,False,False
3545,100110111011,3.025897132685521159e-14,1531,False,False
3546,010110111011,0.000000000000000000e+00,3557,False,False
3547,110110111011,0.000000000000000000e+00,3556,False,False
3548,001110111011,0.000000000000000000e+00,3555,False,False
3549,101110111011,2.713340348845306077e-13,358,False,False
3550,011110111011,6.054401771595871218e-14,1007,False,False
3551,111110111011,0.000000000000000000e+00,3554,False,False
3552,000001111011,1.207492222530155780e-13,664,False,False
3553,100001111011,0.000000000000000000e+00,3577,False,False
3554,010001111011,0.000000000000000000e+00,3576,False,False
3555,110001111011,0.000000000000000000e+00,3575,False,False
3556,001001111011,9.058238100576734109e-14,843,False,False
3557,101001111011,0.000000000000000000e+00,3574,False,False
3558,011001111011,0.000000000000000000e+00,3573,False,False
3559,111001111011,0.000000000000000000e+00,3572,False,False
3560,000101111011,0.000000000000000000e+00,3571,False,False
3561,100101111011,0.000000000000000000e+00,3570,False,False
3562,010101111011,0.000000000000000000e+00,3569,False,False
3563,110101111011,0.000000000000000000e+00,3568,False,False
3564,001101111011,0.000000000000000000e+00,3567,False,False
3565,101101111011,0.000000000000000000e+00,3566,False,False
3566,011101111011,0.000000000000000000e+00,3565,False,False
3567,111101111011,0.000000000000000000e+00,3564,False,False
3568,000011111011,0.000000000000000000e+00,3598,False,False
3569,100011111011,1.450069485331734756e-10,59,False,False
3570,010011111011,0.000000000000000000e+00,3597,False,False
3571,110011111011,9.055757988107173518e-14,856,False,False
3572,001011111011,0.000000000000000000e+00,3596,False,False
3573,101011111011,0.000000000000000000e+00,3595,False,False
3574,011011111011,3.035180613787432077e-14,1413,False,False
3575,111011111011,3.036354262639147636e-14,1393,False,False
3576,000111111011,6.043928378609657459e-14,1087,False,False
3577,100111111011,0.000000000000000000e+00,3594,False,False
3578,010111111011,1.508743217166230725e-13,560,False,False
3579,110111111011,6.038694392621981162e-14,1127,False,False
3580,001111111011,0.000000000000000000e+00,3593,False,False
3581,101111111011,0.000000000000000000e+00,3592,False,False
3582,011111111011,3.066080375703280313e-14,1164,False,False
3583,111111111011,0.000000000000000000e+00,3591,False,False
3584,000000000111,0.000000000000000000e+00,3613,False,False
3585,100000000111,3.918358964118934917e-13,271,False,False
3586,010000000111,7.257916685192435674e-11,131,False,False
3587,110000000111,0.000000000000000000e+00,3612,False,False
3588,001000000111,0.000000000000000000e+00,3611,False,False
3589,101000000111,9.082516097724125865e-14,717,False,False
3590,011000000111,0.000000000000000000e+00,3610,False,False
3591,111000000111,0.000000000000000000e+00,3609,False,False
3592,000100000111,0.000000000000000000e+00,3608,False,False
3593,100100000111,6.049395468064416877e-14,1047,False,False
3594,010100000111,0.000000000000000000e+00,3607,False,False
3595,110100000111,9.053470321523227841e-14,869,False,False
3596,001100000111,9.049954795978942331e-14,881,False,False
3597,101100000111,9.078222657121082005e-14,733,False,False
3598,011100000111,7.230775700420291554e-11,259,False,False
3599,111100000111,3.047510702994027894e-14,1252,False,False
3600,000010000111,9.091945946119322326e-14,693,False,False
3601,100010000111,7.248867551679601976e-11,177,False,False
3602,010010000111,3.049145137769050423e-14,1232,False,False
3603,110010000111,1.208280166459009873e-13,624,False,False
3604,001010000111,0.000000000000000000e+00,3627,False,False
3605,101010000111,2.895017597773893766e-10,30,False,False
3606,011010000111,1.448563879524605215e-10,90,False,False
3607,111010000111,6.045692917645377617e-14,1076,False,False
3608,000110000111,0.000000000000000000e+00,3626,False,False
3609,100110000111,0.000000000000000000e+00,3625,False,False
3610,010110000111,0.000000000000000000e+00,3624,False,False
3611,110110000111,0.000000000000000000e+00,3623,False,False
3612,001110000111,0.000000000000000000e+00,3622,False,False
3613,101110000111,2.114197217903517037e-13,399,False,False
3614,011110000111,7.239821372617689593e-11,208,False,False
3615,111110000111,3.040707334361678829e-14,1329,False,False
3616,000001000111,0.000000000000000000e+00,3642,False,False
3617,100001000111,0.000000000000000000e+00,3641,False,False
3618,010001000111,0.000000000000000000e+00,3640,False,False
3619,110001000111,6.036379620983723348e-14,1137,False,False
3620,001001000111,0.000000000000000000e+00,3639,False,False
3621,101001000111,0.000000000000000000e+00,3638,False,False
3622,011001000111,0.000000000000000000e+00,3637,False,False
3623,111001000111,0.000000000000000000e+00,3636,False,False
3624,000101000111,0.000000000000000000e+00,3635,False,False
3625,100101000111,0.000000000000000000e+00,3634,False,False
3626,010101000111,0.000000000000000000e+00,3633,False,False
3627,110101000111,0.000000000000000000e+00,3632,False,False
3628,001101000111,0.000000000000000000e+00,3631,False,False
3629,101101000111,0.000000000000000000e+00,3630,False,False
3630,011101000111,0.000000000000000000e+00,3629,False,False
3631,111101000111,0.000000000000000000e+00,3628,False,False
3632,000011000111,2.413299594884268077e-13,373,False,False
3633,100011000111,0.000000000000000000e+00,3662,False,False
3634,010011000111,3.042292980038939511e-14,1310,False,False
3635,110011000111,0.000000000000000000e+00,3661,False,False
3636,001011000111,3.013626674598411540e-13,323,False,False
3637,101011000111,3.064239942515485538e-14,1166,False,False
3638,011011000111,0.000000000000000000e+00,3660,False,False
3639,111011000111,1.509570734474380791e-13,525,False,False
3640,000111000111,7.254878642284912750e-11,152,False,False
3641,100111000111,0.000000000000000000e+00,3659,False,False
3642,010111000111,0.000000000000000000e+00,3658,False,False
3643,110111000111,0.000000000000000000e+00,3657,False,False
3644,001111000111,0.000000000000000000e+00,3656,False,False
3645,101111000111,0.000000000000000000e+00,3655,False,False
3646,011111000111,0.000000000000000000e+00,3654,False,False
3647,111111000111,1.447962523808079898e-10,101,False,False
3648,000000100111,1.509173645428707723e-13,542,False,False
3649,100000100111,0.000000000000000000e+00,3671,False,False
3650,010000100111,3.030280019967795704e-14,1484,False,False
3651,110000100111,1.448262794683951931e-10,96,False,False
3652,001000100111,3.027428568254157565e-14,1514,False,False
3653,101000100111,0.000000000000000000e+00,3670,False,False
3654,011000100111,0.000000000000000000e+00,3669,False,False
3655,111000100111,0.000000000000000000e+00,3668,False,False
3656,000100100111,2.413072996630218606e-13,376,False,False
3657,100100100111,0.000000000000000000e+00,3667,False,False
3658,010100100111,0.000000000000000000e+00,3666,False,False
3659,110100100111,2.412352273236058867e-13,387,False,False
3660,001100100111,6.060570881957316263e-14,965,False,False
3661,101100100111,0.000000000000000000e+00,3665,False,False
3662,011100100111,0.000000000000000000e+00,3664,False,False
3663,111100100111,0.000000000000000000e+00,3663,False,False
3664,000010100111,2.713226778667738221e-13,359,False,False
3665,100010100111,1.738275166047720261e-07,8,False,False
3666,010010100111,0.000000000000000000e+00,3688,False,False
3667,110010100111,0.000000000000000000e+00,3687,False,False
3668,001010100111,0.000000000000000000e+00,3686,False,False
3669,101010100111,0.000000000000000000e+00,3685,False,False
3670,011010100111,0.000000000000000000e+00,3684,False,False
3671,111010100111,6.066867386074027092e-14,940,False,False
3672,000110100111,1.510863916615613129e-13,486,False,False
3673,100110100111,1.509244931721548645e-13,539,False,False
3674,010110100111,0.000000000000000000e+00,3683,False,False
3675,110110100111,3.047114969201070685e-14,1257,False,False
3676,001110100111,2.414006494700729130e-13,368,False,False
3677,101110100111,0.000000000000000000e+00,3682,False,False
3678,011110100111,0.000000000000000000e+00,3681,False,False
3679,111110100111,1.738275165584765933e-07,9,False,False
3680,000001100111,0.000000000000000000e+00,3709,False,False
3681,100001100111,0.000000000000000000e+00,3708,False,False
3682,010001100111,0.000000000000000000e+00,3707,False,False
3683,110001100111,1.447963396048727662e-10,99,False,False
3684,001001100111,0.000000000000000000e+00,3706,False,False
3685,101001100111,0.000000000000000000e+00,3705,False,False
3686,011001100111,2.111975958702636603e-13,418,False,False
3687,111001100111,0.000000000000000000e+00,3704,False,False
3688,000101100111,2.112694784742994745e-13,403,False,False
3689,100101100111,7.245879295335839586e-11,183,False,False
3690,010101100111,0.000000000000000000e+00,3703,False,False
3691,110101100111,0.000000000000000000e+00,3702,False,False
3692,001101100111,0.000000000000000000e+00,3701,False,False
3693,101101100111,0.000000000000000000e+00,3700,False,False
3694,011101100111,0.000000000000000000e+00,3699,False,False
3695,111101100111,0.000000000000000000e+00,3698,False,False
3696,000011100111,2.170739788008716828e-10,49,False,False
3697,100011100111,6.051954185191483930e-14,1029,False,False
3698,010011100111,0.000000000000000000e+00,3718,False,False
3699,110011100111,1.207014360422632542e-13,674,False,False
3700,001011100111,0.000000000000000000e+00,3717,False,False
3701,101011100111,0.000000000000000000e+00,3716,False,False
3702,011011100111,0.000000000000000000e+00,3715,False,False
3703,111011100111,0.000000000000000000e+00,3714,False,False
3704,000111100111,0.000000000000000000e+00,3713,False,False
3705,100111100111,6.063728620784681557e-14,950,False,False
3706,010111100111,9.068288654715679784e-14,787,False,False
3707,110111100111,3.034099122120377155e-14,1423,False,False
3708,001111100111,0.000000000000000000e+00,3712,False,False
3709,101111100111,0.000000000000000000e+00,3711,False,False
3710,011111100111,6.060560039935591408e-14,966,False,False
3711,111111100111,0.000000000000000000e+00,3710,False,False
3712,000000010111,1.207904219355700272e-13,648,False,False
3713,100000010111,3.048860534698772978e-14,1237,False,False
3714,010000010111,0.000000000000000000e+00,3739,False,False
3715,110000010111,3.030255625418914780e-14,1485,False,False
3716,001000010111,3.038313958065915816e-14,1368,False,False
3717,101000010111,0.000000000000000000e+00,3738,False,False
3718,011000010111,0.000000000000000000e+00,3737,False,False
3719,111000010111,0.000000000000000000e+00,3736,False,False
3720,000100010111,0.000000000000000000e+00,3735,False,False
3721,100100010111,3.042539636033179963e-14,1305,False,False
3722,010100010111,0.000000000000000000e+00,3734,False,False
3723,110100010111,0.000000000000000000e+00,3733,False,False
3724,001100010111,0.000000000000000000e+00,3732,False,False
3725,101100010111,3.040002602949562620e-14,1339,False,False
3726,011100010111,7.230780557646024289e-11,254,False,False
3727,111100010111,0.000000000000000000e+00,3731,False,False
3728,000010010111,6.061947818716372853e-14,958,False,False
3729,100010010111,0.000000000000000000e+00,3750,False,False
3730,010010010111,3.023774806932880153e-14,1548,False,False
3731,110010010111,0.000000000000000000e+00,3749,False,False
3732,001010010111,0.000000000000000000e+00,3748,False,False
3733,101010010111,0.000000000000000000e+00,3747,False,False
3734,011010010111,0.000000000000000000e+00,3746,False,False
3735,111010010111,6.049124417521295501e-14,1052,False,False
3736,000110010111,0.000000000000000000e+00,3745,False,False
3737,100110010111,0.000000000000000000e+00,3744,False,False
3738,010110010111,0.000000000000000000e+00,3743,False,False
3739,110110010111,3.029849049604232085e-14,1486,False,False
3740,001110010111,0.000000000000000000e+00,3742,False,False
3741,101110010111,1.208177709353709993e-13,632,False,False
3742,011110010111,0.000000000000000000e+00,3741,False,False
3743,111110010111,0.000000000000000000e+00,3740,False,False
3744,000001010111,3.617491227361418528e-10,25,False,False
3745,100001010111,0.000000000000000000e+00,3769,False,False
3746,010001010111,1.811803745228184987e-13,454,False,False
3747,110001010111,0.000000000000000000e+00,3768,False,False
3748,001001010111,0.000000000000000000e+00,3767,False,False
3749,101001010111,6.060931379179667693e-14,963,False,False
3750,011001010111,6.048135083038902478e-14,1060,False,False
3751,111001010111,0.000000000000000000e+00,3766,False,False
3752,000101010111,9.068906649953996522e-14,784,False,False
3753,100101010111,0.000000000000000000e+00,3765,False,False
3754,010101010111,0.000000000000000000e+00,3764,False,False
3755,110101010111,3.028840741583820566e-14,1495,False,False
3756,001101010111,0.000000000000000000e+00,3763,False,False
3757,101101010111,2.170738823339833859e-10,51,False,False
3758,011101010111,3.018071903505603875e-14,1576,False,False
3759,111101010111,0.000000000000000000e+00,3762,False,False
3760,000011010111,9.062173754462859015e-14,817,False,False
3761,100011010111,0.000000000000000000e+00,3790,False,False
3762,010011010111,3.027894775188326332e-14,1512,False,False
3763,110011010111,0.000000000000000000e+00,3789,False,False
3764,001011010111,0.000000000000000000e+00,3788,False,False
3765,101011010111,0.000000000000000000e+00,3787,False,False
3766,011011010111,3.025856475104052953e-14,1532,False,False
3767,111011010111,0.000000000000000000e+00,3786,False,False
3768,000111010111,0.000000000000000000e+00,3785,False,False
3769,100111010111,0.000000000000000000e+00,3784,False,False
3770,010111010111,9.060395662899981525e-14,833,False,False
3771,110111010111,3.038343773625659167e-14,1367,False,False
3772,001111010111,1.207528001201847802e-13,660,False,False
3773,101111010111,3.020931486735535655e-14,1565,False,False
3774,011111010111,0.000000000000000000e+00,3783,False,False
3775,111111010111,0.000000000000000000e+00,3782,False,False
3776,000000110111,2.712466752944825377e-13,363,False,False
3777,100000110111,0.000000000000000000e+00,3805,False,False
3778,010000110111,0.000000000000000000e+00,3804,False,False
3779,110000110111,1.208737699775798756e-13,613,False,False
3780,001000110111,0.000000000000000000e+00,3803,False,False
3781,101000110111,0.000000000000000000e+00,3802,False,False
3782,011000110111,0.000000000000000000e+00,3801,False,False
3783,111000110111,9.053052903686820922e-14,873,False,False
3784,000100110111,0.000000000000000000e+00,3800,False,False
3785,100100110111,3.035221271368900284e-14,1412,False,False
3786,010100110111,0.000000000000000000e+00,3799,False,False
3787,110100110111,0.000000000000000000e+00,3798,False,False
3788,001100110111,0.000000000000000000e+00,3797,False,False
3789,101100110111,0.000000000000000000e+00,3796,False,False
3790,011100110111,7.245859641460957855e-11,195,False,False
3791,111100110111,0.000000000000000000e+00,3795,False,False
3792,000010110111,0.000000000000000000e+00,3820,False,False
3793,100010110111,0.000000000000000000e+00,3819,False,False
3794,010010110111,0.000000000000000000e+00,3818,False,False
3795,110010110111,0.000000000000000000e+00,3817,False,False
3796,001010110111,0.000000000000000000e+00,3816,False,False
3797,101010110111,0.000000000000000000e+00,3815,False,False
3798,011010110111,0.000000000000000000e+00,3814,False,False
3799,111010110111,0.000000000000000000e+00,3813,False,False
3800,000110110111,7.254880398692432176e-11,150,False,False
3801,100110110111,0.000000000000000000e+00,3812,False,False
3802,010110110111,0.000000000000000000e+00,3811,False,False
3803,110110110111,0.000000000000000000e+00,3810,False,False
3804,001110110111,0.000000000000000000e+00,3809,False,False
3805,101110110111,0.000000000000000000e+00,3808,False,False
3806,011110110111,0.000000000000000000e+00,3807,False,False
3807,111110110111,0.000000000000000000e+00,3806,False,False
3808,000001110111,0.000000000000000000e+00,3832,False,False
3809,100001110111,0.000000000000000000e+00,3831,False,False
3810,010001110111,0.000000000000000000e+00,3830,False,False
3811,110001110111,0.000000000000000000e+00,3829,False,False
3812,001001110111,3.043713284884896153e-14,1288,False,False
3813,101001110111,0.000000000000000000e+00,3828,False,False
3814,011001110111,0.000000000000000000e+00,3827,False,False
3815,111001110111,6.040049645337588042e-14,1119,False,False
3816,000101110111,6.043830800414132501e-14,1091,False,False
3817,100101110111,0.000000000000000000e+00,3826,False,False
3818,010101110111,0.000000000000000000e+00,3825,False,False
3819,110101110111,0.000000000000000000e+00,3824,False,False
3820,001101110111,0.000000000000000000e+00,3823,False,False
3821,101101110111,0.000000000000000000e+00,3822,False,False
3822,011101110111,0.000000000000000000e+00,3821,False,False
3823,111101110111,1.512512174968334975e-13,482,False,False
3824,000011110111,1.208117807183680169e-13,635,False,False
3825,100011110111,0.000000000000000000e+00,3850,False,False
3826,010011110111,0.000000000000000000e+00,3849,False,False
3827,110011110111,0.000000000000000000e+00,3848,False,False
3828,001011110111,3.047432098336522695e-14,1254,False,False
3829,101011110111,0.000000000000000000e+00,3847,False,False
3830,011011110111,2.169533495997991559e-10,53,False,False
3831,111011110111,0.000000000000000000e+00,3846,False,False
3832,000111110111,0.000000000000000000e+00,3845,False,False
3833,100111110111,1.209979111263295163e-13,593,False,False
3834,010111110111,9.054974652037551479e-14,861,False,False
3835,110111110111,0.000000000000000000e+00,3844,False,False
3836,001111110111,3.027287621971734449e-14,1516,False,False
3837,101111110111,0.000000000000000000e+00,3843,False,False
3838,011111110111,7.245879460676670890e-11,182,False,False
3839,111111110111,0.000000000000000000e+00,3842,False,False
3840,000000001111,3.473657421472471807e-07,2,False,False
3841,100000001111,0.000000000000000000e+00,3870,False,False
3842,010000001111,0.000000000000000000e+00,3869,False,False
3843,110000001111,1.206496111784184218e-13,681,False,False
3844,001000001111,2.112091968335092552e-13,414,False,False
3845,101000001111,0.000000000000000000e+00,3868,False,False
3846,011000001111,0.000000000000000000e+00,3867,False,False
3847,111000001111,0.000000000000000000e+00,3866,False,False
3848,000100001111,1.449467203164453049e-10,66,False,False
3849,100100001111,6.055824786947258443e-14,992,False,False
3850,010100001111,2.112808625971105723e-13,401,False,False
3851,110100001111,0.000000000000000000e+00,3865,False,False
3852,001100001111,9.063810899743312126e-14,806,False,False
3853,101100001111,0.000000000000000000e+00,3864,False,False
3854,011100001111,7.236808374780351083e-11,229,False,False
3855,111100001111,0.000000000000000000e+00,3863,False,False
3856,000010001111,0.000000000000000000e+00,3883,False,False
3857,100010001111,0.000000000000000000e+00,3882,False,False
3858,010010001111,1.513001963299755554e-13,480,False,False
3859,110010001111,0.000000000000000000e+00,3881,False,False
3860,001010001111,6.039396413528665526e-14,1124,False,False
3861,101010001111,0.000000000000000000e+00,3880,False,False
3862,011010001111,3.029239185882208989e-14,1492,False,False
3863,111010001111,0.000000000000000000e+00,3879,False,False
3864,000110001111,0.000000000000000000e+00,3878,False,False
3865,100110001111,0.000000000000000000e+00,3877,False,False
3866,010110001111,0.000000000000000000e+00,3876,False,False
3867,110110001111,0.000000000000000000e+00,3875,False,False
3868,001110001111,0.000000000000000000e+00,3874,False,False
3869,101110001111,0.000000000000000000e+00,3873,False,False
3870,011110001111,0.000000000000000000e+00,3872,False,False
3871,111110001111,0.000000000000000000e+00,3871,False,False
3872,000001001111,6.061112983043559015e-14,961,False,False
3873,100001001111,1.812541815857104747e-13,446,False,False
3874,010001001111,0.000000000000000000e+00,3891,False,False
3875,110001001111,0.000000000000000000e+00,3890,False,False
3876,001001001111,1.810633891084072623e-13,461,False,False
3877,101001001111,6.070900618155675693e-14,921,False,False
3878,011001001111,0.000000000000000000e+00,3889,False,False
3879,111001001111,0.000000000000000000e+00,3888,False,False
3880,000101001111,0.000000000000000000e+00,3887,False,False
3881,100101001111,0.000000000000000000e+00,3886,False,False
3882,010101001111,3.040471520389163232e-14,1333,False,False
3883,110101001111,0.000000000000000000e+00,3885,False,False
3884,001101001111,3.048158513792087983e-14,1245,False,False
3885,101101001111,6.033669115552508324e-14,1145,False,False
3886,011101001111,3.032470108356217054e-14,1454,False,False
3887,111101001111,0.000000000000000000e+00,3884,False,False
3888,000011001111,0.000000000000000000e+00,3919,False,False
3889,100011001111,0.000000000000000000e+00,3918,False,False
3890,010011001111,0.000000000000000000e+00,3917,False,False
3891,110011001111,0.000000000000000000e+00,3916,False,False
3892,001011001111,0.000000000000000000e+00,3915,False,False
3893,101011001111,0.000000000000000000e+00,3914,False,False
3894,011011001111,0.000000000000000000e+00,3913,False,False
3895,111011001111,3.017651775163765742e-14,1578,False,False
3896,000111001111,3.034660196744638404e-14,1420,False,False
3897,100111001111,0.000000000000000000e+00,3912,False,False
3898,010111001111,0.000000000000000000e+00,3911,False,False
3899,110111001111,0.000000000000000000e+00,3910,False,False
3900,001111001111,0.000000000000000000e+00,3909,False,False
3901,101111001111,0.000000000000000000e+00,3908,False,False
3902,011111001111,0.000000000000000000e+00,3907,False,False
3903,111111001111,0.000000000000000000e+00,3906,False,False
3904,000000101111,0.000000000000000000e+00,3929,False,False
3905,100000101111,0.000000000000000000e+00,3928,False,False
3906,010000101111,0.000000000000000000e+00,3927,False,False
3907,110000101111,0.000000000000000000e+00,3926,False,False
3908,001000101111,2.112289293130484913e-13,409,False,False
3909,101000101111,0.000000000000000000e+00,3925,False,False
3910,011000101111,9.056362430818334187e-14,854,False,False
3911,111000101111,6.042239733726010023e-14,1106,False,False
3912,000100101111,0.000000000000000000e+00,3924,False,False
3913,100100101111,1.509022128175102874e-13,549,False,False
3914,010100101111,1.208219722187893806e-13,627,False,False
3915,110100101111,0.000000000000000000e+00,3923,False,False
3916,001100101111,0.000000000000000000e+00,3922,False,False
3917,101100101111,0.000000000000000000e+00,3921,False,False
3918,011100101111,7.266929939744876396e-11,119,False,False
3919,111100101111,0.000000000000000000e+00,3920,False,False
3920,000010101111,9.056926215948026649e-14,848,False,False
3921,100010101111,0.000000000000000000e+00,3942,False,False
3922,010010101111,0.000000000000000000e+00,3941,False,False
3923,110010101111,0.000000000000000000e+00,3940,False,False
3924,001010101111,0.000000000000000000e+00,3939,False,False
3925,101010101111,0.000000000000000000e+00,3938,False,False
3926,011010101111,0.000000000000000000e+00,3937,False,False
3927,111010101111,0.000000000000000000e+00,3936,False,False
3928,000110101111,0.000000000000000000e+00,3935,False,False
3929,100110101111,0.000000000000000000e+00,3934,False,False
3930,010110101111,0.000000000000000000e+00,3933,False,False
3931,110110101111,0.000000000000000000e+00,3932,False,False
3932,001110101111,0.000000000000000000e+00,3931,False,False
3933,101110101111,3.023435993753977802e-14,1551,False,False
3934,011110101111,9.078631943441195283e-14,732,False,False
3935,111110101111,0.000000000000000000e+00,3930,False,False
3936,000001101111,3.055769613042939379e-14,1188,False,False
3937,100001101111,0.000000000000000000e+00,3967,False,False
3938,010001101111,0.000000000000000000e+00,3966,False,False
3939,110001101111,0.000000000000000000e+00,3965,False,False
3940,001001101111,9.053706135495743439e-14,868,False,False
3941,101001101111,0.000000000000000000e+00,3964,False,False
3942,011001101111,0.000000000000000000e+00,3963,False,False
3943,111001101111,9.086728223164233312e-14,704,False,False
3944,000101101111,0.000000000000000000e+00,3962,False,False
3945,100101101111,0.000000000000000000e+00,3961,False,False
3946,010101101111,3.021259457892712520e-14,1563,False,False
3947,110101101111,0.000000000000000000e+00,3960,False,False
3948,001101101111,0.000000000000000000e+00,3959,False,False
3949,101101101111,0.000000000000000000e+00,3958,False,False
3950,011101101111,0.000000000000000000e+00,3957,False,False
3951,111101101111,0.000000000000000000e+00,3956,False,False
3952,000011101111,0.000000000000000000e+00,3980,False,False
3953,100011101111,0.000000000000000000e+00,3979,False,False
3954,010011101111,0.000000000000000000e+00,3978,False,False
3955,110011101111,0.000000000000000000e+00,3977,False,False
3956,001011101111,0.000000000000000000e+00,3976,False,False
3957,101011101111,0.000000000000000000e+00,3975,False,False
3958,011011101111,6.042367127481277070e-14,1104,False,False
3959,111011101111,3.035389322705635537e-14,1409,False,False
3960,000111101111,0.000000000000000000e+00,3974,False,False
3961,100111101111,0.000000000000000000e+00,3973,False,False
3962,010111101111,9.060395662899981525e-14,834,False,False
3963,110111101111,0.000000000000000000e+00,3972,False,False
3964,001111101111,0.000000000000000000e+00,3971,False,False
3965,101111101111,0.000000000000000000e+00,3970,False,False
3966,011111101111,0.000000000000000000e+00,3969,False,False
3967,111111101111,0.000000000000000000e+00,3968,False,False
3968,000000011111,1.207934577016529866e-13,646,False,False
3969,100000011111,0.000000000000000000e+00,3999,False,False
3970,010000011111,9.104761215798106037e-14,685,False,False
3971,110000011111,0.000000000000000000e+00,3998,False,False
3972,001000011111,3.046120213707814603e-14,1266,False,False
3973,101000011111,0.000000000000000000e+00,3997,False,False
3974,011000011111,0.000000000000000000e+00,3996,False,False
3975,111000011111,0.000000000000000000e+00,3995,False,False
3976,000100011111,0.000000000000000000e+00,3994,False,False
3977,100100011111,3.036663260258306004e-14,1389,False,False
3978,010100011111,6.032696044102702584e-14,1150,False,False
3979,110100011111,0.000000000000000000e+00,3993,False,False
3980,001100011111,6.034615081948003189e-14,1142,False,False
3981,101100011111,1.509587539608054317e-13,523,False,False
3982,011100011111,7.230777782088462726e-11,257,False,False
3983,111100011111,0.000000000000000000e+00,3992,False,False
3984,000010011111,3.031516010444429179e-14,1469,False,False
3985,100010011111,0.000000000000000000e+00,4009,False,False
3986,010010011111,0.000000000000000000e+00,4008,False,False
3987,110010011111,0.000000000000000000e+00,4007,False,False
3988,001010011111,0.000000000000000000e+00,4006,False,False
3989,101010011111,6.048560632391603039e-14,1056,False,False
3990,011010011111,0.000000000000000000e+00,4005,False,False
3991,111010011111,3.033687125294832664e-14,1429,False,False
3992,000110011111,0.000000000000000000e+00,4004,False,False
3993,100110011111,6.046934329132873520e-14,1071,False,False
3994,010110011111,0.000000000000000000e+00,4003,False,False
3995,110110011111,0.000000000000000000e+00,4002,False,False
3996,001110011111,0.000000000000000000e+00,4001,False,False
3997,101110011111,9.061460891534448533e-14,820,False,False
3998,011110011111,7.236808678356959379e-11,228,False,False
3999,111110011111,0.000000000000000000e+00,4000,False,False
4000,000001011111,0.000000000000000000e+00,4022,False,False
4001,100001011111,0.000000000000000000e+00,4021,False,False
4002,010001011111,0.000000000000000000e+00,4020,False,False
4003,110001011111,0.000000000000000000e+00,4019,False,False
4004,001001011111,3.036796075024436110e-14,1385,False,False
4005,101001011111,0.000000000000000000e+00,4018,False,False
4006,011001011111,0.000000000000000000e+00,4017,False,False
4007,111001011111,0.000000000000000000e+00,4016,False,False
4008,000101011111,1.812314404451425660e-13,449,False,False
4009,100101011111,0.000000000000000000e+00,4015,False,False
4010,010101011111,0.000000000000000000e+00,4014,False,False
4011,110101011111,0.000000000000000000e+00,4013,False,False
4012,001101011111,1.208008302764258880e-13,641,False,False
4013,101101011111,0.000000000000000000e+00,4012,False,False
4014,011101011111,0.000000000000000000e+00,4011,False,False
4015,111101011111,0.000000000000000000e+00,4010,False,False
4016,000011011111,0.000000000000000000e+00,4036,False,False
4017,100011011111,0.000000000000000000e+00,4035,False,False
4018,010011011111,3.032621896660365025e-14,1450,False,False
4019,110011011111,0.000000000000000000e+00,4034,False,False
4020,001011011111,0.000000000000000000e+00,4033,False,False
4021,101011011111,0.000000000000000000e+00,4032,False,False
4022,011011011111,1.209256219464790201e-13,604,False,False
4023,111011011111,0.000000000000000000e+00,4031,False,False
4024,000111011111,0.000000000000000000e+00,4030,False,False
4025,100111011111,0.000000000000000000e+00,4029,False,False
4026,010111011111,0.000000000000000000e+00,4028,False,False
4027,110111011111,0.000000000000000000e+00,4027,False,False
4028,001111011111,0.000000000000000000e+00,4026,False,False
4029,101111011111,0.000000000000000000e+00,4025,False,False
4030,011111011111,0.000000000000000000e+00,4024,False,False
4031,111111011111,0.000000000000000000e+00,4023,False,False
4032,000000111111,0.000000000000000000e+00,4060,False,False
4033,100000111111,0.000000000000000000e+00,4059,False,False
4034,010000111111,3.028198351796622273e-14,1508,False,False
4035,110000111111,0.000000000000000000e+00,4058,False,False
4036,001000111111,0.000000000000000000e+00,4057,False,False
4037,101000111111,0.000000000000000000e+00,4056,False,False
4038,011000111111,2.410044819962465583e-13,394,False,False
4039,111000111111,0.000000000000000000e+00,4055,False,False
4040,000100111111,0.000000000000000000e+00,4054,False,False
4041,100100111111,0.000000000000000000e+00,4053,False,False
4042,010100111111,3.026376892146845995e-14,1524,False,False
4043,110100111111,0.000000000000000000e+00,4052,False,False
4044,001100111111,9.058997042097475225e-14,840,False,False
4045,101100111111,0.000000000000000000e+00,4051,False,False
4046,011100111111,0.000000000000000000e+00,4050,False,False
4047,111100111111,0.000000000000000000e+00,4049,False,False
4048,000010111111,0.000000000000000000e+00,4079,False,False
4049,100010111111,0.000000000000000000e+00,4078,False,False
4050,010010111111,0.000000000000000000e+00,4077,False,False
4051,110010111111,3.048714167405487435e-14,1239,False,False
4052,001010111111,0.000000000000000000e+00,4076,False,False
4053,101010111111,0.000000000000000000e+00,4075,False,False
4054,011010111111,0.000000000000000000e+00,4074,False,False
4055,111010111111,0.000000000000000000e+00,4073,False,False
4056,000110111111,0.000000000000000000e+00,4072,False,False
4057,100110111111,3.036495208921570751e-14,1392,False,False
4058,010110111111,0.000000000000000000e+00,4071,False,False
4059,110110111111,0.000000000000000000e+00,4070,False,False
4060,001110111111,0.000000000000000000e+00,4069,False,False
4061,101110111111,3.039661079265229686e-14,1344,False,False
4062,011110111111,0.000000000000000000e+00,4068,False,False
4063,111110111111,0.000000000000000000e+00,4067,False,False
4064,000001111111,1.510008481101521814e-13,505,False,False
4065,100001111111,0.000000000000000000e+00,4088,False,False
4066,010001111111,0.000000000000000000e+00,4087,False,False
4067,110001111111,0.000000000000000000e+00,4086,False,False
4068,001001111111,0.000000000000000000e+00,4085,False,False
4069,101001111111,0.000000000000000000e+00,4084,False,False
4070,011001111111,3.061591778709189063e-14,1172,False,False
4071,111001111111,0.000000000000000000e+00,4083,False,False
4072,000101111111,9.050822157716930735e-14,878,False,False
4073,100101111111,6.055716366730009892e-14,994,False,False
4074,010101111111,0.000000000000000000e+00,4082,False,False
4075,110101111111,6.039236493708223914e-14,1126,False,False
4076,001101111111,9.069969168083032316e-14,776,False,False
4077,101101111111,1.509091517114141946e-13,546,False,False
4078,011101111111,0.000000000000000000e+00,4081,False,False
4079,111101111111,0.000000000000000000e+00,4080,False,False
4080,000011111111,0.000000000000000000e+00,1600,False,False
4081,100011111111,0.000000000000000000e+00,1599,False,False
4082,010011111111,0.000000000000000000e+00,1598,False,False
4083,110011111111,0.000000000000000000e+00,1597,False,False
4084,001011111111,0.000000000000000000e+00,1596,False,False
4085,101011111111,0.000000000000000000e+00,1595,False,False
4086,011011111111,0.000000000000000000e+00,1594,False,False
4087,111011111111,0.000000000000000000e+00,1593,False,False
4088,000111111111,0.000000000000000000e+00,1592,False,False
4089,100111111111,0.000000000000000000e+00,1591,False,False
4090,010111111111,0.000000000000000000e+00,1590,False,False
4091,110111111111,0.000000000000000000e+00,1589,False,False
4092,001111111111,0.000000000000000000e+00,1588,False,False
4093,101111111111,0.000000000000000000e+00,1587,False,False
4094,011111111111,6.044774056304196152e-14,1084,False,False
4095,111111111111,3.068842380737688398e-14,1161,False,False
