mask_index,logical_mask_a,logical_obs_weight,flip_prob_p1,flip_prob_p0,path_source,path_cache_hit,path_opt_seconds,decode_seconds,query_total_seconds,queried_decoder
0,000000000000,0,0.0,1.0,implicit-zero,False,0.0,0.0,0.0,False
1,100000000000,6,1.921370752468083e-06,0.9999980786292475,cache,True,0.0,9.833418452879414,9.83342378307134,True
2,010000000000,6,0.9999972062278858,2.7937721142068384e-06,cache,True,0.0,0.03104293206706643,0.031047610798850656,True
3,110000000000,8,0.9999984241080897,1.5758919102992763e-06,cache,True,0.0,0.3317430638708174,0.3317475321236998,True
4,001000000000,6,0.9999970334114802,2.96658851983711e-06,cache,True,0.0,0.026105750119313598,0.026110188104212284,True
5,101000000000,6,0.9999972060118126,2.793988187366203e-06,cache,True,0.0,0.026423677103593946,0.026427645003423095,True
6,011000000000,6,1.574798225068369e-06,0.999998425201775,cache,True,0.0,0.02487936895340681,0.024883105885237455,True
7,111000000000,6,1.7479745517496315e-06,0.9999982520254482,cache,True,0.0,0.07270782208070159,0.07271145889535546,True
8,000100000000,6,0.9999972061544993,2.793845500725922e-06,cache,True,0.0,0.08177687390707433,0.08178055193275213,True
9,100100000000,6,0.999997033121584,2.966878416055252e-06,cache,True,0.0,0.08051450410857797,0.08051728899590671,True
10,010100000000,6,1.4019120345152102e-06,0.9999985980879655,cache,True,0.0,0.02429911307990551,0.024302108911797404,True
11,110100000000,6,1.9212988638218116e-06,0.9999980787011362,cache,True,0.0,0.025903887813910842,0.025906903902068734,True
12,001100000000,6,1.5740045279988508e-06,0.999998425995472,cache,True,0.0,0.02737984317354858,0.027382527943700552,True
13,101100000000,8,3.580100136379885e-07,0.9999996419899864,cache,True,0.0,0.07972263707779348,0.07972529204562306,True
14,011100000000,8,0.9999984241080895,1.575891910521321e-06,cache,True,0.0,0.024241450941190124,0.024244047002866864,True
15,111100000000,6,0.9999972057945893,2.7942054107166214e-06,cache,True,0.0,0.026621931931003928,0.02662445604801178,True
16,000010000000,6,1.5739956827178641e-06,0.9999984260043173,cache,True,0.0,0.025015072897076607,0.025017627980560064,True
17,100010000000,10,1.4029997593633246e-06,0.9999985970002406,cache,True,0.0,0.028534735087305307,0.028537179110571742,True
18,010010000000,10,0.9999977276432356,2.2723567644211684e-06,cache,True,0.0,0.02959287795238197,0.029595613945275545,True
19,110010000000,14,0.999997553744201,2.4462557990378997e-06,cache,True,0.0,0.03138277307152748,0.03138504596427083,True
20,001010000000,10,0.999997555410757,2.4445892430335903e-06,cache,True,0.0,0.030459200032055378,0.0304616738576442,True
21,101010000000,12,0.9999977274296215,2.272570378547556e-06,cache,True,0.0,0.026850404916331172,0.02685304987244308,True
22,011010000000,12,1.7523206385944607e-06,0.9999982476793614,cache,True,0.0,0.049325126921758056,0.049327571876347065,True
23,111010000000,10,1.2284497112747696e-06,0.9999987715502887,cache,True,0.0,0.027295969892293215,0.027298335218802094,True
24,000110000000,10,0.9999977282938848,2.2717061152199847e-06,cache,True,0.0,0.028645509853959084,0.028648074017837644,True
25,100110000000,12,0.9999975543942344,2.4456057655664054e-06,cache,True,0.0,0.027241394156590104,0.027243688004091382,True
26,010110000000,12,1.5769754495623554e-06,0.9999984230245504,cache,True,0.0,0.03501601400785148,0.03501823893748224,True
27,110110000000,10,1.4019141253079388e-06,0.9999985980858747,cache,True,0.0,0.026649415027350187,0.02665175893343985,True
28,001110000000,12,1.7516709544201292e-06,0.9999982483290456,cache,True,0.0,0.026517949998378754,0.026520265033468604,True
29,101110000000,12,1.2301179670977948e-06,0.999998769882033,cache,True,0.0,0.02633656794205308,0.026338752126321197,True
30,011110000000,12,0.9999975536010883,2.446398911670755e-06,cache,True,0.0,0.027448766864836216,0.02745118085294962,True
31,111110000000,12,0.9999977273571325,2.2726428674513244e-06,cache,True,0.0,0.030210457043722272,0.030212840996682644,True
32,000001000000,6,1.5737868269061132e-06,0.9999984262131731,cache,True,0.0,0.029931504977867007,0.029933959944173694,True
33,100001000000,12,1.7479745518193108e-06,0.9999982520254482,cache,True,0.0,0.02646102011203766,0.026463414076715708,True
34,010001000000,12,0.9999970331215854,2.966878414611962e-06,cache,True,0.0,0.02710156189277768,0.027104028034955263,True
35,110001000000,14,0.9999972099283738,2.7900716261797243e-06,cache,True,0.0,0.027550282888114452,0.027552447048947215,True
36,001001000000,12,0.9999985977179474,1.4022820525871893e-06,cache,True,0.0,0.02833991590887308,0.02834377298131585,True
37,101001000000,12,0.9999970345024283,2.9654975717274823e-06,cache,True,0.0,0.0313314120285213,0.031334207858890295,True
38,011001000000,12,1.4047363852791656e-06,0.9999985952636147,cache,True,0.0,0.030756697058677673,0.030759020941331983,True
39,111001000000,12,5.353837507360644e-07,0.9999994646162492,cache,True,0.0,0.03133389702998102,0.03133626189082861,True
40,000101000000,12,0.9999970345024279,2.965497572060549e-06,cache,True,0.0,0.02483780891634524,0.02484004315920174,True
41,100101000000,12,0.999998597285611,1.4027143889761007e-06,cache,True,0.0,0.02620810898952186,0.02621037303470075,True
42,010101000000,12,1.874418376563024e-07,0.9999998125581624,cache,True,0.0,0.027875985950231552,0.0278784001711756,True
43,110101000000,12,1.7516709866118982e-06,0.9999982483290134,cache,True,0.0,0.02741005108691752,0.02741203596815467,True
44,001101000000,12,1.4019120343061733e-06,0.9999985980879657,cache,True,0.0,0.027352489065378904,0.027354724006727338,True
45,101101000000,14,1.9226003451211718e-06,0.9999980773996548,cache,True,0.0,0.027197948889806867,0.027200614800676703,True
46,011101000000,14,0.9999972106491618,2.7893508381948706e-06,cache,True,0.0,0.025623865192756057,0.025626318994909525,True
47,111101000000,12,0.9999970334114802,2.96658851983711e-06,cache,True,0.0,0.029910563956946135,0.02991291880607605,True
48,000011000000,10,1.7497128652946084e-06,0.9999982502871347,cache,True,0.0,0.027054891921579838,0.027057206956669688,True
49,100011000000,14,1.228309382333933e-06,0.9999987716906177,cache,True,0.0,0.027026366908103228,0.027028741082176566,True
50,010011000000,14,0.9999975529518212,2.4470481787552956e-06,cache,True,0.0,0.025998372118920088,0.02600041520781815,True
51,110011000000,18,0.9999977265612766,2.2734387233880327e-06,cache,True,0.0,0.02609919710084796,0.0261015510186553,True
52,001011000000,14,0.9999977283654674,2.2716345325912712e-06,cache,True,0.0,0.027798905968666077,0.027801390970125794,True
53,101011000000,16,0.9999975549045481,2.4450954518862034e-06,cache,True,0.0,0.02933145104907453,0.029333655023947358,True
54,011011000000,16,1.5780603581880578e-06,0.9999984219396418,cache,True,0.0,0.025698829907923937,0.02570085390470922,True
55,111011000000,14,1.4019876405792464e-06,0.9999985980123595,cache,True,0.0,0.028244741028174758,0.028246855130419135,True
56,000111000000,14,0.9999975521555955,2.4478444045072933e-06,cache,True,0.0,0.02912612189538777,0.029128386871889234,True
57,100111000000,16,0.9999977283665495,2.271633450456889e-06,cache,True,0.0,0.031146232970058918,0.031148406909778714,True
58,010111000000,16,1.7509475831979522e-06,0.9999982490524169,cache,True,0.0,0.02722808811813593,0.027230252977460623,True
59,110111000000,14,1.229248835305283e-06,0.9999987707511647,cache,True,0.0,0.027876456966623664,0.027878640918061137,True
60,001111000000,16,1.5771165049083842e-06,0.999998422883495,cache,True,0.0,0.028979887953028083,0.02898198296315968,True
61,101111000000,16,1.4048124509469078e-06,0.9999985951875491,cache,True,0.0,0.029972453834488988,0.029974689008668065,True
62,011111000000,16,0.9999977282951467,2.271704853340495e-06,cache,True,0.0,0.027538460912182927,0.02754071494564414,True
63,111111000000,16,0.9999975533809727,2.446619027263175e-06,cache,True,0.0,0.026692247949540615,0.026694793021306396,True
64,000000100000,6,1.922600344633419e-06,0.9999980773996554,cache,True,0.0,0.028333073016256094,0.02833518711850047,True
65,100000100000,12,1.750297446231051e-06,0.9999982497025538,cache,True,0.0,0.027297682827338576,0.027299837907776237,True
66,010000100000,12,0.9999973807848218,2.619215178190082e-06,cache,True,0.0,0.027594048995524645,0.027596172876656055,True
67,110000100000,14,0.9999972099283737,2.7900716262907466e-06,cache,True,0.0,0.02686336007900536,0.02686553495004773,True
68,001000100000,12,0.9999972062278898,2.7937721102100355e-06,cache,True,0.0,0.026062305085361004,0.02606467017903924,True
69,101000100000,12,0.9999987698843795,1.2301156204763686e-06,cache,True,0.0,0.027290579164400697,0.02729271398857236,True
70,011000100000,12,7.059621236464846e-07,0.9999992940378764,cache,True,0.0,0.02735544485040009,0.027357579907402396,True
71,111000100000,12,1.5740045279988508e-06,0.999998425995472,cache,True,0.0,0.02528720092959702,0.025289475917816162,True
72,000100100000,12,0.9999987698843793,1.2301156206984132e-06,cache,True,0.0,0.02704442199319601,0.02704652608372271,True
73,100100100000,12,0.9999972057945893,2.7942054107166214e-06,cache,True,0.0,0.0267728038597852,0.026775330072268844,True
74,010100100000,12,1.921370752468083e-06,0.9999980786292475,cache,True,0.0,0.028262305073440075,0.028264730935916305,True
75,110100100000,12,3.622076061379317e-07,0.9999996377923939,cache,True,0.0,0.028345727128908038,0.02834802190773189,True
76,001100100000,12,2.0978064786860997e-06,0.9999979021935214,cache,True,0.0,0.028248057002201676,0.02825050288811326,True
77,101100100000,14,1.5737868268364342e-06,0.9999984262131731,cache,True,0.0,0.02760084206238389,0.027603046037256718,True
78,011100100000,14,0.9999972106491618,2.7893508381948706e-06,cache,True,0.0,0.027399070095270872,0.027401264989748597,True
79,111100100000,12,0.9999973804928856,2.6195071144430315e-06,cache,True,0.0,0.04029188514687121,0.04029396804980934,True
80,000010100000,12,1.4037991830142042e-06,0.999998596200817,cache,True,0.0,0.026495325146242976,0.026497629936784506,True
81,100010100000,16,1.9247743699483583e-06,0.99999807522563,cache,True,0.0,0.027731004869565368,0.027733308961614966,True
82,010010100000,16,0.9999978997388651,2.100261134896364e-06,cache,True,0.0,0.026737615931779146,0.026741483947262168,True
83,110010100000,20,0.9999977268489986,2.273151001430662e-06,cache,True,0.0,0.027529132086783648,0.027532539097592235,True
84,001010100000,16,0.999997727497896,2.272502104050389e-06,cache,True,0.0,0.026579379104077816,0.02658217493444681,True
85,101010100000,18,0.9999979013975998,2.0986024001912185e-06,cache,True,0.0,0.029379855142906308,0.029382319189608097,True
86,011010100000,18,1.5754533176864596e-06,0.9999984245466823,cache,True,0.0,0.028557628858834505,0.028560162987560034,True
87,111010100000,16,1.7484847873444113e-06,0.9999982515152127,cache,True,0.0,0.02921225898899138,0.029221396893262863,True
88,000110100000,16,0.9999979003866806,2.0996133194284283e-06,cache,True,0.0,0.028138163965195417,0.028140589129179716,True
89,100110100000,18,0.9999977269222055,2.2730777945456637e-06,cache,True,0.0,0.02774081309325993,0.02774345804937184,True
90,010110100000,18,1.4021380392031826e-06,0.9999985978619608,cache,True,0.0,0.02763338480144739,0.027635970152914524,True
91,110110100000,16,1.9254250198235194e-06,0.9999980745749801,cache,True,0.0,0.028062046971172094,0.028064381098374724,True
92,001110100000,18,1.5771195844483292e-06,0.9999984228804155,cache,True,0.0,0.026670114835724235,0.0266727099660784,True
93,101110100000,18,1.7501497201511093e-06,0.9999982498502799,cache,True,0.0,0.026823522988706827,0.026825877837836742,True
94,011110100000,18,0.9999977274300512,2.272569948780223e-06,cache,True,0.0,0.02559126098640263,0.025598244974389672,True
95,111110100000,18,0.9999979019036321,2.0980963678640663e-06,cache,True,0.0,0.026451139943674207,0.02645329385995865,True
96,000001100000,6,2.0941147964299644e-06,0.9999979058852035,cache,True,0.0,0.026056644041091204,0.02605883893556893,True
97,100001100000,12,1.8744183765630234e-07,0.9999998125581624,cache,True,0.0,0.026124856900423765,0.026126950047910213,True
98,010001100000,12,0.9999985977179472,1.402282052809234e-06,cache,True,0.0,0.027924470137804747,0.027926703914999962,True
99,110001100000,14,0.9999973834652155,2.6165347845052978e-06,cache,True,0.0,0.02848847513087094,0.02849062904715538,True
100,001001100000,12,0.9999973804928861,2.61950711388792e-06,cache,True,0.0,0.02822773903608322,0.02823024312965572,True
101,101001100000,12,0.9999972060118126,2.793988187366203e-06,cache,True,0.0,0.027478803880512714,0.027481038821861148,True
102,011001100000,12,1.9212988639960095e-06,0.999998078701136,cache,True,0.0,0.0267415139824152,0.026743687922134995,True
103,111001100000,12,1.75029744623105e-06,0.9999982497025538,cache,True,0.0,0.028327071107923985,0.028329516062512994,True
104,000101100000,12,0.9999972061544993,2.793845500725922e-06,cache,True,0.0,0.028027520049363375,0.028029825072735548,True
105,100101100000,12,0.9999973807848216,2.6192151784121265e-06,cache,True,0.0,0.030654688831418753,0.03065717313438654,True
106,010101100000,12,2.0978064786164207e-06,0.9999979021935214,cache,True,0.0,0.03179499180987477,0.03179786796681583,True
107,110101100000,12,1.5747982250683689e-06,0.999998425201775,cache,True,0.0,0.028605361003428698,0.028608125867322087,True
108,001101100000,12,5.353837510959569e-07,0.9999994646162489,cache,True,0.0,0.030218372121453285,0.030220625922083855,True
109,101101100000,14,1.7486271923582543e-06,0.9999982513728076,cache,True,0.0,0.027982001891359687,0.0279852079693228,True
110,011101100000,14,0.9999973834652153,2.6165347847273424e-06,cache,True,0.0,0.029333184007555246,0.029335528844967484,True
111,111101100000,12,0.999998597285611,1.4027143889761007e-06,cache,True,0.0,0.027681489009410143,0.027683581924065948,True
112,000011100000,10,1.5783454953942165e-06,0.9999984216545046,cache,True,0.0,0.02590024098753929,0.025902565103024244,True
113,100011100000,14,1.751815692100465e-06,0.9999982481843079,cache,True,0.0,0.0264663090929389,0.02646868396550417,True
114,010011100000,14,0.999997728511165,2.2714888350261475e-06,cache,True,0.0,0.025833320803940296,0.025835806038230658,True
115,110011100000,18,0.9999979014003222,2.0985996778133398e-06,cache,True,0.0,0.028177089989185333,0.028179745888337493,True
116,001011100000,14,0.9999979027721626,2.0972278373943e-06,cache,True,0.0,0.026888559106737375,0.026890833163633943,True
117,101011100000,16,0.9999977271364775,2.2728635225011118e-06,cache,True,0.0,0.027215272886678576,0.02721758815459907,True
118,011011100000,16,1.4029265499138279e-06,0.9999985970734501,cache,True,0.0,0.029454680159687996,0.02945693419314921,True
119,111011100000,14,1.924340347897908e-06,0.9999980756596522,cache,True,0.0,0.029395113931968808,0.02939754887484014,True
120,000111100000,14,0.9999977280055526,2.2719944473559295e-06,cache,True,0.0,0.026370714185759425,0.02637298800982535,True
121,100111100000,16,0.9999979023379634,2.0976620366264243e-06,cache,True,0.0,0.028671168955042958,0.02867374406196177,True
122,010111100000,16,1.5775507171829276e-06,0.9999984224492828,cache,True,0.0,0.02791376900859177,0.027915952960029244,True
123,110111100000,14,1.7507301162968548e-06,0.9999982492698837,cache,True,0.0,0.02879339619539678,0.028795941034331918,True
124,001111100000,16,1.4040167710873526e-06,0.9999985959832289,cache,True,0.0,0.04899903410114348,0.04900199989788234,True
125,101111100000,16,1.9251354276109e-06,0.9999980748645724,cache,True,0.0,0.0295362479519099,0.02953927405178547,True
126,011111100000,16,0.9999979018322872,2.09816771279403e-06,cache,True,0.0,0.029900285182520747,0.029903060058131814,True
127,111111100000,16,0.9999977276432364,2.2723567636440123e-06,cache,True,0.0,0.03404311602935195,0.03404714399948716,True
128,000000010000,6,7.05936775275687e-07,0.9999992940632247,cache,True,0.0,0.03297582408413291,0.03297900012694299,True
129,100000010000,12,2.618277317408906e-06,0.9999973817226826,cache,True,0.0,0.03553014202043414,0.03553277696482837,True
130,010000010000,10,0.9999965123702579,3.4876297421160274e-06,cache,True,0.0,0.029933879850432277,0.029936824925243855,True
131,110000010000,12,0.9999977273562622,2.2726437377551534e-06,cache,True,0.0,0.029201047960668802,0.029203542042523623,True
132,001000010000,12,0.9999977271390978,2.272860902152729e-06,cache,True,0.0,0.032485150964930654,0.03248757612891495,True
133,101000010000,12,0.9999979003160251,2.099683974909894e-06,cache,True,0.0,0.028854003874585032,0.028856158023700118,True
134,011000010000,10,8.82096786581615e-07,0.9999991179032134,cache,True,0.0,0.027636620914563537,0.027639466803520918,True
135,111000010000,10,1.0561412236286544e-06,0.9999989438587764,cache,True,0.0,0.0370672051794827,0.03706934885121882,True
136,000100010000,12,0.9999979019059473,2.098094052715993e-06,cache,True,0.0,0.02843795600347221,0.028440119931474328,True
137,100100010000,12,0.9999977271368733,2.2728631267066035e-06,cache,True,0.0,0.03389078006148338,0.033892874140292406,True
138,010100010000,10,7.094968740217432e-07,0.999999290503126,cache,True,0.0,0.036339963087812066,0.036342729115858674,True
139,110100010000,10,1.2297509768823075e-06,0.9999987702490232,cache,True,0.0,0.02931123087182641,0.0293139168061316,True
140,001100010000,12,2.271778906089015e-06,0.9999977282210939,cache,True,0.0,0.029641563072800636,0.029644056921824813,True
141,101100010000,14,1.058387037844154e-06,0.9999989416129622,cache,True,0.0,0.030871118884533644,0.030873583862558007,True
142,011100010000,12,0.9999977273562622,2.2726437377551534e-06,cache,True,0.0,0.030281465034931898,0.03028397890739143,True
143,111100010000,10,0.9999965130912252,3.4869087748301553e-06,cache,True,0.0,0.03039453411474824,0.030397099209949374,True
144,000010010000,12,1.5739956827178643e-06,0.9999984260043173,cache,True,0.0,0.0273965650703758,0.027398668928071856,True
145,100010010000,16,1.4021380392031828e-06,0.9999985978619608,cache,True,0.0,0.029437567107379436,0.029439811129122972,True
146,010010010000,14,0.9999977274978957,2.2725021042724336e-06,cache,True,0.0,0.026460368186235428,0.026462761918082833,True
147,110010010000,18,0.9999975536010883,2.446398911670755e-06,cache,True,0.0,0.02837808011099696,0.028380424017086625,True
148,001010010000,16,0.9999975533809728,2.4466190271521526e-06,cache,True,0.0,0.025866856100037694,0.025868930155411363,True
149,101010010000,18,0.9999977271364775,2.2728635225011118e-06,cache,True,0.0,0.03215575288049877,0.0321578870061785,True
150,011010010000,16,1.750730116366534e-06,0.9999982492698837,cache,True,0.0,0.024564106948673725,0.024566231993958354,True
151,111010010000,14,1.228309382333933e-06,0.9999987716906177,cache,True,0.0,0.026033780071884394,0.026035733986645937,True
152,000110010000,16,0.9999977280055549,2.2719944451354834e-06,cache,True,0.0,0.026668180944398046,0.02667065616697073,True
153,100110010000,18,0.9999975529518212,2.4470481787552956e-06,cache,True,0.0,0.03144102497026324,0.03144320985302329,True
154,010110010000,16,1.5771165048387052e-06,0.9999984228834952,cache,True,0.0,0.02660981798544526,0.02661221195012331,True
155,110110010000,14,1.4029265500531862e-06,0.99999859707345,cache,True,0.0,0.028045014012604952,0.028047268046066165,True
156,001110010000,18,1.7484847873531209e-06,0.9999982515152126,cache,True,0.0,0.028669065097346902,0.02867122902534902,True
157,101110010000,18,1.2301179672371522e-06,0.9999987698820327,cache,True,0.0,0.026765290182083845,0.02676756400614977,True
158,011110010000,16,0.9999975537441953,2.446255804700037e-06,cache,True,0.0,0.02839877991937101,0.028401155024766922,True
159,111110010000,16,0.9999977269222053,2.273077794656686e-06,cache,True,0.0,0.02840475202538073,0.028406976023688912,True
160,000001010000,10,8.8224230390202e-07,0.9999991177576961,cache,True,0.0,0.02866783202625811,0.028670097002759576,True
161,100001010000,16,1.0561412234892963e-06,0.9999989438587765,cache,True,0.0,0.027550193946808577,0.02755242702551186,True
162,010001010000,14,0.9999977271368732,2.272863126817626e-06,cache,True,0.0,0.028767857002094388,0.028770031174644828,True
163,110001010000,16,0.9999979021955412,2.0978044588115807e-06,cache,True,0.0,0.027709451969712973,0.027711497154086828,True
164,001001010000,16,0.9999978998084348,2.1001915652130165e-06,cache,True,0.0,0.02692535100504756,0.02692736405879259,True
165,101001010000,16,0.999996339484788,3.6605152119451034e-06,cache,True,0.0,0.02731761196628213,0.027319696033373475,True
166,011001010000,14,2.097010129767297e-06,0.9999979029898702,cache,True,0.0,0.02880616090260446,0.028808275004848838,True
167,111001010000,14,1.2302631573442452e-06,0.9999987697368427,cache,True,0.0,0.02940090512856841,0.02940304996445775,True
168,000101010000,16,0.9999963394847882,3.660515211834081e-06,cache,True,0.0,0.028642493998631835,0.028644646983593702,True
169,100101010000,16,0.9999979016889636,2.0983110363692603e-06,cache,True,0.0,0.02629848406650126,0.026300587924197316,True
170,010101010000,14,8.825999962007297e-07,0.9999991174000038,cache,True,0.0,0.02736295899376273,0.027365223970264196,True
171,110101010000,14,2.44365490232668e-06,0.9999975563450977,cache,True,0.0,0.02745653106831014,0.027458535972982645,True
172,001101010000,16,7.094968739520644e-07,0.9999992905031261,cache,True,0.0,0.028158524073660374,0.028160578105598688,True
173,101101010000,18,1.231051729189639e-06,0.9999987689482708,cache,True,0.0,0.026304695988073945,0.026306700194254518,True
174,011101010000,16,0.9999979003162692,2.0996837307718508e-06,cache,True,0.0,0.028193400939926505,0.028195515973493457,True
175,111101010000,14,0.9999977271390977,2.2728609022637514e-06,cache,True,0.0,0.02603471209295094,0.026036825962364674,True
176,000011010000,14,1.7501497199420711e-06,0.9999982498502801,cache,True,0.0,0.033892703941091895,0.033894897904247046,True
177,100011010000,18,1.2284497113444485e-06,0.9999987715502886,cache,True,0.0,0.027492541121318936,0.027494695968925953,True
178,010011010000,16,0.9999975543942383,2.445605761680625e-06,cache,True,0.0,0.03044117405079305,0.03044333914294839,True
179,110011010000,20,0.9999977268489958,2.2731510042062197e-06,cache,True,0.0,0.02473028004169464,0.0247325140517205,True
180,001011010000,18,0.999997728511165,2.2714888350261475e-06,cache,True,0.0,0.027727928012609482,0.02773108403198421,True
181,101011010000,20,0.9999975521555955,2.4478444045072933e-06,cache,True,0.0,0.027739621000364423,0.027742467122152448,True
182,011011010000,18,1.5780603581880578e-06,0.9999984219396418,cache,True,0.0,0.02650269982405007,0.026505606016144156,True
183,111011010000,16,1.404016770947994e-06,0.999998595983229,cache,True,0.0,0.029673485085368156,0.029676710022613406,True
184,000111010000,18,0.9999975549045483,2.4450954516641588e-06,cache,True,0.0,0.0313684749417007,0.03137136995792389,True
185,100111010000,20,0.9999977276432364,2.2723567636440123e-06,cache,True,0.0,0.02651433297432959,0.026516868034377694,True
186,010111010000,18,1.751815690288809e-06,0.9999982481843097,cache,True,0.0,0.024831105954945087,0.024833098985254765,True
187,110111010000,16,1.2292488352356042e-06,0.9999987707511647,cache,True,0.0,0.028743349015712738,0.02874557301402092,True
188,001111010000,20,1.5769754494229971e-06,0.9999984230245506,cache,True,0.0,0.027149715926498175,0.027151890099048615,True
189,101111010000,20,1.403799182944525e-06,0.9999985962008171,cache,True,0.0,0.027313003083691,0.02731493697501719,True
190,011111010000,18,0.9999977274300514,2.2725699485581785e-06,cache,True,0.0,0.02693584095686674,0.026937744114547968,True
191,111111010000,18,0.9999975554107571,2.444589242922568e-06,cache,True,0.0,0.03282679500989616,0.03282879898324609,True
192,000000110000,10,1.2310517292331885e-06,0.9999987689482708,cache,True,0.0,0.025940970052033663,0.025943074142560363,True
193,100000110000,16,1.0561431536715716e-06,0.9999989438568463,cache,True,0.0,0.025490164989605546,0.025492229033261538,True
194,010000110000,14,0.9999980742159742,1.9257840258024572e-06,cache,True,0.0,0.028315348085016012,0.02831756300292909,True
195,110000110000,16,0.999997902195541,2.0978044590336253e-06,cache,True,0.0,0.027974687051028013,0.027977061923593283,True
196,001000110000,16,0.9999965123702551,3.487629744891585e-06,cache,True,0.0,0.03075588494539261,0.030758199049159884,True
197,101000110000,16,0.9999980748637275,1.925136272507011e-06,cache,True,0.0,0.026867497945204377,0.026869612047448754,True
198,011000110000,14,1.4022779875477643e-06,0.9999985977220125,cache,True,0.0,0.03022276982665062,0.03022501477971673,True
199,111000110000,14,2.2717789061586932e-06,0.9999977282210939,cache,True,0.0,0.02744249510578811,0.027444749139249325,True
200,000100110000,16,0.9999980748637275,1.925136272507011e-06,cache,True,0.0,0.029750654008239508,0.02975311898626387,True
201,100100110000,16,0.9999965130912251,3.4869087749411776e-06,cache,True,0.0,0.02815964608453214,0.02816183096729219,True
202,010100110000,14,2.6182773175395534e-06,0.9999973817226825,cache,True,0.0,0.028076705057173967,0.028078868985176086,True
203,110100110000,14,1.0593958526517348e-06,0.9999989406041474,cache,True,0.0,0.028698080917820334,0.028700276045128703,True
204,001100110000,16,1.4053868429792176e-06,0.999998594613157,cache,True,0.0,0.0284891149494797,0.028491219971328974,True
205,101100110000,18,8.822423036929833e-07,0.9999991177576963,cache,True,0.0,0.02774129412136972,0.027743397979065776,True
206,011100110000,16,0.9999979003162691,2.099683730882873e-06,cache,True,0.0,0.029301733011379838,0.02930382709018886,True
207,111100110000,14,0.9999980747954509,1.9252045491136016e-06,cache,True,0.0,0.033890048041939735,0.03389214305207133,True
208,000010110000,16,1.4048124508772292e-06,0.9999985951875491,cache,True,0.0,0.02743091178126633,0.02743303496390581,True
209,100010110000,20,1.9243403478282287e-06,0.9999980756596522,cache,True,0.0,0.02629533805884421,0.026297481963410974,True
210,010010110000,18,0.9999979023379632,2.097662036848469e-06,cache,True,0.0,0.030042471131309867,0.03004440409131348,True
211,110010110000,22,0.9999977265612766,2.2734387233880327e-06,cache,True,0.0,0.026324884966015816,0.02632684912532568,True
212,001010110000,20,0.9999977276432355,2.2723567645321907e-06,cache,True,0.0,0.025809794897213578,0.025811809115111828,True
213,101010110000,22,0.9999979003866734,2.099613326644878e-06,cache,True,0.0,0.027453937102109194,0.027455850038677454,True
214,011010110000,20,1.575453317477422e-06,0.9999984245466825,cache,True,0.0,0.027917657047510147,0.027919640066102147,True
215,111010110000,18,1.7516709544201287e-06,0.9999982483290456,cache,True,0.0,0.028368620900437236,0.028370945947244763,True
216,000110110000,20,0.9999979013975999,2.098602400080196e-06,cache,True,0.0,0.04204341419972479,0.04204556788317859,True
217,100110110000,22,0.9999977273571325,2.2726428674513244e-06,cache,True,0.0,0.027937866048887372,0.027940130792558193,True
218,010110110000,20,1.4029997595026834e-06,0.9999985970002405,cache,True,0.0,0.029975240118801594,0.02997741405852139,True
219,110110110000,18,1.9254250195448036e-06,0.9999980745749805,cache,True,0.0,0.026072034146636724,0.02607422904111445,True
220,001110110000,22,1.5775507173919651e-06,0.9999984224492826,cache,True,0.0,0.025485906982794404,0.025488140992820263,True
221,101110110000,22,1.7497128654339658e-06,0.9999982502871345,cache,True,0.0,0.02756670513190329,0.027569219935685396,True
222,011110110000,20,0.9999977282951469,2.2717048531184503e-06,cache,True,0.0,0.026873009046539664,0.026875372976064682,True
223,111110110000,20,0.9999979027721625,2.097227837505322e-06,cache,True,0.0,0.026309765875339508,0.026311869965866208,True
224,000001110000,12,2.7913093313481576e-06,0.9999972086906687,cache,True,0.0,0.02739732712507248,0.02740116394124925,True
225,100001110000,18,8.825999962704083e-07,0.9999991174000037,cache,True,0.0,0.027409509988501668,0.027412235038354993,True
226,010001110000,16,0.9999978998084347,2.100191565324039e-06,cache,True,0.0,0.02885382412932813,0.02885640785098076,True
227,110001110000,18,0.9999966867072431,3.313292756934594e-06,cache,True,0.0,0.02875097398646176,0.0287533279042691,True
228,001001110000,18,0.9999980747954509,1.9252045491136016e-06,cache,True,0.0,0.028244401095435023,0.02824657503515482,True
229,101001110000,18,0.9999979003160251,2.099683974909894e-06,cache,True,0.0,0.026789718074724078,0.026791711105033755,True
230,011001110000,16,1.2297509768823073e-06,0.9999987702490232,cache,True,0.0,0.03146247612312436,0.03146450105123222,True
231,111001110000,16,1.056143153741251e-06,0.9999989438568463,cache,True,0.0,0.02852875296957791,0.028530796989798546,True
232,000101110000,18,0.9999979019059473,2.098094052715993e-06,cache,True,0.0,0.02851101802662015,0.028513052966445684,True
233,100101110000,18,0.999998074215974,1.925784026024502e-06,cache,True,0.0,0.03156783105805516,0.031569995218887925,True
234,010101110000,16,1.4053868438850458e-06,0.9999985946131561,cache,True,0.0,0.025819574017077684,0.02582209906540811,True
235,110101110000,16,8.820967866512944e-07,0.9999991179032134,cache,True,0.0,0.027165116043761373,0.0271673200186342,True
236,001101110000,18,1.230263157413924e-06,0.9999987697368425,cache,True,0.0,0.027201526099815965,0.027203551027923822,True
237,101101110000,20,2.443800603391016e-06,0.9999975561993966,cache,True,0.0,0.026518489932641387,0.026520655024796724,True
238,011101110000,18,0.9999966867072431,3.313292756934594e-06,cache,True,0.0,0.03295922186225653,0.03296132595278323,True
239,111101110000,16,0.9999979016889639,2.0983110361472157e-06,cache,True,0.0,0.029269248945638537,0.029271533945575356,True
240,000011110000,16,1.5783454955335738e-06,0.9999984216545045,cache,True,0.0,0.029741326114162803,0.029743521008640528,True
241,100011110000,20,1.750947583128273e-06,0.9999982490524169,cache,True,0.0,0.028743880102410913,0.028746145078912377,True
242,010011110000,18,0.9999977283654674,2.2716345325912712e-06,cache,True,0.0,0.026002378901466727,0.0260048839263618,True
243,110011110000,22,0.9999979018322872,2.09816771279403e-06,cache,True,0.0,0.028939619893208146,0.02894179499708116,True
244,001011110000,20,0.9999979019036321,2.0980963678640663e-06,cache,True,0.0,0.029090482974424958,0.029092677170410752,True
245,101011110000,22,0.9999977274296215,2.272570378547556e-06,cache,True,0.0,0.027701928047463298,0.027704261941835284,True
246,011011110000,20,1.4019141253079384e-06,0.9999985980858747,cache,True,0.0,0.03262079483829439,0.03262344002723694,True
247,111011110000,18,1.9247743700180373e-06,0.99999807522563,cache,True,0.0,0.03246220690198243,0.0324645119253546,True
248,000111110000,20,0.9999977282938849,2.2717061151089624e-06,cache,True,0.0,0.030858333921059966,0.030860757920891047,True
249,100111110000,22,0.9999978997388653,2.1002611346743194e-06,cache,True,0.0,0.03162247710861266,0.03162455093115568,True
250,010111110000,20,1.5771195836121735e-06,0.9999984228804164,cache,True,0.0,0.03385139419697225,0.03385364799760282,True
251,110111110000,18,1.752320638611881e-06,0.9999982476793614,cache,True,0.0,0.02947044000029564,0.029472474940121174,True
252,001111110000,22,1.4019876405095675e-06,0.9999985980123595,cache,True,0.0,0.027111120987683535,0.027113165007904172,True
253,101111110000,22,1.925135427750259e-06,0.9999980748645723,cache,True,0.0,0.02644816506654024,0.026450248202309012,True
254,011111110000,20,0.9999979014003222,2.0985996778133398e-06,cache,True,0.0,0.026675115106627345,0.026677198940888047,True
255,111111110000,20,0.9999977283665495,2.271633450456889e-06,cache,True,0.0,0.02956569497473538,0.02956826100125909,True
256,000000001000,6,1.3994466574496276e-06,0.9999986005533426,cache,True,0.0,0.02780112996697426,0.027803455013781786,True
257,100000001000,12,1.9246315034320505e-06,0.9999980753684966,cache,True,0.0,0.027597686043009162,0.027599950088188052,True
258,010000001000,10,0.9999979008930755,2.0991069245024363e-06,cache,True,0.0,0.0265454628970474,0.02654784801416099,True
259,110000001000,12,0.9999977278612424,2.2721387575863616e-06,cache,True,0.0,0.027682079002261162,0.027684694854542613,True
260,001000001000,12,0.9999977283656456,2.2716343544004758e-06,cache,True,0.0,0.028970720944926143,0.028973285108804703,True
261,101000001000,12,0.9999979018323463,2.0981676537301652e-06,cache,True,0.0,0.02675292594358325,0.02675510011613369,True
262,011000001000,10,1.576900242690199e-06,0.9999984230997573,cache,True,0.0,0.02873307908885181,0.028735564090311527,True
263,111000001000,10,1.7497883035015595e-06,0.9999982502116965,cache,True,0.0,0.02477108989842236,0.024773262906819582,True
264,000100001000,10,0.9999979002401439,2.099759856100114e-06,cache,True,0.0,0.02649863180704415,0.026501067215576768,True
265,100100001000,10,0.9999977280798528,2.2719201472343187e-06,cache,True,0.0,0.02635466307401657,0.026356977177783847,True
266,010100001000,12,1.4054599649116946e-06,0.999998594540035,cache,True,0.0,0.026447111973538995,0.026449315948411822,True
267,110100001000,12,1.925136511052084e-06,0.9999980748634889,cache,True,0.0,0.032972899032756686,0.03297528298571706,True
268,001100001000,10,1.5755260401483413e-06,0.9999984244739598,cache,True,0.0,0.026601471938192844,0.026603725971654058,True
269,101100001000,12,1.7498642317620073e-06,0.9999982501357683,cache,True,0.0,0.02569672605022788,0.025699231075122952,True
270,011100001000,14,0.9999977278597953,2.272140204651052e-06,cache,True,0.0,0.02690068306401372,0.02690307702869177,True
271,111100001000,12,0.9999979010387113,2.0989612886657127e-06,cache,True,0.0,0.025407183915376663,0.025409417925402522,True
272,000010001000,12,2.272287964715767e-06,0.9999977277120353,cache,True,0.0,0.031750865979120135,0.03175457403995097,True
273,100010001000,16,1.4039394916087274e-06,0.9999985960605083,cache,True,0.0,0.027957382844761014,0.027960980078205466,True
274,010010001000,14,0.9999984220103196,1.5779896803680415e-06,cache,True,0.0,0.02689331816509366,0.026895984075963497,True
275,110010001000,18,0.9999975530936994,2.446906300579421e-06,cache,True,0.0,0.026319003896787763,0.02632178901694715,True
276,001010001000,16,0.9999975544644089,2.4455355911445764e-06,cache,True,0.0,0.027611703146249056,0.027614236809313297,True
277,101010001000,18,0.9999984220861764,1.577913823602728e-06,cache,True,0.0,0.030594963114708662,0.03059709700755775,True
278,011010001000,16,1.7518106018988287e-06,0.9999982481893981,cache,True,0.0,0.02790868002921343,0.027911163866519928,True
279,111010001000,14,1.9241262236452386e-06,0.9999980758737763,cache,True,0.0,0.02670186711475253,0.026704411953687668,True
280,000110001000,14,0.9999984223720976,1.5776279024271034e-06,cache,True,0.0,0.029865658143535256,0.029867992037907243,True
281,100110001000,16,0.9999975540329725,2.4459670274756817e-06,cache,True,0.0,0.02753376099281013,0.02753611607477069,True
282,010110001000,18,2.272068318250718e-06,0.9999977279316817,cache,True,0.0,0.03346388088539243,0.03346615587361157,True
283,110110001000,16,1.4037219069498581e-06,0.9999985962780931,cache,True,0.0,0.02962145395576954,0.029623808106407523,True
284,001110001000,16,1.7508708456837958e-06,0.9999982491291544,cache,True,0.0,0.031990743009373546,0.03199329716153443,True
285,101110001000,16,1.9249217276346074e-06,0.9999980750782723,cache,True,0.0,0.02959300810471177,0.029595243046060205,True
286,011110001000,18,0.9999975541071454,2.4458928545856296e-06,cache,True,0.0,0.0293989519122988,0.02940111607313156,True
287,111110001000,18,0.9999984217257845,1.5782742155412421e-06,cache,True,0.0,0.03419908904470503,0.03420136286877096,True
288,000001001000,12,1.5773395156920992e-06,0.9999984226604843,cache,True,0.0,0.030559974955394864,0.030562510015442967,True
289,100001001000,18,1.7503697227463396e-06,0.9999982496302773,cache,True,0.0,0.02763226185925305,0.02763474779203534,True
290,010001001000,16,0.9999977269196179,2.2730803821424672e-06,cache,True,0.0,0.027689372887834907,0.02769156778231263,True
291,110001001000,18,0.9999979031385264,2.096861473566136e-06,cache,True,0.0,0.026778144063428044,0.026780379004776478,True
292,001001001000,18,0.9999979008911477,2.0991088522936963e-06,cache,True,0.0,0.0360276170540601,0.036029851995408535,True
293,101001001000,18,0.999997728873607,2.271126392949796e-06,cache,True,0.0,0.026912405854091048,0.02691461890935898,True
294,011001001000,16,1.4053884378653983e-06,0.9999985946115622,cache,True,0.0,0.028125039068982005,0.028127554105594754,True
295,111001001000,16,1.926074823305984e-06,0.9999980739251767,cache,True,0.0,0.025903747882694006,0.025906181894242764,True
296,000101001000,16,0.9999977282967165,2.271703283485138e-06,cache,True,0.0,0.02707629301585257,0.027078498154878616,True
297,100101001000,16,0.9999979021916597,2.097808340262297e-06,cache,True,0.0,0.02795388689264655,0.027956141158938408,True
298,010101001000,18,1.5775509568095423e-06,0.9999984224490432,cache,True,0.0,0.02752898307517171,0.027531176107004285,True
299,110101001000,18,1.7511635997274366e-06,0.9999982488364003,cache,True,0.0,0.0281468010507524,0.028149355901405215,True
300,001101001000,16,1.4037230761312402e-06,0.9999985962769239,cache,True,0.0,0.03245963202789426,0.03246196708641946,True
301,101101001000,18,1.9226729958832044e-06,0.9999980773270041,cache,True,0.0,0.026267653796821833,0.026269768131896853,True
302,011101001000,20,0.9999979015451025,2.098454897514479e-06,cache,True,0.0,0.030714744934812188,0.03071697987616062,True
303,111101001000,18,0.9999977272125181,2.2727874818828653e-06,cache,True,0.0,0.027661970118060708,0.027664344990625978,True
304,000011001000,16,2.4459652486200337e-06,0.9999975540347514,cache,True,0.0,0.02817340404726565,0.028175646904855967,True
305,100011001000,20,1.2298287097631944e-06,0.9999987701712902,cache,True,0.0,0.027369461953639984,0.027371837059035897,True
306,010011001000,18,0.9999982502170557,1.7497829443158253e-06,cache,True,0.0,0.029847281984984875,0.029849735787138343,True
307,110011001000,22,0.9999977279311123,2.2720688876987083e-06,cache,True,0.0,0.025348008843138814,0.02535069384612143,True
308,001011001000,20,0.9999977282918087,2.2717081913370407e-06,cache,True,0.0,0.028357210103422403,0.028359584044665098,True
309,101011001000,22,0.9999982484060487,1.7515939513268464e-06,cache,True,0.0,0.02750687999650836,0.027509134029969573,True
310,011011001000,20,1.5787085088112845e-06,0.9999984212914912,cache,True,0.0,0.03201218298636377,0.032014629105105996,True
311,111011001000,18,2.0979515128512426e-06,0.9999979020484872,cache,True,0.0,0.028636431088671088,0.028638726100325584,True
312,000111001000,18,0.999998249129546,1.7508704539537234e-06,cache,True,0.0,0.028007491026073694,0.028009755071252584,True
313,100111001000,20,0.9999977300292332,2.2699707667994673e-06,cache,True,0.0,0.02644143206998706,0.02644341508857906,True
314,010111001000,22,2.4457504335856407e-06,0.9999975542495664,cache,True,0.0,0.028563641011714935,0.028565764194354415,True
315,110111001000,20,1.229899150929538e-06,0.999998770100849,cache,True,0.0,0.027534722816199064,0.027536896988749504,True
316,001111001000,20,1.5786396952106462e-06,0.9999984213603048,cache,True,0.0,0.030969860032200813,0.030972435837611556,True
317,101111001000,20,2.098744962977835e-06,0.9999979012550371,cache,True,0.0,0.02840789803303778,0.028410312021151185,True
318,011111001000,22,0.9999977279317733,2.2720682266719194e-06,cache,True,0.0,0.027548219077289104,0.027550964849069715,True
319,111111001000,22,0.9999982483374162,1.7516625837599165e-06,cache,True,0.0,0.028334706090390682,0.028337220894172788,True
320,000000101000,12,1.924121443655199e-06,0.9999980758785564,cache,True,0.0,0.02913094195537269,0.029134578071534634,True
321,100000101000,18,1.7509457756509897e-06,0.9999982490542243,cache,True,0.0,0.03196286805905402,0.031965953996405005,True
322,010000101000,16,0.9999980742869873,1.9257130127181554e-06,cache,True,0.0,0.02771634585224092,0.02771900105290115,True
323,110000101000,18,0.999997904297851,2.095702149040868e-06,cache,True,0.0,0.026995046064257622,0.026997711043804884,True
324,001000101000,18,0.9999979000256851,2.0999743148841787e-06,cache,True,0.0,0.02915149088948965,0.029154185904189944,True
325,101000101000,18,0.9999980739246653,1.9260753346683757e-06,cache,True,0.0,0.026407195022329688,0.02640971913933754,True
326,011000101000,16,2.098384966520116e-06,0.9999979016150334,cache,True,0.0,0.028189545031636953,0.028192369965836406,True
327,111000101000,16,1.576683743214491e-06,0.9999984233162568,cache,True,0.0,0.026507169008255005,0.026509503135457635,True
328,000100101000,16,0.9999980736347147,1.9263652852874458e-06,cache,True,0.0,0.0290864750277251,0.029088788898661733,True
329,100100101000,16,0.9999978998799298,2.1001200701808997e-06,cache,True,0.0,0.028740813955664635,0.028743298957124352,True
330,010100101000,18,1.923185175299955e-06,0.9999980768148247,cache,True,0.0,0.02720286906696856,0.027205223916098475,True
331,110100101000,18,1.7502941629492626e-06,0.9999982497058371,cache,True,0.0,0.03208190901204944,0.0320840640924871,True
332,001100101000,16,2.0987449943334556e-06,0.9999979012550057,cache,True,0.0,0.030545087065547705,0.03054756112396717,True
333,101100101000,18,1.575597625864486e-06,0.9999984244023742,cache,True,0.0,0.027366867987439036,0.02736933180131018,True
334,011100101000,20,0.9999979018313245,2.098168675468415e-06,cache,True,0.0,0.03131542191840708,0.031317715998739004,True
335,111100101000,18,0.9999980748634578,1.9251365421801836e-06,cache,True,0.0,0.028484537033364177,0.02848679106682539,True
336,000010101000,18,1.4050261534316507e-06,0.9999985949738466,cache,True,0.0,0.030538453022018075,0.03054107795469463,True
337,100010101000,22,2.6192878800832516e-06,0.99999738071212,cache,True,0.0,0.027000686153769493,0.02700354205444455,True
338,010010101000,20,0.9999979025562974,2.097443702608892e-06,cache,True,0.0,0.025487489067018032,0.025489734020084143,True
339,110010101000,24,0.9999984229552557,1.5770447443497204e-06,cache,True,0.0,0.027296401094645262,0.027298855129629374,True
340,001010101000,22,0.9999984233191466,1.5766808534323218e-06,cache,True,0.0,0.02739074290730059,0.027393088908866048,True
341,101010101000,24,0.9999979010359141,2.0989640858726233e-06,cache,True,0.0,0.02892101416364312,0.0289235080126673,True
342,011010101000,22,2.271992644458522e-06,0.9999977280073555,cache,True,0.0,0.027664254885166883,0.027666580164805055,True
343,111010101000,20,1.7517449176587253e-06,0.9999982482550823,cache,True,0.0,0.027476409915834665,0.02747874497435987,True
344,000110101000,20,0.999997903785824,2.0962141760172415e-06,cache,True,0.0,0.031271296087652445,0.03127403114922345,True
345,100110101000,22,0.999998423031599,1.576968400973655e-06,cache,True,0.0,0.02712410595268011,0.02712632087059319,True
346,010110101000,24,1.4039461159363239e-06,0.9999985960538841,cache,True,0.0,0.028894251910969615,0.028896556003019214,True
347,110110101000,22,2.6187819676097123e-06,0.9999973812180324,cache,True,0.0,0.026268935995176435,0.026271321112290025,True
348,001110101000,22,2.272501622048416e-06,0.9999977274983779,cache,True,0.0,0.026810718001797795,0.026813664007931948,True
349,101110101000,22,1.7528261010974366e-06,0.999998247173899,cache,True,0.0,0.032402351032942533,0.03240452497266233,True
350,011110101000,24,0.9999984209328735,1.5790671265003553e-06,cache,True,0.0,0.027426292886957526,0.027428688015788794,True
351,111110101000,24,0.9999979032752758,2.0967247241765463e-06,cache,True,0.0,0.02881701197475195,0.028819316998124123,True
352,000001101000,12,2.0991053934583023e-06,0.9999979008946065,cache,True,0.0,0.02673232601955533,0.026734811021015048,True
353,100001101000,18,1.5790001803195712e-06,0.9999984209998197,cache,True,0.0,0.027780110016465187,0.02778268395923078,True
354,010001101000,16,0.9999979026273049,2.0973726950757055e-06,cache,True,0.0,0.02811188413761556,0.02811417682096362,True
355,110001101000,18,0.9999980778306615,1.9221693384752214e-06,cache,True,0.0,0.027095711091533303,0.027097794925794005,True
356,001001101000,18,0.9999980760206778,1.9239793221936807e-06,cache,True,0.0,0.027129387017339468,0.027131790993735194,True
357,101001101000,18,0.999997901543476,2.09845652399121e-06,cache,True,0.0,0.026696746004745364,0.02669894089922309,True
358,011001101000,16,1.9257126840139166e-06,0.999998074287316,cache,True,0.0,0.02641965914517641,0.02642217418178916,True
359,111001101000,16,1.7512345785904e-06,0.9999982487654214,cache,True,0.0,0.02530454401858151,0.02530702017247677,True
360,000101101000,16,0.9999979002403764,2.0997596236194127e-06,cache,True,0.0,0.026386183919385076,0.026388477999716997,True
361,100101101000,16,0.9999980748644264,1.925135573621617e-06,cache,True,0.0,0.025338831124827266,0.025341086089611053,True
362,010101101000,18,2.1001913282489224e-06,0.9999978998086717,cache,True,0.0,0.02676557097584009,0.026767825009301305,True
363,110101101000,18,1.5777686680754361e-06,0.999998422231332,cache,True,0.0,0.028674175031483173,0.028676328947767615,True
364,001101101000,16,1.9260735625313523e-06,0.9999980739264375,cache,True,0.0,0.0318733649328351,0.03187590907327831,True
365,101101101000,18,1.7498579068457416e-06,0.9999982501420932,cache,True,0.0,0.02688125497661531,0.026883658953011036,True
366,011101101000,20,0.9999980769611545,1.9230388454971603e-06,cache,True,0.0,0.026268855901435018,0.02627116092480719,True
367,111101101000,18,0.9999979036438881,2.096356111924713e-06,cache,True,0.0,0.02919416385702789,0.029196498915553093,True
368,000011101000,16,1.5787054388173894e-06,0.9999984212945612,cache,True,0.0,0.0274603390134871,0.027462663827463984,True
369,100011101000,20,2.446327932123722e-06,0.9999975536720679,cache,True,0.0,0.0294178978074342,0.029421867104247212,True
370,010011101000,18,0.999997728438044,2.271561955979884e-06,cache,True,0.0,0.03216108283959329,0.032163647934794426,True
371,110011101000,22,0.9999985954764781,1.4045235219306562e-06,cache,True,0.0,0.028602961916476488,0.02860539802350104,True
372,001011101000,20,0.9999985971397305,1.4028602695059789e-06,cache,True,0.0,0.029922561952844262,0.029925188049674034,True
373,101011101000,22,0.999997728515415,2.271484584981387e-06,cache,True,0.0,0.027296767104417086,0.02729936083778739,True
374,011011101000,20,2.0983133524532643e-06,0.9999979016866476,cache,True,0.0,0.027686472982168198,0.027688717003911734,True
375,111011101000,18,1.9249875903927055e-06,0.9999980750124096,cache,True,0.0,0.02974523790180683,0.02974756294861436,True
376,000111101000,18,0.9999977290942951,2.2709057049263848e-06,cache,True,0.0,0.026717080967500806,0.026719626039266586,True
377,100111101000,20,0.9999985958388011,1.404161198870213e-06,cache,True,0.0,0.02991515793837607,0.029917513020336628,True
378,010111101000,22,1.577333641181891e-06,0.9999984226663589,cache,True,0.0,0.027510470943525434,0.027512915898114443,True
379,110111101000,20,2.4452465705154103e-06,0.9999975547534294,cache,True,0.0,0.025606516050174832,0.025608859956264496,True
380,001111101000,20,2.0976603537634633e-06,0.9999979023396462,cache,True,0.0,0.02684523002244532,0.026847294066101313,True
381,101111101000,20,1.9257831508918684e-06,0.999998074216849,cache,True,0.0,0.03496566996909678,0.03496806393377483,True
382,011111101000,22,0.9999985962013,1.4037986999504426e-06,cache,True,0.0,0.026328487088903785,0.026331142988055944,True
383,111111101000,22,0.9999977284387664,2.2715612335577617e-06,cache,True,0.0,0.02627495303750038,0.026277218014001846,True
384,000000011000,12,1.401473746079773e-06,0.999998598526254,cache,True,0.0,0.02698112395592034,0.02698320709168911,True
385,100000011000,18,1.9257851723538377e-06,0.9999980742148277,cache,True,0.0,0.026632447028532624,0.02663466101512313,True
386,010000011000,14,0.999997901905195,2.0980948050031145e-06,cache,True,0.0,0.028070538071915507,0.028072712011635303,True
387,110000011000,16,0.9999977277146989,2.27228530114143e-06,cache,True,0.0,0.026254532858729362,0.02625667816027999,True
388,001000011000,18,0.9999977272086713,2.2727913286946233e-06,cache,True,0.0,0.03255468001589179,0.03255690517835319,True
389,101000011000,18,0.999997901832714,2.0981672860242995e-06,cache,True,0.0,0.02782200602814555,0.0278247210662812,True
390,011000011000,14,1.5758882406883853e-06,0.9999984241117593,cache,True,0.0,0.02613739692606032,0.026139680994674563,True
391,111000011000,14,1.7507978411606946e-06,0.9999982492021589,cache,True,0.0,0.035071826074272394,0.03507393994368613,True
392,000100011000,16,0.9999979011080689,2.0988919311459853e-06,cache,True,0.0,0.026705728843808174,0.02670836402103305,True
393,100100011000,16,0.9999977272126979,2.2727873021377576e-06,cache,True,0.0,0.035132152028381824,0.03513441700488329,True
394,010100011000,16,1.4035849091603893e-06,0.9999985964150908,cache,True,0.0,0.032772002974525094,0.03277425700798631,True
395,110100011000,16,1.9247020029808165e-06,0.999998075297997,cache,True,0.0,0.028956959024071693,0.028959523187950253,True
396,001100011000,16,1.5775508975125814e-06,0.9999984224491025,cache,True,0.0,0.028579686069861054,0.028581820894032717,True
397,101100011000,18,1.7515988240220284e-06,0.999998248401176,cache,True,0.0,0.030085908947512507,0.030088104074820876,True
398,011100011000,18,0.9999977282934022,2.2717065978339335e-06,cache,True,0.0,0.027345991926267743,0.027348255971446633,True
399,111100011000,16,0.9999979008939138,2.0991060861730304e-06,cache,True,0.0,0.028163166949525476,0.028165281983092427,True
400,000010011000,18,2.271560482493117e-06,0.9999977284395175,cache,True,0.0,0.031119455117732286,0.031121629057452083,True
401,100010011000,22,1.4029315245177482e-06,0.9999985970684755,cache,True,0.0,0.03311199205927551,0.03311412688344717,True
402,010010011000,18,0.9999984228801143,1.577119885687317e-06,cache,True,0.0,0.02608885196968913,0.026091095991432667,True
403,110010011000,22,0.9999975539617509,2.4460382490598676e-06,cache,True,0.0,0.028141655959188938,0.028143869945779443,True
404,001010011000,22,0.9999975537454886,2.4462545114012357e-06,cache,True,0.0,0.039145902963355184,0.03914807713590562,True
405,101010011000,24,0.9999984230992058,1.5769007941646151e-06,cache,True,0.0,0.028749426128342748,0.028751719975844026,True
406,011010011000,20,1.752679195559225e-06,0.9999982473208044,cache,True,0.0,0.02747899992391467,0.027481534983962774,True
407,111010011000,18,1.9235460778566976e-06,0.9999980764539221,cache,True,0.0,0.02692533517256379,0.026927861152216792,True
408,000110011000,20,0.9999984222306086,1.5777693913587854e-06,cache,True,0.0,0.026472416007891297,0.0264749510679394,True
409,100110011000,22,0.9999975544692861,2.4455307139348292e-06,cache,True,0.0,0.029212014051154256,0.02921482897363603,True
410,010110011000,22,2.2723555007490964e-06,0.9999977276444992,cache,True,0.0,0.032908306922763586,0.03291084198281169,True
411,110110011000,20,1.4037243749158524e-06,0.999998596275625,cache,True,0.0,0.03290090290829539,0.032903478015214205,True
412,001110011000,22,1.7515960904390952e-06,0.9999982484039096,cache,True,0.0,0.030153971863910556,0.03015641705133021,True
413,101110011000,22,1.9253533428973613e-06,0.9999980746466571,cache,True,0.0,0.03040991793386638,0.030412734020501375,True
414,011110011000,22,0.9999975541059443,2.44589405573592e-06,cache,True,0.0,0.02682103286497295,0.026823427993804216,True
415,111110011000,22,0.9999984217251224,1.5782748775672317e-06,cache,True,0.0,0.027912972029298544,0.027915255865082145,True
416,000001011000,16,1.5777707705045837e-06,0.9999984222292295,cache,True,0.0,0.029671724885702133,0.029674902092665434,True
417,100001011000,22,1.7510921975461857e-06,0.9999982489078024,cache,True,0.0,0.027418994111940265,0.02742161904461682,True
418,010001011000,18,0.9999977280787663,2.2719212336985706e-06,cache,True,0.0,0.03010980482213199,0.03011255105957389,True
419,110001011000,20,0.9999979025540381,2.0974459619127472e-06,cache,True,0.0,0.026763651054352522,0.026765896007418633,True
420,001001011000,22,0.9999979010377456,2.098962254448722e-06,cache,True,0.0,0.026797567028552294,0.02680017310194671,True
421,101001011000,22,0.999997728441693,2.271558307009869e-06,cache,True,0.0,0.02967159589752555,0.02967416006140411,True
422,011001011000,18,1.4033620837929062e-06,0.9999985966379162,cache,True,0.0,0.028239757055416703,0.028242080938071012,True
423,111001011000,18,1.924920071779165e-06,0.9999980750799282,cache,True,0.0,0.027038143947720528,0.02704054885543883,True
424,000101011000,20,0.9999977267037796,2.27329622037864e-06,cache,True,0.0,0.027348386123776436,0.027350831078365445,True
425,100101011000,20,0.9999979006040846,2.099395915444724e-06,cache,True,0.0,0.03017136501148343,0.030173860024660826,True
426,010101011000,20,1.5772620891904566e-06,0.9999984227379108,cache,True,0.0,0.028260025894269347,0.02826256095431745,True
427,110101011000,20,1.7500072213317036e-06,0.9999982499927786,cache,True,0.0,0.028189169010147452,0.028191332006826997,True
428,001101011000,20,1.403289108186655e-06,0.9999985967108919,cache,True,0.0,0.03036977001465857,0.03037219517864287,True
429,101101011000,22,1.924264299719633e-06,0.9999980757357003,cache,True,0.0,0.02687513781711459,0.026877353200688958,True
430,011101011000,22,0.9999979018330118,2.098166988151462e-06,cache,True,0.0,0.032990646082907915,0.03299269103445113,True
431,111101011000,20,0.9999977275004865,2.2724995134559833e-06,cache,True,0.0,0.026469399919733405,0.026471514953300357,True
432,000011011000,20,2.4456777640799175e-06,0.9999975543222359,cache,True,0.0,0.02571084792725742,0.025713023031130433,True
433,100011011000,24,1.2292489254004314e-06,0.9999987707510746,cache,True,0.0,0.026533705880865455,0.02653590007685125,True
434,010011011000,20,0.9999982480437873,1.7519562126588895e-06,cache,True,0.0,0.030371734872460365,0.030374028952792287,True
435,110011011000,24,0.9999977275016045,2.2724983954613975e-06,cache,True,0.0,0.03264746000058949,0.032650206005200744,True
436,001011011000,24,0.9999977268486085,2.2731513914520107e-06,cache,True,0.0,0.029086630092933774,0.029088975163176656,True
437,101011011000,26,0.9999982469586856,1.7530413144450918e-06,cache,True,0.0,0.0470201950520277,0.04702257993631065,True
438,011011011000,22,1.578276053357278e-06,0.9999984217239466,cache,True,0.0,0.02678335993550718,0.026785874040797353,True
439,111011011000,20,2.098386561345327e-06,0.9999979016134386,cache,True,0.0,0.02903732401318848,0.02903978992253542,True
440,000111011000,22,0.9999982479700927,1.7520299072648626e-06,cache,True,0.0,0.03533789305947721,0.03534011705778539,True
441,100111011000,24,0.9999977277155707,2.272284429283289e-06,cache,True,0.0,0.033041204093024135,0.03304363996721804,True
442,010111011000,24,2.447337107033177e-06,0.9999975526628929,cache,True,0.0,0.02837862609885633,0.0283813311252743,True
443,110111011000,22,1.2288860610270751e-06,0.999998771113939,cache,True,0.0,0.027784532867372036,0.027787408092990518,True
444,001111011000,24,1.5777695966198576e-06,0.9999984222304034,cache,True,0.0,0.03463965700939298,0.03464234201237559,True
445,101111011000,24,2.0975879840871437e-06,0.9999979024120159,cache,True,0.0,0.02881253813393414,0.028815493918955326,True
446,011111011000,24,0.9999977269230834,2.273076916581296e-06,cache,True,0.0,0.02737202192656696,0.027374216821044683,True
447,111111011000,24,0.9999982490528418,1.7509471581522718e-06,cache,True,0.0,0.027528495993465185,0.027530670166015625,True
448,000000111000,16,1.924845294130604e-06,0.9999980751547058,cache,True,0.0,0.024989699013531208,0.024991933023557067,True
449,100000111000,22,1.7513800975308442e-06,0.9999982486199025,cache,True,0.0,0.029827828984707594,0.029830212937667966,True
450,010000111000,18,0.9999980745773654,1.9254226345521985e-06,cache,True,0.0,0.02607600693590939,0.026078210910782218,True
451,110000111000,20,0.9999979028476095,2.097152390523327e-06,cache,True,0.0,0.02874596882611513,0.02874819398857653,True
452,001000111000,22,0.9999979033494804,2.096650519645138e-06,cache,True,0.0,0.029006655095145106,0.029008739162236452,True
453,101000111000,22,0.999998076673192,1.9233268080398602e-06,cache,True,0.0,0.027080947067588568,0.027082951040938497,True
454,011000111000,18,2.0989630042442083e-06,0.9999979010369957,cache,True,0.0,0.028749195858836174,0.028751419857144356,True
455,111000111000,18,1.5787107678094929e-06,0.9999984212892322,cache,True,0.0,0.0281731269787997,0.028175080893561244,True
456,000100111000,20,0.9999980758030912,1.9241969088090727e-06,cache,True,0.0,0.02837640093639493,0.02837871597148478,True
457,100100111000,20,0.9999979008937346,2.0991062653630266e-06,cache,True,0.0,0.027377413120120764,0.027380038052797318,True
458,010100111000,20,1.9243361879826688e-06,0.999998075663812,cache,True,0.0,0.03098993399180472,0.030992307933047414,True
459,110100111000,20,1.7523196769001817e-06,0.9999982476803231,cache,True,0.0,0.0288811509963125,0.02888342598453164,True
460,001100111000,20,2.0997589899952544e-06,0.99999790024101,cache,True,0.0,0.028050068067386746,0.02805222198367119,True
461,101100111000,22,1.576902602444465e-06,0.9999984230973975,cache,True,0.0,0.028265235014259815,0.028267390094697475,True
462,011100111000,22,0.9999979018309625,2.098169037512143e-06,cache,True,0.0,0.02728408109396696,0.02728636609390378,True
463,111100111000,20,0.9999980760192351,1.9239807649285012e-06,cache,True,0.0,0.0315136699937284,0.031516917049884796,True
464,000010111000,22,1.4038684492506345e-06,0.9999985961315507,cache,True,0.0,0.030084986938163638,0.03008754295296967,True
465,100010111000,26,2.6184222336943365e-06,0.9999973815777663,cache,True,0.0,0.029258322902023792,0.029260928044095635,True
466,010010111000,22,0.9999979018318362,2.0981681637666227e-06,cache,True,0.0,0.02899204706773162,0.02899485221132636,True
467,110010111000,26,0.9999984216526338,1.5783473662489556e-06,cache,True,0.0,0.03386086504906416,0.03386350115761161,True
468,001010111000,26,0.999998421580573,1.5784194270507257e-06,cache,True,0.0,0.027586488984525204,0.027588621946051717,True
469,101010111000,28,0.9999979004591366,2.0995408633872614e-06,cache,True,0.0,0.026114161126315594,0.026116174878552556,True
470,011010111000,24,2.273004885738555e-06,0.9999977269951142,cache,True,0.0,0.026826683897525072,0.026828747941181064,True
471,111010111000,22,1.7518853192052409e-06,0.9999982481146807,cache,True,0.0,0.029318039072677493,0.029320382978767157,True
472,000110111000,24,0.9999979006032114,2.099396788635133e-06,cache,True,0.0,0.0281555219553411,0.028157626977190375,True
473,100110111000,26,0.999998422161557,1.5778384430120695e-06,cache,True,0.0,0.02735249511897564,0.027354829013347626,True
474,010110111000,26,1.4035078130076227e-06,0.999998596492187,cache,True,0.0,0.03381158993579447,0.03381377412006259,True
475,110110111000,24,2.6186380149347346e-06,0.999997381361985,cache,True,0.0,0.029398726066574454,0.02940091979689896,True
476,001110111000,26,2.271922921405552e-06,0.9999977280770785,cache,True,0.0,0.025878584012389183,0.02588115888647735,True
477,101110111000,26,1.7502209224925423e-06,0.9999982497790775,cache,True,0.0,0.02749016205780208,0.027492595836520195,True
478,011110111000,26,0.9999984219433715,1.578056628481761e-06,cache,True,0.0,0.027522915974259377,0.027525440091267228,True
479,111110111000,26,0.999997903710148,2.0962898520382467e-06,cache,True,0.0,0.027670451905578375,0.027672604890540242,True
480,000001111000,18,2.096790520580576e-06,0.9999979032094795,cache,True,0.0,0.026889154920354486,0.02689143898896873,True
481,100001111000,24,1.577553673112046e-06,0.9999984224463269,cache,True,0.0,0.026617839001119137,0.02662009303458035,True
482,010001111000,20,0.9999978998818522,2.1001181478297326e-06,cache,True,0.0,0.028657567920163274,0.028659711126238108,True
483,110001111000,22,0.9999980750830959,1.9249169040946867e-06,cache,True,0.0,0.049200356006622314,0.04920246987603605,True
484,001001111000,24,0.9999980763104485,1.923689551541763e-06,cache,True,0.0,0.028097559930756688,0.028099824907258153,True
485,101001111000,24,0.9999979018316236,2.098168376374332e-06,cache,True,0.0,0.03211439587175846,0.03211698099039495,True
486,011001111000,20,1.9249891866027907e-06,0.9999980750108134,cache,True,0.0,0.02650708402507007,0.026509267976507545,True
487,111001111000,20,1.7508029022364465e-06,0.9999982491970978,cache,True,0.0,0.031200933968648314,0.0312031670473516,True
488,000101111000,22,0.9999979019793754,2.0980206245635458e-06,cache,True,0.0,0.027757511008530855,0.02775963395833969,True
489,100101111000,22,0.9999980748662942,1.9251337057824003e-06,cache,True,0.0,0.030774144921451807,0.030776279978454113,True
490,010101111000,22,2.098600561778137e-06,0.9999979013994382,cache,True,0.0,0.02594704693183303,0.025949260918423533,True
491,110101111000,22,1.5747313214430511e-06,0.9999984252686785,cache,True,0.0,0.028627770021557808,0.028629873879253864,True
492,001101111000,22,1.923757310703146e-06,0.9999980762426893,cache,True,0.0,0.027365229092538357,0.027367353904992342,True
493,101101111000,24,1.750152980856851e-06,0.9999982498470191,cache,True,0.0,0.02721286308951676,0.027215207926928997,True
494,011101111000,24,0.9999980753688276,1.9246311724341325e-06,cache,True,0.0,0.0259390810970217,0.025941557018086314,True
495,111101111000,22,0.9999979014713501,2.0985286498520495e-06,cache,True,0.0,0.02725014602765441,0.02725252998061478,True
496,000011111000,22,1.578273460177842e-06,0.9999984217265399,cache,True,0.0,0.026158506982028484,0.026160571025684476,True
497,100011111000,26,2.445028442916565e-06,0.9999975549715571,cache,True,0.0,0.028016893891617656,0.02801903779618442,True
498,010011111000,22,0.999997727860847,2.272139153047803e-06,cache,True,0.0,0.0307614600751549,0.03076370502822101,True
499,110011111000,26,0.9999985972143861,1.4027856138909556e-06,cache,True,0.0,0.027985963970422745,0.027988078072667122,True
500,001011111000,26,0.9999985967110018,1.4032889982251717e-06,cache,True,0.0,0.030936410883441567,0.030938514042645693,True
501,101011111000,28,0.9999977286567739,2.271343226056821e-06,cache,True,0.0,0.02656744117848575,0.026569595094770193,True
502,011011111000,24,2.099467439937735e-06,0.9999979005325601,cache,True,0.0,0.025697292061522603,0.02569967694580555,True
503,111011111000,22,1.926434948100732e-06,0.9999980735650519,cache,True,0.0,0.030369539046660066,0.030371753964573145,True
504,000111111000,24,0.9999977286562328,2.2713437671795234e-06,cache,True,0.0,0.026704997988417745,0.026707292068749666,True
505,100111111000,26,0.9999985948282375,1.405171762502988e-06,cache,True,0.0,0.026153687853366137,0.02615590300410986,True
506,010111111000,26,1.5779160796236722e-06,0.9999984220839204,cache,True,0.0,0.02652328507974744,0.02652590093202889,True
507,110111111000,24,2.444953669204876e-06,0.9999975550463308,cache,True,0.0,0.026319439988583326,0.026321804150938988,True
508,001111111000,26,2.098674226162837e-06,0.9999979013257738,cache,True,0.0,0.028298219898715615,0.028300814097747207,True
509,101111111000,26,1.9259279507260136e-06,0.9999980740720493,cache,True,0.0,0.02859201980754733,0.028594705974683166,True
510,011111111000,26,0.9999985964924568,1.4035075431850785e-06,cache,True,0.0,0.02941533806733787,0.029419014928862453,True
511,111111111000,26,0.9999977287262498,2.2712737501873193e-06,cache,True,0.0,0.0318341429810971,0.03183683683164418,True
512,000000000100,6,2.2690203227620747e-06,0.9999977309796773,cache,True,0.0,0.029176103183999658,0.029179269913583994,True
513,100000000100,10,2.0974464106069186e-06,0.9999979025535894,cache,True,0.0,0.028325052000582218,0.028327866923063993,True
514,010000000100,10,0.9999984216539292,1.5783460708407304e-06,cache,True,0.0,0.026683946838602424,0.02668647188693285,True
515,110000000100,14,0.9999982474608443,1.7525391556860725e-06,cache,True,0.0,0.03194922604598105,0.03195150010287762,True
516,001000000100,12,0.9999982486913955,1.7513086044695925e-06,cache,True,0.0,0.027143910061568022,0.027146104024723172,True
517,101000000100,10,0.9999984210002116,1.5789997883652873e-06,cache,True,0.0,0.027213403955101967,0.027215468930080533,True
518,011000000100,10,2.44574871906035e-06,0.9999975542512809,cache,True,0.0,0.027027403004467487,0.027029547840356827,True
519,111000000100,12,1.9247753974371793e-06,0.9999980752246026,cache,True,0.0,0.030175333144143224,0.030177957843989134,True
520,000100000100,12,0.9999984227344453,1.577265554719709e-06,cache,True,0.0,0.03083649603649974,0.030838650884106755,True
521,100100000100,10,0.9999982482589953,1.7517410046963278e-06,cache,True,0.0,0.026973198866471648,0.026975373039022088,True
522,010100000100,10,2.2718475084224547e-06,0.9999977281524915,cache,True,0.0,0.029263843083754182,0.02926582796499133,True
523,110100000100,12,2.097661592519482e-06,0.9999979023384075,cache,True,0.0,0.029673168202862144,0.029675472993403673,True
524,001100000100,12,2.444663506772891e-06,0.9999975553364933,cache,True,0.0,0.029882424045354128,0.029884608928114176,True
525,101100000100,12,1.925135126109196e-06,0.9999980748648739,cache,True,0.0,0.026706912089139223,0.02670924598351121,True
526,011100000100,12,0.9999982481845822,1.7518154178386425e-06,cache,True,0.0,0.02706315298564732,0.027065366972237825,True
527,111100000100,12,0.9999984230941763,1.5769058236969613e-06,cache,True,0.0,0.02956476714462042,0.029567203018814325,True
528,000010000100,12,2.0958568796520706e-06,0.9999979041431204,cache,True,0.0,0.027109012007713318,0.027111167088150978,True
529,100010000100,14,2.6184197090269306e-06,0.999997381580291,cache,True,0.0,0.02818231494165957,0.028184429043903947,True
530,010010000100,14,0.9999979013995571,2.098600442868026e-06,cache,True,0.0,0.02851857803761959,0.02852097200229764,True
531,110010000100,20,0.999997727210325,2.272789675017428e-06,cache,True,0.0,0.028470474062487483,0.028472738107666373,True
532,001010000100,16,0.9999984225941992,1.5774058007567149e-06,cache,True,0.0,0.03341251495294273,0.033414739882573485,True
533,101010000100,16,0.9999985949031321,1.4050968678569475e-06,cache,True,0.0,0.02780275885015726,0.02780502289533615,True
534,011010000100,16,1.5761070098928919e-06,0.9999984238929901,cache,True,0.0,0.03221093281172216,0.032213318860158324,True
535,111010000100,16,1.751018227757749e-06,0.9999982489817723,cache,True,0.0,0.025264191906899214,0.02526653604581952,True
536,000110000100,16,0.9999985950463043,1.404953695716138e-06,cache,True,0.0,0.027559606824070215,0.027561870869249105,True
537,100110000100,16,0.999998420280902,1.5797190979771614e-06,cache,True,0.0,0.02743258001282811,0.02743488480336964,True
538,010110000100,16,1.4037969828948825e-06,0.9999985962030171,cache,True,0.0,0.027863136027008295,0.027865609852597117,True
539,110110000100,16,1.9246287646928597e-06,0.9999980753712353,cache,True,0.0,0.036619869992136955,0.03662217501550913,True
540,001110000100,18,2.2722112458059443e-06,0.9999977277887542,cache,True,0.0,0.02878698892891407,0.028789242962375283,True
541,101110000100,16,2.4453882943632535e-06,0.9999975546117056,cache,True,0.0,0.02781164599582553,0.02781414007768035,True
542,011110000100,16,0.9999977272103249,2.2727896751284504e-06,cache,True,0.0,0.026969440979883075,0.026971685932949185,True
543,111110000100,18,0.9999979012542802,2.0987457197696457e-06,cache,True,0.0,0.028710901038721204,0.028713155072182417,True
544,000001000100,12,2.4451718242224696e-06,0.9999975548281758,cache,True,0.0,0.027428172063082457,0.02743071597069502,True
545,100001000100,16,1.9228903986794788e-06,0.9999980771096013,cache,True,0.0,0.029179940931499004,0.02918216516263783,True
546,010001000100,16,0.9999982488339644,1.7511660356239744e-06,cache,True,0.0,0.02699544094502926,0.026997435139492154,True
547,110001000100,20,0.9999984224469036,1.5775530963768603e-06,cache,True,0.0,0.027046259958297014,0.027048463933169842,True
548,001001000100,18,0.9999984232421669,1.5767578330772025e-06,cache,True,0.0,0.02690500603057444,0.02690731012262404,True
549,101001000100,16,0.9999982480397234,1.751960276630271e-06,cache,True,0.0,0.02815348911099136,0.0281559641007334,True
550,011001000100,16,2.2733651810414618e-06,0.999997726634819,cache,True,0.0,0.026192422956228256,0.02619462786242366,True
551,111001000100,18,2.0987459613407695e-06,0.9999979012540386,cache,True,0.0,0.0274658240377903,0.027468119049444795,True
552,000101000100,18,0.999998249631513,1.7503684870412428e-06,cache,True,0.0,0.034194543957710266,0.034196626860648394,True
553,100101000100,16,0.9999984215065438,1.5784934561668962e-06,cache,True,0.0,0.026257007848471403,0.026259253034368157,True
554,010101000100,16,2.4456762348315e-06,0.9999975543237651,cache,True,0.0,0.027619111817330122,0.027621246874332428,True
555,110101000100,18,1.9239795316039583e-06,0.9999980760204684,cache,True,0.0,0.028513798024505377,0.028516113059595227,True
556,001101000100,18,2.2714164997167464e-06,0.9999977285835003,cache,True,0.0,0.027219615876674652,0.0272221309132874,True
557,101101000100,18,2.0991060496269066e-06,0.9999979008939504,cache,True,0.0,0.027889688033610582,0.027891921112313867,True
558,011101000100,18,0.9999984221608711,1.5778391289078542e-06,cache,True,0.0,0.029932631878182292,0.0299347760155797,True
559,111101000100,18,0.9999982492699699,1.750730030058989e-06,cache,True,0.0,0.02693579508922994,0.02693801000714302,True
560,000011000100,16,1.5765425947771114e-06,0.9999984234574052,cache,True,0.0,0.03050962183624506,0.0305119170807302,True
561,100011000100,18,1.7510182278274282e-06,0.9999982489817721,cache,True,0.0,0.028051671804860234,0.028054165886715055,True
562,010011000100,18,0.9999984202809014,1.5797190986432952e-06,cache,True,0.0,0.02850396907888353,0.028506274102255702,True
563,110011000100,24,0.9999985964917355,1.4035082644969776e-06,cache,True,0.0,0.02582851704210043,0.025830831145867705,True
564,001011000100,20,0.9999979002432973,2.0997567027336572e-06,cache,True,0.0,0.03176949708722532,0.03177304402925074,True
565,101011000100,20,0.9999977282207005,2.2717792994564334e-06,cache,True,0.0,0.027286015916615725,0.02728957193903625,True
566,011011000100,20,2.0986013748641983e-06,0.9999979013986251,cache,True,0.0,0.028170802863314748,0.02817367808893323,True
567,111011000100,20,2.6195773484760125e-06,0.9999973804226515,cache,True,0.0,0.03214845317415893,0.0321511069778353,True
568,000111000100,20,0.9999977282207005,2.2717792994564334e-06,cache,True,0.0,0.028023807099089026,0.0280267340131104,True
569,100111000100,20,0.9999979000977808,2.0999022192214056e-06,cache,True,0.0,0.030584085965529084,0.030586931854486465,True
570,010111000100,20,2.2722120917108868e-06,0.9999977277879083,cache,True,0.0,0.027214397210627794,0.027216870803385973,True
571,110111000100,20,2.443508117751483e-06,0.9999975564918823,cache,True,0.0,0.033450629096478224,0.03345297509804368,True
572,001111000100,22,1.4037969828948817e-06,0.9999985962030171,cache,True,0.0,0.037955272011458874,0.03795760706998408,True
573,101111000100,20,1.925060745701499e-06,0.9999980749392543,cache,True,0.0,0.029743073973804712,0.02974527794867754,True
574,011111000100,20,0.9999985966371905,1.4033628095155848e-06,cache,True,0.0,0.02874573809094727,0.028747773030772805,True
575,111111000100,22,0.9999984225941992,1.5774058007567149e-06,cache,True,0.0,0.027787499129772186,0.027789552928879857,True
576,000000100100,12,2.0986746139970146e-06,0.999997901325386,cache,True,0.0,0.028695120010524988,0.028697343776002526,True
577,100000100100,16,2.618199560593229e-06,0.9999973818004394,cache,True,0.0,0.029748213943094015,0.02975067892111838,True
578,010000100100,16,0.9999985970698074,1.402930192573315e-06,cache,True,0.0,0.02988936798647046,0.029891642043367028,True
579,110000100100,20,0.9999984218682628,1.5781317371788006e-06,cache,True,0.0,0.028829111019149423,0.02883138507604599,True
580,001000100100,18,0.9999984217949286,1.57820507140638e-06,cache,True,0.0,0.027193796122446656,0.027196332113817334,True
581,101000100100,16,0.9999985956934285,1.4043065714730574e-06,cache,True,0.0,0.028694729087874293,0.028696823166683316,True
582,011000100100,16,2.2710553233906033e-06,0.9999977289446766,cache,True,0.0,0.02864135499112308,0.028643549885600805,True
583,111000100100,18,2.4455305321732537e-06,0.9999975544694678,cache,True,0.0,0.03156727482564747,0.03156950790435076,True
584,000100100100,18,0.9999985961314307,1.4038685692829844e-06,cache,True,0.0,0.027914585079997778,0.027917140861973166,True
585,100100100100,16,0.9999984223745998,1.5776254002064505e-06,cache,True,0.0,0.029291608138009906,0.029293802101165056,True
586,010100100100,16,2.095994777103952e-06,0.9999979040052229,cache,True,0.0,0.029783762991428375,0.029786097118631005,True
587,110100100100,18,2.6192880267578734e-06,0.9999973807119732,cache,True,0.0,0.027082219952717423,0.027084483997896314,True
588,001100100100,18,2.2714158365802305e-06,0.9999977285841635,cache,True,0.0,0.031015453161671758,0.031017707893624902,True
589,101100100100,18,2.4450241959023816e-06,0.9999975549758041,cache,True,0.0,0.02631274680607021,0.026315100956708193,True
590,011100100100,18,0.9999984233168916,1.576683108406307e-06,cache,True,0.0,0.0285249100998044,0.028527315007522702,True
591,111100100100,18,0.9999985963479263,1.4036520736837588e-06,cache,True,0.0,0.026423932053148746,0.02642629691399634,True
592,000010100100,18,1.9250607456318195e-06,0.9999980749392544,cache,True,0.0,0.03169807814992964,0.03170013218186796,True
593,100010100100,20,1.7513087880925495e-06,0.9999982486912119,cache,True,0.0,0.026062711142003536,0.02606476517394185,True
594,010010100100,20,0.9999987679329189,1.2320670811361012e-06,cache,True,0.0,0.03034754702821374,0.03034979198127985,True
595,110010100100,26,0.9999985964917353,1.4035082647190222e-06,cache,True,0.0,0.030225450871512294,0.030227774986997247,True
596,001010100100,22,0.9999979013995571,2.098600442868026e-06,cache,True,0.0,0.02713456191122532,0.02713705599308014,True
597,101010100100,22,0.9999980755863196,1.9244136804097423e-06,cache,True,0.0,0.027713475050404668,0.027716059936210513,True
598,011010100100,22,2.792753254225499e-06,0.9999972072467458,cache,True,0.0,0.03091314504854381,0.03091551992110908,True
599,111010100100,22,2.2722112460149814e-06,0.999997727788754,cache,True,0.0,0.028330222005024552,0.028332627145573497,True
600,000110100100,22,0.9999980755863194,1.924413680631787e-06,cache,True,0.0,0.03030847106128931,0.030310796108096838,True
601,100110100100,22,0.9999979012542803,2.0987457196586234e-06,cache,True,0.0,0.030455396976321936,0.03045765100978315,True
602,010110100100,22,2.6184197089572515e-06,0.9999973815802911,cache,True,0.0,0.028300114208832383,0.028302317950874567,True
603,110110100100,22,2.446398435844527e-06,0.9999975536015642,cache,True,0.0,0.026132337050512433,0.02613454102538526,True
604,001110100100,24,2.0993954364950557e-06,0.9999979006045635,cache,True,0.0,0.02688735187985003,0.02688949601724744,True
605,101110100100,22,1.576542594637754e-06,0.9999984234574054,cache,True,0.0,0.0263328249566257,0.026335209840908647,True
606,011110100100,22,0.9999985966371905,1.4033628095155848e-06,cache,True,0.0,0.038757838774472475,0.03876001387834549,True
607,111110100100,24,0.9999987696718493,1.2303281506920172e-06,cache,True,0.0,0.02716997009702027,0.02717270515859127,True
608,000001100100,12,2.271921083408798e-06,0.9999977280789166,cache,True,0.0,0.03477189294062555,0.03477428783662617,True
609,100001100100,16,2.4459655242881905e-06,0.9999975540344758,cache,True,0.0,0.02739162091165781,0.027393935015425086,True
610,010001100100,16,0.9999984225184845,1.5774815155245037e-06,cache,True,0.0,0.028245748952031136,0.02824807306751609,True
611,110001100100,20,0.9999985956933715,1.4043066285385208e-06,cache,True,0.0,0.027204246958717704,0.02720773289911449,True
612,001001100100,18,0.9999985963458865,1.403654113496522e-06,cache,True,0.0,0.028507146053016186,0.028509891126304865,True
613,101001100100,16,0.9999984210005143,1.5789994857184908e-06,cache,True,0.0,0.02810074621811509,0.028103362070396543,True
614,011001100100,16,2.096934055180622e-06,0.9999979030659448,cache,True,0.0,0.02872573910281062,0.02872820501215756,True
615,111001100100,18,2.6206593994898844e-06,0.9999973793406005,cache,True,0.0,0.026726620038971305,0.0267291150521487,True
616,000101100100,18,0.9999984233127276,1.5766872724087833e-06,cache,True,0.0,0.030223947949707508,0.03022633190266788,True
617,100101100100,16,0.9999985959161766,1.404083823430824e-06,cache,True,0.0,0.028089634841307998,0.02809172892011702,True
618,010101100100,16,2.2712693488382305e-06,0.9999977287306512,cache,True,0.0,0.027058904990553856,0.02706117881461978,True
619,110101100100,18,2.4458940565388563e-06,0.9999975541059435,cache,True,0.0,0.029222013195976615,0.029224177123978734,True
620,001101100100,18,2.0978800184844745e-06,0.9999979021199815,cache,True,0.0,0.026490571908652782,0.026492947014048696,True
621,101101100100,18,2.6198631175327495e-06,0.9999973801368824,cache,True,0.0,0.02576187695376575,0.02576387207955122,True
622,011101100100,18,0.9999985964214488,1.4035785511623544e-06,cache,True,0.0,0.026849508984014392,0.026851833099499345,True
623,111101100100,18,0.9999984239676512,1.5760323488489547e-06,cache,True,0.0,0.02660624706186354,0.026608440093696117,True
624,000011100100,16,2.7928970844045205e-06,0.9999972071029156,cache,True,0.0,0.027328789001330733,0.027330981800332665,True
625,100011100100,18,2.272212091641208e-06,0.9999977277879084,cache,True,0.0,0.029272231040522456,0.029274374013766646,True
626,010011100100,18,0.9999979002432974,2.099756702622635e-06,cache,True,0.0,0.026909113861620426,0.02691132784821093,True
627,110011100100,24,0.999998074577995,1.9254220049447213e-06,cache,True,0.0,0.02644933108240366,0.026451455894857645,True
628,001011100100,20,0.9999987696718492,1.2303281508030395e-06,cache,True,0.0,0.030853037955239415,0.030855322955176234,True
629,101011100100,20,0.9999985949031324,1.405096867634903e-06,cache,True,0.0,0.02642807108350098,0.026430194033309817,True
630,011011100100,20,1.9246287646928593e-06,0.9999980753712353,cache,True,0.0,0.031014501117169857,0.031016815919429064,True
631,111011100100,20,1.7513087880925495e-06,0.9999982486912119,cache,True,0.0,0.025289782090112567,0.02529188501648605,True
632,000111100100,20,0.9999985950463045,1.4049536954940933e-06,cache,True,0.0,0.027914094040170312,0.027916328981518745,True
633,100111100100,20,0.9999987679329168,1.232067083245525e-06,cache,True,0.0,0.03074838500469923,0.030750538920983672,True
634,010111100100,20,2.099395436425378e-06,0.9999979006045636,cache,True,0.0,0.025338436011224985,0.025340548949316144,True
635,110111100100,20,1.5761070098232128e-06,0.9999984238929902,cache,True,0.0,0.029042453970760107,0.029044497990980744,True
636,001111100100,22,2.6195773486153714e-06,0.9999973804226514,cache,True,0.0,0.02961549605242908,0.02961799199692905,True
637,101111100100,20,2.443076676477578e-06,0.9999975569233235,cache,True,0.0,0.02752888691611588,0.027531301835551858,True
638,011111100100,20,0.9999980745779949,1.9254220050557436e-06,cache,True,0.0,0.027592740952968597,0.027595045045018196,True
639,111111100100,22,0.9999979000977806,2.0999022194434502e-06,cache,True,0.0,0.02673324290663004,0.026735445950180292,True
640,000000010100,12,2.2690203226923953e-06,0.9999977309796773,cache,True,0.0,0.0295007040258497,0.02950303885154426,True
641,100000010100,16,2.095994777103952e-06,0.9999979040052229,cache,True,0.0,0.028667056001722813,0.028669239953160286,True
642,010000010100,14,0.9999984217949286,1.57820507140638e-06,cache,True,0.0,0.031947331968694925,0.031949525931850076,True
643,110000010100,18,0.9999982481845822,1.7518154178386425e-06,cache,True,0.0,0.025775864021852612,0.025778079172596335,True
644,001000010100,18,0.9999982492699705,1.7507300295038775e-06,cache,True,0.0,0.03075741301290691,0.030759748071432114,True
645,101000010100,16,0.9999984210005143,1.5789994857184908e-06,cache,True,0.0,0.03088368708267808,0.030885871965438128,True
646,011000010100,14,2.445894056399498e-06,0.9999975541059436,cache,True,0.0,0.025803769007325172,0.02580598322674632,True
647,111000010100,16,1.922890398818837e-06,0.9999980771096012,cache,True,0.0,0.02796896081417799,0.027971185045316815,True
648,000100010100,18,0.9999984233127276,1.5766872724087833e-06,cache,True,0.0,0.03024922707118094,0.0302513400092721,True
649,100100010100,16,0.9999982488339646,1.7511660354019298e-06,cache,True,0.0,0.027400518069043756,0.027403071988373995,True
650,010100010100,14,2.2714164995773887e-06,0.9999977285835004,cache,True,0.0,0.03568150894716382,0.03568355296738446,True
651,110100010100,16,2.0969340550412642e-06,0.9999979030659449,cache,True,0.0,0.02928409306332469,0.029286348028108478,True
652,001100010100,18,2.4455305323039014e-06,0.9999975544694677,cache,True,0.0,0.029364388901740313,0.029366743052378297,True
653,101100010100,18,1.9251351261788757e-06,0.9999980748648738,cache,True,0.0,0.026792707853019238,0.026794892037287354,True
654,011100010100,16,0.9999982474608441,1.7525391559081172e-06,cache,True,0.0,0.026714605977758765,0.026716791093349457,True
655,111100010100,16,0.9999984223745998,1.5776254002064505e-06,cache,True,0.0,0.02762577496469021,0.027628259966149926,True
656,000010010100,18,1.3983540609137055e-06,0.9999986016459391,cache,True,0.0,0.02876162901520729,0.028764304937794805,True
657,100010010100,20,1.9241194751493878e-06,0.9999980758805248,cache,True,0.0,0.03040672210045159,0.030410418985411525,True
658,010010010100,18,0.9999985949731534,1.405026846645896e-06,cache,True,0.0,0.027896881103515625,0.02789949718862772,True
659,110010010100,24,0.9999984207829016,1.5792170984241238e-06,cache,True,0.0,0.03279701108112931,0.03279955592006445,True
660,001010010100,22,0.999997728293069,2.271706931011863e-06,cache,True,0.0,0.026281045051291585,0.026283550076186657,True
661,101010010100,22,0.9999979000217962,2.0999782037733894e-06,cache,True,0.0,0.028910567983984947,0.028912933077663183,True
662,011010010100,20,2.2722841558441103e-06,0.9999977277158442,cache,True,0.0,0.0276029109954834,0.02760571613907814,True
663,111010010100,20,2.4445880359560945e-06,0.999997555411964,cache,True,0.0,0.029589375015348196,0.029591870959848166,True
664,000110010100,22,0.9999979004540781,2.0995459218964285e-06,cache,True,0.0,0.02785114198923111,0.027853736886754632,True
665,100110010100,22,0.9999977274250772,2.272574922801418e-06,cache,True,0.0,0.026346402009949088,0.02634869609028101,True
666,010110010100,20,2.097370156178344e-06,0.9999979026298438,cache,True,0.0,0.027195459930226207,0.027197733987122774,True
667,110110010100,20,2.6190700544738637e-06,0.9999973809299455,cache,True,0.0,0.02940573892556131,0.029408344998955727,True
668,001110010100,24,1.5747293656885256e-06,0.9999984252706343,cache,True,0.0,0.0277318200096488,0.02773427520878613,True
669,101110010100,22,1.751092949732665e-06,0.9999982489070502,cache,True,0.0,0.026887753047049046,0.02689028694294393,True
670,011110010100,20,0.9999984207829017,1.5792170983131015e-06,cache,True,0.0,0.029770747991278768,0.029773141955956817,True
671,111110010100,22,0.9999985936716795,1.4063283204635013e-06,cache,True,0.0,0.29917386290617287,0.29917637817561626,True
672,000001010100,16,2.4450241963204563e-06,0.9999975549758037,cache,True,0.0,0.028394096065312624,0.028396590147167444,True
673,100001010100,20,1.9247753974371793e-06,0.9999980752246026,cache,True,0.0,0.024326963117346168,0.024329487001523376,True
674,010001010100,18,0.9999982482589959,1.7517410041412163e-06,cache,True,0.0,0.023958557983860373,0.023960771970450878,True
675,110001010100,22,0.9999984218682627,1.578131737289823e-06,cache,True,0.0,0.025062900967895985,0.025065124966204166,True
676,001001010100,22,0.9999984225184844,1.577481515635526e-06,cache,True,0.0,0.02555365301668644,0.025556077947840095,True
677,101001010100,20,0.999998249631513,1.7503684870412428e-06,cache,True,0.0,0.02665316709317267,0.02665538201108575,True
678,011001010100,18,2.273365180971783e-06,0.999997726634819,cache,True,0.0,0.026683185948058963,0.026685740100219846,True
679,111001010100,20,2.097880018554149e-06,0.9999979021199814,cache,True,0.0,0.024433619808405638,0.024435825180262327,True
680,000101010100,22,0.9999982480397223,1.7519602777404941e-06,cache,True,0.0,0.02648177486844361,0.02648413903079927,True
681,100101010100,20,0.9999984239676493,1.5760323507363339e-06,cache,True,0.0,0.02426043408922851,0.024262937949970365,True
682,010101010100,18,2.4459655242185123e-06,0.9999975540344758,cache,True,0.0,0.02558472380042076,0.025587207870557904,True
683,110101010100,20,1.9239795315342784e-06,0.9999980760204684,cache,True,0.0,0.025097117060795426,0.025099572027102113,True
684,001101010100,22,2.2718475084224543e-06,0.9999977281524915,cache,True,0.0,0.040556661086156964,0.04055923502892256,True
685,101101010100,22,2.098674614066693e-06,0.9999979013253859,cache,True,0.0,0.02631652308627963,0.026318968972191215,True
686,011101010100,20,0.9999984233168897,1.5766831102936862e-06,cache,True,0.0,0.024151782039552927,0.024154407903552055,True
687,111101010100,20,0.9999982486913963,1.7513086036924363e-06,cache,True,0.0,0.024812715128064156,0.024814868811517954,True
688,000011010100,20,2.270406391733726e-06,0.9999977295936082,cache,True,0.0,0.026030588895082474,0.026032884139567614,True
689,100011010100,22,2.444588036025774e-06,0.999997555411964,cache,True,0.0,0.02540096710436046,0.025403051171451807,True
690,010011010100,20,0.9999977274250786,2.272574921358128e-06,cache,True,0.0,0.027960874838754535,0.027963149826973677,True
691,110011010100,26,0.9999979019077,2.098092300006904e-06,cache,True,0.0,0.025740185985341668,0.025742500089108944,True
692,001011010100,24,0.9999985978706899,1.4021293101018628e-06,cache,True,0.0,0.025020298082381487,0.025022813817486167,True
693,101011010100,24,0.9999984223753551,1.5776246449217268e-06,cache,True,0.0,0.026145653100684285,0.02614804683253169,True
694,011011010100,22,1.4060380307077774e-06,0.9999985939619693,cache,True,0.0,0.025354727869853377,0.025357041973620653,True
695,111011010100,22,1.9255669607219307e-06,0.9999980744330392,cache,True,0.0,0.02367056906223297,0.02367293299175799,True
696,000111010100,24,0.9999984223753554,1.57762464458866e-06,cache,True,0.0,0.028260946972295642,0.0282633020542562,True
697,100111010100,24,0.9999985954055541,1.4045944458640491e-06,cache,True,0.0,0.026201691012829542,0.026204236084595323,True
698,010111010100,22,1.579071193760815e-06,0.9999984209288062,cache,True,0.0,0.028314732015132904,0.02831706590950489,True
699,110111010100,22,1.752390087616734e-06,0.9999982476099124,cache,True,0.0,0.02690044790506363,0.026902721961960196,True
700,001111010100,26,2.0973701562480233e-06,0.9999979026298438,cache,True,0.0,0.030017255805432796,0.03001964115537703,True
701,101111010100,24,2.618348243089254e-06,0.9999973816517569,cache,True,0.0,0.025892870966345072,0.025895327096804976,True
702,011111010100,22,0.9999979029178412,2.09708215881399e-06,cache,True,0.0,0.027733013033866882,0.02773577906191349,True
703,111111010100,24,0.999997728293069,2.271706931011863e-06,cache,True,0.0,0.02623824286274612,0.026241899002343416,True
704,000000110100,16,2.0991060496965853e-06,0.9999979008939504,cache,True,0.0,0.027759663993492723,0.027762089855968952,True
705,100000110100,20,2.620659399629245e-06,0.9999973793406004,cache,True,0.0,0.025931877084076405,0.025934292003512383,True
706,010000110100,18,0.999998595916135,1.404083864953165e-06,cache,True,0.0,0.05704019102267921,0.057042805943638086,True
707,110000110100,22,0.9999984224469032,1.5775530968209495e-06,cache,True,0.0,0.025247839046642184,0.025250264909118414,True
708,001000110100,22,0.9999984216539294,1.5783460706186858e-06,cache,True,0.0,0.02421734994277358,0.024219744140282273,True
709,101000110100,20,0.9999985961314307,1.4038685692829844e-06,cache,True,0.0,0.03136024298146367,0.03136269701644778,True
710,011000110100,18,2.2710553233906025e-06,0.9999977289446766,cache,True,0.0,0.024918851908296347,0.02492165705189109,True
711,111000110100,20,2.444663506772891e-06,0.9999975553364933,cache,True,0.0,0.03348012617789209,0.03348256088793278,True
712,000100110100,22,0.9999985956934287,1.4043065712510128e-06,cache,True,0.0,0.024391988990828395,0.02439441392198205,True
713,100100110100,20,0.9999984230941762,1.5769058238079836e-06,cache,True,0.0,0.024383983109146357,0.02438617800362408,True
714,010100110100,18,2.0974464108159553e-06,0.9999979025535892,cache,True,0.0,0.022892758948728442,0.022895073052495718,True
715,110100110100,20,2.6192880268972315e-06,0.9999973807119731,cache,True,0.0,0.025391859002411366,0.025394024094566703,True
716,001100110100,22,2.271269348907908e-06,0.9999977287306511,cache,True,0.0,0.028391981963068247,0.028394246008247137,True
717,101100110100,22,2.445171824292149e-06,0.9999975548281758,cache,True,0.0,0.026703754905611277,0.02670593000948429,True
718,011100110100,20,0.9999984221608651,1.5778391349030585e-06,cache,True,0.0,0.034365435130894184,0.03436802001670003,True
719,111100110100,20,0.9999985963458865,1.403654113496522e-06,cache,True,0.0,0.03610292682424188,0.0361051510553807,True
720,000010110100,22,2.6183482430195743e-06,0.999997381651757,cache,True,0.0,0.027486245147883892,0.0274884479586035,True
721,100010110100,24,2.4454598236392814e-06,0.9999975545401764,cache,True,0.0,0.02876508585177362,0.028767359908670187,True
722,010010110100,22,0.9999980756616991,1.924338300929307e-06,cache,True,0.0,0.027836544206365943,0.027838987996801734,True
723,110010110100,28,0.9999979019077001,2.0980922998958818e-06,cache,True,0.0,0.04101640312001109,0.041018676944077015,True
724,001010110100,26,0.9999985949731532,1.4050268467569182e-06,cache,True,0.0,0.029426580062136054,0.029429184971377254,True
725,101010110100,26,0.9999987674267667,1.2325732332563177e-06,cache,True,0.0,0.02664801711216569,0.02665039198473096,True
726,011010110100,24,2.0967248176664594e-06,0.9999979032751823,cache,True,0.0,0.030596670927479863,0.030599086079746485,True
727,111010110100,24,1.5747293656188466e-06,0.9999984252706344,cache,True,0.0,0.034414611058309674,0.03441698499955237,True
728,000110110100,26,0.999998767426767,1.2325732330342731e-06,cache,True,0.0,0.037258239928632975,0.03726056404411793,True
729,100110110100,26,0.9999985936716795,1.4063283204635013e-06,cache,True,0.0,0.0289509070571512,0.028953192057088017,True
730,010110110100,24,1.924119477518474e-06,0.9999980758805225,cache,True,0.0,0.03498786292038858,0.03499016701243818,True
731,110110110100,24,1.7518109626974936e-06,0.9999982481890373,cache,True,0.0,0.02664717612788081,0.026649330044165254,True
732,001110110100,28,2.792392200813385e-06,0.9999972076077992,cache,True,0.0,0.026279923040419817,0.026282206876203418,True
733,101110110100,26,2.270406391733726e-06,0.9999977295936082,cache,True,0.0,0.028823539149016142,0.0288260739762336,True
734,011110110100,24,0.9999979029178411,2.097082158925012e-06,cache,True,0.0,0.03216585610061884,0.032168119912967086,True
735,111110110100,26,0.9999980747914201,1.925208579889315e-06,cache,True,0.0,0.02674835198558867,0.026750436052680016,True
736,000001110100,18,2.271921083339121e-06,0.9999977280789166,cache,True,0.0,0.029578495072200894,0.02958080917596817,True
737,100001110100,22,2.4456762344831054e-06,0.9999975543237655,cache,True,0.0,0.028100637020543218,0.02810299093835056,True
738,010001110100,20,0.9999984232421671,1.576757832855158e-06,cache,True,0.0,0.026195568963885307,0.026197954080998898,True
739,110001110100,24,0.9999985964214491,1.4035785509403098e-06,cache,True,0.0,0.0373139982111752,0.03731638193130493,True
740,001001110100,24,0.9999985963479248,1.403652075238071e-06,cache,True,0.0,0.032659294083714485,0.032661828910931945,True
741,101001110100,22,0.9999984210002119,1.5789997881432427e-06,cache,True,0.0,0.029675191966816783,0.02967737684957683,True
742,011001110100,20,2.0976615925891612e-06,0.9999979023384075,cache,True,0.0,0.02653939602896571,0.026541800936684012,True
743,111001110100,22,2.6181995605932296e-06,0.9999973818004394,cache,True,0.0,0.027130383998155594,0.027132678078487515,True
744,000101110100,24,0.9999984227344461,1.5772655539425529e-06,cache,True,0.0,0.03464545798487961,0.034647792810574174,True
745,100101110100,22,0.9999985970698074,1.402930192573315e-06,cache,True,0.0,0.041316716000437737,0.04131893999874592,True
746,010101110100,20,2.2714158349079266e-06,0.9999977285841651,cache,True,0.0,0.03245404502376914,0.03245656006038189,True
747,110101110100,22,2.4457487188513135e-06,0.9999975542512811,cache,True,0.0,0.030817999970167875,0.030821087071672082,True
748,001101110100,24,2.0987459611317323e-06,0.9999979012540389,cache,True,0.0,0.02805182198062539,0.028054435970261693,True
749,101101110100,24,2.6198631174630704e-06,0.9999973801368826,cache,True,0.0,0.02618437702767551,0.026186953065916896,True
750,011101110100,22,0.9999985956933709,1.4043066290936324e-06,cache,True,0.0,0.03402313985861838,0.034025434870272875,True
751,111101110100,22,0.9999984215065445,1.5784934555007624e-06,cache,True,0.0,0.030445646960288286,0.030448093079030514,True
752,000011110100,22,2.100044035294608e-06,0.9999978999559647,cache,True,0.0,0.02717411913909018,0.02717702416703105,True
753,100011110100,24,1.5790711938304938e-06,0.9999984209288062,cache,True,0.0,0.03195337392389774,0.0319556281901896,True
754,010011110100,22,0.9999985978706877,1.4021293123223089e-06,cache,True,0.0,0.031535201938822865,0.03153764712624252,True
755,110011110100,28,0.9999987704642933,1.2295357066927082e-06,cache,True,0.0,0.028585558058694005,0.02858801302500069,True
756,001011110100,26,0.9999980747914201,1.925208579889315e-06,cache,True,0.0,0.033275258960202336,0.033277692971751094,True
757,101011110100,26,0.9999979000217962,2.0999782037733894e-06,cache,True,0.0,0.030198649037629366,0.030201143119484186,True
758,011011110100,24,2.619070054682902e-06,0.9999973809299453,cache,True,0.0,0.028095767134800553,0.028098242124542594,True
759,111011110100,24,2.445459823360565e-06,0.9999975545401767,cache,True,0.0,0.029934806050732732,0.029937230050563812,True
760,000111110100,26,0.9999979004540775,2.09954592245154e-06,cache,True,0.0,0.03191499994136393,0.031917192973196507,True
761,100111110100,26,0.9999980756616991,1.924338300929307e-06,cache,True,0.0,0.03933272510766983,0.03933514002710581,True
762,010111110100,24,2.792392200743706e-06,0.9999972076077993,cache,True,0.0,0.02764691598713398,0.027649160008877516,True
763,110111110100,24,2.272284155844111e-06,0.9999977277158442,cache,True,0.0,0.028475424041971564,0.028477577958256006,True
764,001111110100,28,1.9255669607219302e-06,0.9999980744330392,cache,True,0.0,0.028303280007094145,0.02830566419288516,True
765,101111110100,26,1.751089276665684e-06,0.9999982489107233,cache,True,0.0,0.027415435994043946,0.027417531004175544,True
766,011111110100,24,0.9999987704642934,1.2295357065816859e-06,cache,True,0.0,0.02630588412284851,0.026308157946914434,True
767,111111110100,26,0.9999985954055539,1.4045944460860937e-06,cache,True,0.0,0.029730338836088777,0.029732382856309414,True
768,000000001100,12,2.272287964855124e-06,0.9999977277120351,cache,True,0.0,0.030660984804853797,0.030663149897009134,True
769,100000001100,16,1.403946116006003e-06,0.999998596053884,cache,True,0.0,0.028446848038583994,0.02844953304156661,True
770,010000001100,14,0.9999984233191465,1.576680853543344e-06,cache,True,0.0,0.029986015986651182,0.02998821996152401,True
771,110000001100,18,0.9999975541071454,2.4458928545856296e-06,cache,True,0.0,0.02604810311459005,0.026050306856632233,True
772,001000001100,18,0.9999982483374165,1.7516625835378719e-06,cache,True,0.0,0.0292021450586617,0.02920456905849278,True
773,101000001100,16,0.999997728515414,2.2714845859805877e-06,cache,True,0.0,0.02808912401087582,0.028091829037293792,True
774,011000001100,14,2.4452465704457325e-06,0.9999975547534296,cache,True,0.0,0.03275557095184922,0.03275812487117946,True
775,111000001100,16,1.2298287097631948e-06,0.9999987701712902,cache,True,0.0,0.03159264288842678,0.03159518912434578,True
776,000100001100,16,0.9999977290942954,2.270905704593318e-06,cache,True,0.0,0.025680249091237783,0.025682933861389756,True
777,100100001100,14,0.9999982502170496,1.749782950422052e-06,cache,True,0.0,0.02890545898117125,0.028907913016155362,True
778,010100001100,16,1.5786396951409665e-06,0.9999984213603048,cache,True,0.0,0.02652712306007743,0.02652994799427688,True
779,110100001100,18,2.098313352453264e-06,0.9999979016866476,cache,True,0.0,0.03043007687665522,0.03043250204063952,True
780,001100001100,16,1.7517449179374415e-06,0.9999982482550821,cache,True,0.0,0.02924917498603463,0.029251620173454285,True
781,101100001100,16,1.924921727773965e-06,0.9999980750782722,cache,True,0.0,0.03028773097321391,0.030290355905890465,True
782,011100001100,18,0.9999975530936993,2.4469063006904435e-06,cache,True,0.0,0.02711861114948988,0.02712147613056004,True
783,111100001100,18,0.9999984230315992,1.5769684007516105e-06,cache,True,0.0,0.027851283084601164,0.027853747131302953,True
784,000010001100,18,1.4014737462888098e-06,0.9999985985262537,cache,True,0.0,0.026663176948204637,0.026665802113711834,True
785,100010001100,20,1.92433618791299e-06,0.999998075663812,cache,True,0.0,0.027266938937827945,0.027269433019682765,True
786,010010001100,18,0.9999979033494804,2.096650519645138e-06,cache,True,0.0,0.027446788037195802,0.027449843008071184,True
787,110010001100,24,0.9999977282934019,2.271706598055978e-06,cache,True,0.0,0.026831703959032893,0.026834819931536913,True
788,001010001100,22,0.9999977275004864,2.2724995135670056e-06,cache,True,0.0,0.029886973090469837,0.02988945902325213,True
789,101010001100,22,0.9999979018316236,2.098168376374332e-06,cache,True,0.0,0.026566518936306238,0.02656905399635434,True
790,011010001100,20,1.5747313213733714e-06,0.9999984252686787,cache,True,0.0,0.03218494285829365,0.032187447883188725,True
791,111010001100,20,1.7510921974068272e-06,0.9999982489078026,cache,True,0.0,0.028370050014927983,0.02837238390929997,True
792,000110001100,20,0.9999979019793748,2.0980206252296796e-06,cache,True,0.0,0.03304970101453364,0.033051965991035104,True
793,100110001100,20,0.9999977280787665,2.271921233476526e-06,cache,True,0.0,0.03395194304175675,0.0339555989485234,True
794,010110001100,22,1.4032891081866546e-06,0.9999985967108919,cache,True,0.0,0.034693781984969974,0.034697287948802114,True
795,110110001100,22,1.924989186742149e-06,0.9999980750108133,cache,True,0.0,0.03550519607961178,0.03550765197724104,True
796,001110001100,22,1.5787107678094908e-06,0.9999984212892322,cache,True,0.0,0.033278996124863625,0.033281401032581925,True
797,101110001100,20,1.7515988240917075e-06,0.9999982484011759,cache,True,0.0,0.02965501300059259,0.02965755807235837,True
798,011110001100,22,0.9999977277146985,2.272285301474497e-06,cache,True,0.0,0.030611460097134113,0.030614163959398866,True
799,111110001100,24,0.9999979008937346,2.0991062653630266e-06,cache,True,0.0,0.02937444904819131,0.029376853024587035,True
800,000001001100,18,1.7528261010974366e-06,0.999998247173899,cache,True,0.0,0.032341767102479935,0.03234427305869758,True
801,100001001100,22,1.9241262236452386e-06,0.9999980758737763,cache,True,0.0,0.034805468982085586,0.03480796399526298,True
802,010001001100,20,0.9999975540329722,2.4459670278087486e-06,cache,True,0.0,0.029693908989429474,0.029696363024413586,True
803,110001001100,24,0.9999984229552555,1.5770447444607427e-06,cache,True,0.0,0.02819508989341557,0.028197715058922768,True
804,001001001100,24,0.9999977284380441,2.2715619558688616e-06,cache,True,0.0,0.02773902495391667,0.027741879923269153,True
805,101001001100,22,0.9999982491295459,1.7508704540647457e-06,cache,True,0.0,0.025287876836955547,0.025290333200246096,True
806,011001001100,20,1.5787085088809631e-06,0.9999984212914911,cache,True,0.0,0.028852294897660613,0.02885516081005335,True
807,111001001100,22,2.0976603538304204e-06,0.9999979023396461,cache,True,0.0,0.030479512875899673,0.030481768073514104,True
808,000101001100,22,0.9999982484060487,1.7515939513268464e-06,cache,True,0.0,0.02650634292513132,0.026508716866374016,True
809,100101001100,20,0.9999977284387664,2.2715612335577617e-06,cache,True,0.0,0.028465694980695844,0.028468310134485364,True
810,010101001100,22,2.4463279321237217e-06,0.9999975536720679,cache,True,0.0,0.03131779981777072,0.03132017492316663,True
811,110101001100,24,1.2298991509295377e-06,0.999998770100849,cache,True,0.0,0.028518898179754615,0.028521373169496655,True
812,001101001100,22,2.2720683181810184e-06,0.9999977279316818,cache,True,0.0,0.027561859926208854,0.02756411489099264,True
813,101101001100,22,1.405026153640688e-06,0.9999985949738464,cache,True,0.0,0.02486248197965324,0.024864936945959926,True
814,011101001100,24,0.9999984209328737,1.5790671262783107e-06,cache,True,0.0,0.027133889961987734,0.0271363640204072,True
815,111101001100,24,0.9999975544644089,2.4455355911445764e-06,cache,True,0.0,0.025952547090128064,0.025955012068152428,True
816,000011001100,22,1.5769026018173543e-06,0.9999984230973982,cache,True,0.0,0.03275543078780174,0.03275793488137424,True
817,100011001100,24,1.750797841091016e-06,0.999998249202159,cache,True,0.0,0.02941676089540124,0.029419155092909932,True
818,010011001100,22,0.9999977272126979,2.2727873021377576e-06,cache,True,0.0,0.027616707142442465,0.027619242202490568,True
819,110011001100,28,0.9999979028476097,2.0971523903012823e-06,cache,True,0.0,0.03825429221615195,0.03825671714730561,True
820,001011001100,26,0.9999978998818523,2.1001181477187103e-06,cache,True,0.0,0.028349088039249182,0.02835151390172541,True
821,101011001100,26,0.9999977267037794,2.2732962206006846e-06,cache,True,0.0,0.0272595239803195,0.027261918876320124,True
822,011011001100,24,1.4033620838625857e-06,0.9999985966379161,cache,True,0.0,0.029288911959156394,0.029291517799720168,True
823,111011001100,24,1.9237573105637835e-06,0.9999980762426894,cache,True,0.0,0.02905668201856315,0.029059146996587515,True
824,000111001100,24,0.999997728441693,2.271558307009869e-06,cache,True,0.0,0.033745882799848914,0.033748287009075284,True
825,100111001100,24,0.99999790147135,2.0985286499630718e-06,cache,True,0.0,0.025949442060664296,0.025951625080779195,True
826,010111001100,26,1.5775536731817247e-06,0.9999984224463269,cache,True,0.0,0.030427212128415704,0.03042950597591698,True
827,110111001100,26,1.7500072213317034e-06,0.9999982499927786,cache,True,0.0,0.030955997062847018,0.030958954012021422,True
828,001111001100,26,1.4035849086029558e-06,0.9999985964150914,cache,True,0.0,0.02616653311997652,0.026169088203459978,True
829,101111001100,24,1.924845294060925e-06,0.999998075154706,cache,True,0.0,0.02776800119318068,0.027775324881076813,True
830,011111001100,26,0.9999979018309629,2.098169037068054e-06,cache,True,0.0,0.027143398066982627,0.027145924046635628,True
831,111111001100,28,0.999997727208671,2.27279132902769e-06,cache,True,0.0,0.026798629201948643,0.02680097403936088,True
832,000000101100,18,2.0987449628384772e-06,0.9999979012550372,cache,True,0.0,0.027182915015146136,0.02718547102995217,True
833,100000101100,22,1.9249875903927055e-06,0.9999980750124096,cache,True,0.0,0.03537395200692117,0.03537651710212231,True
834,010000101100,20,0.9999985958388011,1.404161198870213e-06,cache,True,0.0,0.02602711203508079,0.026029396103695035,True
835,110000101100,24,0.9999977279311123,2.2720688876987083e-06,cache,True,0.0,0.03108371584676206,0.031085969880223274,True
836,001000101100,24,0.9999984220103196,1.5779896803680415e-06,cache,True,0.0,0.02613581297919154,0.026138026965782046,True
837,101000101100,22,0.999997903785824,2.0962141760172415e-06,cache,True,0.0,0.026991373859345913,0.026993627892807126,True
838,011000101100,20,2.2719926456430656e-06,0.9999977280073543,cache,True,0.0,0.0306528490036726,0.030655073933303356,True
839,111000101100,22,1.7508708445689285e-06,0.9999982491291555,cache,True,0.0,0.028028917033225298,0.028031402034685016,True
840,000100101100,22,0.9999979010359158,2.0989640842072887e-06,cache,True,0.0,0.027615084080025554,0.027617308078333735,True
841,100100101100,20,0.9999984217257842,1.5782742157632867e-06,cache,True,0.0,0.029195682145655155,0.029197965981438756,True
842,010100101100,22,1.4039394916087274e-06,0.9999985960605083,cache,True,0.0,0.02778835012577474,0.02779214782640338,True
843,110100101100,24,2.6187819677490695e-06,0.9999973812180323,cache,True,0.0,0.030956218019127846,0.030959414085373282,True
844,001100101100,22,1.5773336413212486e-06,0.9999984226663586,cache,True,0.0,0.027200138894841075,0.027202732861042023,True
845,101100101100,22,2.445965248637453e-06,0.9999975540347513,cache,True,0.0,0.026478166924789548,0.026480461936444044,True
846,011100101100,24,0.9999977279317732,2.2720682267829417e-06,cache,True,0.0,0.02751162415370345,0.02751394803635776,True
847,111100101100,24,0.9999985971397308,1.402860269172912e-06,cache,True,0.0,0.02810032619163394,0.028102619806304574,True
848,000010101100,24,1.924264299789312e-06,0.9999980757357002,cache,True,0.0,0.027477436931803823,0.027479761047288775,True
849,100010101100,26,1.7508029025848426e-06,0.9999982491970975,cache,True,0.0,0.02778996410779655,0.027792087057605386,True
850,010010101100,24,0.9999980748662942,1.9251337057824003e-06,cache,True,0.0,0.028333137976005673,0.028335491893813014,True
851,110010101100,30,0.9999979025540381,2.0974459619127472e-06,cache,True,0.0,0.029953012010082603,0.029955205973237753,True
852,001010101100,28,0.9999979019051952,2.09809480478107e-06,cache,True,0.0,0.028088483028113842,0.02809096686542034,True
853,101010101100,28,0.9999980758030906,1.924196909364184e-06,cache,True,0.0,0.026518024038523436,0.026520389830693603,True
854,011010101100,26,2.0989630041745292e-06,0.9999979010369958,cache,True,0.0,0.026338367024436593,0.026340670883655548,True
855,111010101100,26,1.577550897791298e-06,0.9999984224491022,cache,True,0.0,0.03039496997371316,0.03039726405404508,True
856,000110101100,26,0.9999980766731917,1.923326808261905e-06,cache,True,0.0,0.02635465795174241,0.02635699207894504,True
857,100110101100,26,0.9999979008939119,2.0991060880604095e-06,cache,True,0.0,0.028225729009136558,0.028228033799678087,True
858,010110101100,28,1.9257851722144787e-06,0.9999980742148278,cache,True,0.0,0.028747892938554287,0.028750166995450854,True
859,110110101100,28,1.7523196769524406e-06,0.9999982476803231,cache,True,0.0,0.028753893915563822,0.02875603805296123,True
860,001110101100,28,2.098600561778137e-06,0.9999979013994382,cache,True,0.0,0.02740866388194263,0.02741095796227455,True
861,101110101100,26,1.5777707703652247e-06,0.9999984222292296,cache,True,0.0,0.02746852906420827,0.027470764005556703,True
862,011110101100,28,0.9999979018330116,2.0981669883735066e-06,cache,True,0.0,0.02771484712138772,0.027717082062736154,True
863,111110101100,30,0.9999980763104471,1.9236895528740305e-06,cache,True,0.0,0.02753597986884415,0.02753828512504697,True
864,000001101100,18,1.5787054388870689e-06,0.9999984212945611,cache,True,0.0,0.028788651805371046,0.028791107004508376,True
865,100001101100,22,2.445750433585641e-06,0.9999975542495664,cache,True,0.0,0.02756690001115203,0.027569506084546447,True
866,010001101100,20,0.999997728291807,2.2717081930023753e-06,cache,True,0.0,0.029091188916936517,0.02909372397698462,True
867,110001101100,24,0.9999985962012982,1.4037987018378217e-06,cache,True,0.0,0.028851202921941876,0.02885341690853238,True
868,001001101100,24,0.9999979032752758,2.0967247241765463e-06,cache,True,0.0,0.03030425403267145,0.0303066479973495,True
869,101001101100,22,0.9999984220861768,1.5779138231586387e-06,cache,True,0.0,0.02524729911237955,0.02524967398494482,True
870,011001101100,20,1.403721907019537e-06,0.999998596278093,cache,True,0.0,0.028856331948190928,0.02885868796147406,True
871,111001101100,22,2.6192878799438935e-06,0.9999973807121201,cache,True,0.0,0.033936952939257026,0.03393938788212836,True
872,000101101100,22,0.9999984223720972,1.5776279027601703e-06,cache,True,0.0,0.028509250143542886,0.028511764016002417,True
873,100101101100,20,0.9999979025562966,2.0974437033860482e-06,cache,True,0.0,0.027245046105235815,0.02724746009334922,True
874,010101101100,22,2.272501622118096e-06,0.9999977274983779,cache,True,0.0,0.02628377010114491,0.02628610492683947,True
875,110101101100,24,1.7518106018988283e-06,0.9999982481893981,cache,True,0.0,0.029071772005409002,0.029074045130982995,True
876,001101101100,22,2.0979515127815636e-06,0.9999979020484873,cache,True,0.0,0.02645538398064673,0.02645767806097865,True
877,101101101100,22,1.9257831508918684e-06,0.999998074216849,cache,True,0.0,0.029767561005428433,0.029770317021757364,True
878,011101101100,24,0.9999985954764777,1.4045235222637231e-06,cache,True,0.0,0.03305960004217923,0.03306212602183223,True
879,111101101100,24,0.9999977300292334,2.2699707665774227e-06,cache,True,0.0,0.032061293022707105,0.03206402808427811,True
880,000011101100,22,2.0967905196747473e-06,0.9999979032094803,cache,True,0.0,0.03381727100349963,0.03381984611041844,True
881,100011101100,24,1.5772620891207773e-06,0.9999984227379108,cache,True,0.0,0.03287467104382813,0.03287726710550487,True
882,010011101100,22,0.9999979010377459,2.098962254115655e-06,cache,True,0.0,0.035383581183850765,0.035386306000873446,True
883,110011101100,28,0.9999980753688276,1.9246311724341325e-06,cache,True,0.0,0.03087022202089429,0.03087293589487672,True
884,001011101100,26,0.9999980760192351,1.9239807649285012e-06,cache,True,0.0,0.03269037394784391,0.03269311995245516,True
885,101011101100,26,0.9999979018327138,2.098167286246344e-06,cache,True,0.0,0.035668332828208804,0.035671058809384704,True
886,011011101100,24,1.924702003059206e-06,0.9999980752979969,cache,True,0.0,0.03054449986666441,0.030547144124284387,True
887,111011101100,24,1.7513800975308442e-06,0.9999982486199025,cache,True,0.0,0.028408264042809606,0.02841098909266293,True
888,000111101100,24,0.9999979011080685,2.098891931479052e-06,cache,True,0.0,0.0311010901350528,0.031104695983231068,True
889,100111101100,24,0.9999980745773651,1.9254226348852654e-06,cache,True,0.0,0.03574017295613885,0.035743398824706674,True
890,010111101100,26,2.099758989995255e-06,0.99999790024101,cache,True,0.0,0.032965718070045114,0.03296886500902474,True
891,110111101100,26,1.575888240549027e-06,0.9999984241117594,cache,True,0.0,0.032736042980104685,0.032739048125222325,True
892,001111101100,26,1.9249200719185234e-06,0.9999980750799281,cache,True,0.0,0.04596238094381988,0.0459651171695441,True
893,101111101100,24,1.7501529807871722e-06,0.9999982498470192,cache,True,0.0,0.03798866691067815,0.03799198311753571,True
894,011111101100,26,0.9999980750830959,1.9249169040946867e-06,cache,True,0.0,0.03312616003677249,0.03312927600927651,True
895,111111101100,28,0.9999979006040846,2.099395915444724e-06,cache,True,0.0,0.03174428781494498,0.031746963039040565,True
896,000000011100,18,2.2715604823885992e-06,0.9999977284395176,cache,True,0.0,0.033499113051220775,0.03350207000039518,True
897,100000011100,22,1.4035078130076215e-06,0.999998596492187,cache,True,0.0,0.02744129695929587,0.027443441096693277,True
898,010000011100,18,0.9999984215805724,1.5784194276058372e-06,cache,True,0.0,0.02725275093689561,0.027255346067249775,True
899,110000011100,22,0.9999975541059429,2.4458940570681875e-06,cache,True,0.0,0.027816083980724216,0.02781838900409639,True
900,001000011100,24,0.9999982490528418,1.7509471581522718e-06,cache,True,0.0,0.027534698136150837,0.027537012938410044,True
901,101000011100,22,0.9999977286567738,2.2713432261678435e-06,cache,True,0.0,0.025888463016599417,0.025890778051689267,True
902,011000011100,18,2.4449536684035726e-06,0.9999975550463316,cache,True,0.0,0.03434221004135907,0.0343445239122957,True
903,111000011100,20,1.2292489255397886e-06,0.9999987707510745,cache,True,0.0,0.02946935291402042,0.0294715971685946,True
904,000100011100,22,0.9999977286562328,2.2713437671795234e-06,cache,True,0.0,0.034436623100191355,0.03443904803134501,True
905,100100011100,20,0.9999982480437873,1.7519562126588895e-06,cache,True,0.0,0.03412061999551952,0.034123044926673174,True
906,010100011100,20,1.5777695964804991e-06,0.9999984222304035,cache,True,0.0,0.031158141093328595,0.031160314101725817,True
907,110100011100,22,2.099467439868057e-06,0.9999979005325601,cache,True,0.0,0.026338897179812193,0.02634094120003283,True
908,001100011100,22,1.7518853188568452e-06,0.9999982481146812,cache,True,0.0,0.028047923929989338,0.028050207998603582,True
909,101100011100,22,1.925353343036719e-06,0.9999980746466569,cache,True,0.0,0.03695962904021144,0.03696223511360586,True
910,011100011100,22,0.9999975539617508,2.44603824917089e-06,cache,True,0.0,0.028573743999004364,0.028576150070875883,True
911,111100011100,22,0.999998422161557,1.5778384430120695e-06,cache,True,0.0,0.028366101905703545,0.028368696104735136,True
912,000010011100,24,1.3994466573799483e-06,0.9999986005533427,cache,True,0.0,0.029301518108695745,0.02930433303117752,True
913,100010011100,26,1.923185175230275e-06,0.9999980768148248,cache,True,0.0,0.02983880997635424,0.029841053998097777,True
914,010010011100,22,0.9999979000256852,2.0999743147731564e-06,cache,True,0.0,0.03282812191173434,0.03283077594824135,True
915,110010011100,28,0.9999977278597952,2.2721402047620742e-06,cache,True,0.0,0.03191331587731838,0.031915690982714295,True
916,001010011100,28,0.9999977272125178,2.272787482215932e-06,cache,True,0.0,0.025450492976233363,0.025452597066760063,True
917,101010011100,28,0.999997901543476,2.09845652399121e-06,cache,True,0.0,0.029907512944191694,0.029909608187153935,True
918,011010011100,24,1.577768668023177e-06,0.999998422231332,cache,True,0.0,0.03447082010097802,0.03447299310937524,True
919,111010011100,24,1.7503697226069822e-06,0.9999982496302774,cache,True,0.0,0.028877724893391132,0.028879849007353187,True
920,000110011100,26,0.9999979002403765,2.0997596235083904e-06,cache,True,0.0,0.03230983600951731,0.0323123000562191,True
921,100110011100,26,0.9999977269196179,2.2730803821424672e-06,cache,True,0.0,0.03234867099672556,0.032350763911381364,True
922,010110011100,26,1.4037230760964015e-06,0.9999985962769239,cache,True,0.0,0.028974351938813925,0.02897640597075224,True
923,110110011100,26,1.9257126839442384e-06,0.999998074287316,cache,True,0.0,0.031509362161159515,0.03151159710250795,True
924,001110011100,28,1.576683743005454e-06,0.999998423316257,cache,True,0.0,0.032611371017992496,0.03261353401467204,True
925,101110011100,26,1.7498642317620081e-06,0.9999982501357683,cache,True,0.0,0.029507186030969024,0.029509361134842038,True
926,011110011100,26,0.9999977278612433,2.2721387566981832e-06,cache,True,0.0,0.028130774851888418,0.028133088955655694,True
927,111110011100,28,0.9999978998799297,2.100120070291922e-06,cache,True,0.0,0.029654260957613587,0.029656455852091312,True
928,000001011100,22,1.7502209224925427e-06,0.9999982497790775,cache,True,0.0,0.027575727086514235,0.027577901957556605,True
929,100001011100,26,1.9235460777870178e-06,0.9999980764539222,cache,True,0.0,0.026912841014564037,0.02691506501287222,True
930,010001011100,22,0.9999975544692861,2.4455307139348292e-06,cache,True,0.0,0.03060749196447432,0.030609996058046818,True
931,110001011100,26,0.9999984216526339,1.5783473661379332e-06,cache,True,0.0,0.02460723603144288,0.02460966189391911,True
932,001001011100,28,0.999997727860847,2.272139153047803e-06,cache,True,0.0,0.03072016080841422,0.03072396805509925,True
933,101001011100,26,0.9999982479700926,1.752029907375885e-06,cache,True,0.0,0.029276969144120812,0.029280285816639662,True
934,011001011100,22,1.5782760534269567e-06,0.9999984217239466,cache,True,0.0,0.035122032975777984,0.035124929156154394,True
935,111001011100,24,2.0986742260234796e-06,0.9999979013257739,cache,True,0.0,0.02788800303824246,0.027890578843653202,True
936,000101011100,26,0.99999824695869,1.7530413100041997e-06,cache,True,0.0,0.03122960915789008,0.031232144217938185,True
937,100101011100,24,0.9999977287262498,2.2712737501873193e-06,cache,True,0.0,0.0270223340485245,0.02702475804835558,True
938,010101011100,24,2.445028443264957e-06,0.9999975549715567,cache,True,0.0,0.03324286709539592,0.03324543102644384,True
939,110101011100,26,1.2288860619329032e-06,0.9999987711139381,cache,True,0.0,0.026331884087994695,0.026334138121455908,True
940,001101011100,26,2.2723555008187742e-06,0.9999977276444992,cache,True,0.0,0.029866954078897834,0.029869328951463103,True
941,101101011100,26,1.4038684493899922e-06,0.9999985961315506,cache,True,0.0,0.03199503500945866,0.031997448997572064,True
942,011101011100,26,0.9999984219433709,1.5780566291478948e-06,cache,True,0.0,0.03037314605899155,0.030375491129234433,True
943,111101011100,26,0.9999975537454886,2.4462545114012357e-06,cache,True,0.0,0.03455455205403268,0.03455680701881647,True
944,000011011100,26,1.5755976260038443e-06,0.999998424402374,cache,True,0.0,0.02890030900016427,0.028903093887493014,True
945,100011011100,28,1.7497883033622016e-06,0.9999982502116966,cache,True,0.0,0.027817046036943793,0.027819351060315967,True
946,010011011100,24,0.9999977280798529,2.2719201471232964e-06,cache,True,0.0,0.03265150892548263,0.03265382302924991,True
947,110011011100,30,0.999997904297851,2.095702149040868e-06,cache,True,0.0,0.03104363800957799,0.031046252930536866,True
948,001011011100,30,0.999997902627305,2.097372694964683e-06,cache,True,0.0,0.02899789810180664,0.02900030300952494,True
949,101011011100,30,0.9999977282967167,2.2717032832630935e-06,cache,True,0.0,0.02952593215741217,0.029528227169066668,True
950,011011011100,26,1.4053884378653981e-06,0.9999985946115622,cache,True,0.0,0.03005033009685576,0.030052995076403022,True
951,111011011100,26,1.926073562601031e-06,0.9999980739264374,cache,True,0.0,0.030106358928605914,0.030108863953500986,True
952,000111011100,28,0.9999977288736068,2.2711263931718406e-06,cache,True,0.0,0.029290555976331234,0.02929301094263792,True
953,100111011100,28,0.9999979036438881,2.096356111924713e-06,cache,True,0.0,0.03164314106106758,0.03164530615322292,True
954,010111011100,28,1.5790001804589282e-06,0.9999984209998195,cache,True,0.0,0.029185923049226403,0.02918827789835632,True
955,110111011100,28,1.7511636000758304e-06,0.9999982488363999,cache,True,0.0,0.03427672293037176,0.03427913808263838,True
956,001111011100,30,1.4054599649813734e-06,0.999998594540035,cache,True,0.0,0.029080257983878255,0.029082963010296226,True
957,101111011100,28,1.924121443933915e-06,0.999998075878556,cache,True,0.0,0.02979220007546246,0.029795545851811767,True
958,011111011100,28,0.9999979018313245,2.098168675468415e-06,cache,True,0.0,0.03228706098161638,0.032289456110447645,True
959,111111011100,30,0.9999977283656457,2.2716343542894535e-06,cache,True,0.0,0.034604339161887765,0.03460717387497425,True
960,000000111100,22,2.097587984008755e-06,0.999997902412016,cache,True,0.0,0.032672339119017124,0.03267541481181979,True
961,100000111100,26,1.9264349481039987e-06,0.9999980735650519,cache,True,0.0,0.030423464020714164,0.03042635996825993,True
962,010000111100,22,0.9999985948282358,1.4051717641683226e-06,cache,True,0.0,0.031227546045556664,0.03123034001328051,True
963,110000111100,26,0.9999977275016039,2.2724983961275314e-06,cache,True,0.0,0.03375285607762635,0.03375554084777832,True
964,001000111100,28,0.9999984228801143,1.577119885687317e-06,cache,True,0.0,0.03512436803430319,0.03512723417952657,True
965,101000111100,26,0.9999979006032114,2.099396788635133e-06,cache,True,0.0,0.030034129042178392,0.03003674396313727,True
966,011000111100,22,2.273004885738555e-06,0.9999977269951142,cache,True,0.0,0.03167028399184346,0.03167336084879935,True
967,111000111100,24,1.7515960903694242e-06,0.9999982484039096,cache,True,0.0,0.040540649089962244,0.04054354503750801,True
968,000100111100,26,0.9999979004591366,2.0995408633872614e-06,cache,True,0.0,0.03336282982490957,0.03336562495678663,True
969,100100111100,24,0.9999984217251224,1.5782748775672317e-06,cache,True,0.0,0.02787674218416214,0.02787952683866024,True
970,010100111100,24,1.402931524448069e-06,0.9999985970684756,cache,True,0.0,0.02582658315077424,0.02582880691625178,True
971,110100111100,26,2.618638014951066e-06,0.999997381361985,cache,True,0.0,0.03223384800367057,0.03223643312230706,True
972,001100111100,26,1.5779160798327098e-06,0.9999984220839202,cache,True,0.0,0.026517714140936732,0.0265206100884825,True
973,101100111100,26,2.445677763940559e-06,0.999997554322236,cache,True,0.0,0.027420857921242714,0.027423282153904438,True
974,011100111100,26,0.9999977269230838,2.273076916248229e-06,cache,True,0.0,0.029016723856329918,0.029019991168752313,True
975,111100111100,26,0.9999985967110022,1.4032889977810825e-06,cache,True,0.0,0.030298002064228058,0.030300565995275974,True
976,000010111100,28,1.922672995952883e-06,0.9999980773270041,cache,True,0.0,0.02935782610438764,0.029360061045736074,True
977,100010111100,30,1.7512345786774986e-06,0.9999982487654213,cache,True,0.0,0.02725087688304484,0.027253251988440752,True
978,010010111100,26,0.9999980748644263,1.9251355737326392e-06,cache,True,0.0,0.044202425982803106,0.044204629957675934,True
979,110010111100,32,0.9999979031385264,2.096861473566136e-06,cache,True,0.0,0.027228212915360928,0.02723060781136155,True
980,001010111100,32,0.9999979008930755,2.0991069245024363e-06,cache,True,0.0,0.03742732806131244,0.037430222844704986,True
981,101010111100,32,0.9999980736347146,1.926365285398468e-06,cache,True,0.0,0.03869058913551271,0.03869369486346841,True
982,011010111100,28,2.098384966737864e-06,0.9999979016150332,cache,True,0.0,0.03219567402265966,0.03219816810451448,True
983,111010111100,28,1.5755260400786616e-06,0.9999984244739599,cache,True,0.0,0.029414014890789986,0.029416419798508286,True
984,000110111100,30,0.9999980739246653,1.9260753346683757e-06,cache,True,0.0,0.027056870982050896,0.027059526182711124,True
985,100110111100,30,0.9999979010387114,2.0989612885546904e-06,cache,True,0.0,0.030370912048965693,0.030373406829312444,True
986,010110111100,30,1.924631503571409e-06,0.9999980753684964,cache,True,0.0,0.03181262011639774,0.03181488416157663,True
987,110110111100,30,1.750294163088621e-06,0.999998249705837,cache,True,0.0,0.02828869200311601,0.02829086617566645,True
988,001110111100,32,2.1001913281792425e-06,0.9999978998086718,cache,True,0.0,0.03149722795933485,0.031499363016337156,True
989,101110111100,30,1.577339515831457e-06,0.9999984226604842,cache,True,0.0,0.027359707979485393,0.027361813001334667,True
990,011110111100,30,0.9999979015451025,2.098454897514479e-06,cache,True,0.0,0.027753422036767006,0.027755547082051635,True
991,111110111100,32,0.9999980760206778,1.9239793221936807e-06,cache,True,0.0,0.030957751907408237,0.030959916068241,True
992,000001111100,24,1.5782734600384837e-06,0.99999842172654,cache,True,0.0,0.030752663034945726,0.0307549680583179,True
993,100001111100,28,2.4473371073118927e-06,0.9999975526628927,cache,True,0.0,0.029196884017437696,0.029199229087680578,True
994,010001111100,24,0.9999977268486085,2.2731513914520107e-06,cache,True,0.0,0.03364981594495475,0.033652491169050336,True
995,110001111100,28,0.9999985964924568,1.4035075431850785e-06,cache,True,0.0,0.026902009965851903,0.026904355036094785,True
996,001001111100,30,0.999997903710148,2.0962898520382467e-06,cache,True,0.0,0.029745197854936123,0.029747742926701903,True
997,101001111100,28,0.9999984230992061,1.5769007939425705e-06,cache,True,0.0,0.031143200816586614,0.031145625980570912,True
998,011001111100,24,1.403724374706815e-06,0.9999985962756253,cache,True,0.0,0.028598913922905922,0.02860150788910687,True
999,111001111100,26,2.6184222335811098e-06,0.9999973815777664,cache,True,0.0,0.026776597136631608,0.026779131963849068,True
1000,000101111100,28,0.9999984222306152,1.5777693848084695e-06,cache,True,0.0,0.027450494933873415,0.027452869107946754,True
1001,100101111100,26,0.9999979018318366,2.098168163433556e-06,cache,True,0.0,0.027091819094493985,0.02709409291855991,True
1002,010101111100,26,2.271922921475231e-06,0.9999977280770785,cache,True,0.0,0.029157276963815093,0.029159781988710165,True
1003,110101111100,28,1.7526791954895459e-06,0.9999982473208046,cache,True,0.0,0.027783009922131896,0.02778591588139534,True
1004,001101111100,28,2.09838656106661e-06,0.9999979016134389,cache,True,0.0,0.027805474121123552,0.02780770813114941,True
1005,101101111100,28,1.9259279508653717e-06,0.9999980740720491,cache,True,0.0,0.025683685904368758,0.02568590990267694,True
1006,011101111100,28,0.9999985972143861,1.4027856138909556e-06,cache,True,0.0,0.026652236003428698,0.026654999935999513,True
1007,111101111100,28,0.9999977277155707,2.272284429283289e-06,cache,True,0.0,0.03569005592726171,0.03569267108105123,True
1008,000011111100,28,2.0991053933886237e-06,0.9999979008946066,cache,True,0.0,0.03113788110204041,0.031140095088630915,True
1009,100011111100,30,1.577550956879222e-06,0.9999984224490431,cache,True,0.0,0.032323030987754464,0.03232539491727948,True
1010,010011111100,26,0.9999979008911476,2.0991088524047186e-06,cache,True,0.0,0.02741260197944939,0.027414896059781313,True
1011,110011111100,32,0.9999980769611545,1.9230388454971603e-06,cache,True,0.0,0.03147185896523297,0.0314740939065814,True
1012,001011111100,32,0.9999980748634577,1.925136542291206e-06,cache,True,0.0,0.026369606843218207,0.026371981017291546,True
1013,101011111100,32,0.9999979018323463,2.0981676537301652e-06,cache,True,0.0,0.027682363986968994,0.027684828964993358,True
1014,011011111100,28,1.9251365107733666e-06,0.9999980748634892,cache,True,0.0,0.02681143512018025,0.02681361883878708,True
1015,111011111100,28,1.7509457753025947e-06,0.9999982490542247,cache,True,0.0,0.03034645481966436,0.030348708853125572,True
1016,000111111100,30,0.9999979002401438,2.0997598562111364e-06,cache,True,0.0,0.030789555050432682,0.03079200885258615,True
1017,100111111100,30,0.999998074286989,1.925713011052821e-06,cache,True,0.0,0.026430584955960512,0.02643302991054952,True
1018,010111111100,30,2.0987449936366575e-06,0.9999979012550063,cache,True,0.0,0.027423673076555133,0.027426026994362473,True
1019,110111111100,30,1.5769002428295577e-06,0.9999984230997572,cache,True,0.0,0.03304591402411461,0.033048348035663366,True
1020,001111111100,32,1.926074823357087e-06,0.9999980739251766,cache,True,0.0,0.03225035988725722,0.03225330589339137,True
1021,101111111100,30,1.7498579067760628e-06,0.9999982501420932,cache,True,0.0,0.028197904815897346,0.028200310189276934,True
1022,011111111100,30,0.9999980778306616,1.922169338364199e-06,cache,True,0.0,0.027534467168152332,0.02753700315952301,True
1023,111111111100,32,0.9999979021916592,2.0978083408174086e-06,cache,True,0.0,0.025367602007463574,0.025370206916704774,True
1024,000000000010,6,8.837562033947779e-07,0.9999991162437966,cache,True,0.0,0.027413201984018087,0.027415868127718568,True
1025,100000000010,12,1.7528288946044442e-06,0.9999982471711054,cache,True,0.0,0.028761789202690125,0.02876391401514411,True
1026,010000000010,12,0.9999973805692519,2.6194307480853496e-06,cache,True,0.0,0.02861060597933829,0.028612570138648152,True
1027,110000000010,14,0.9999989452363648,1.0547636352109535e-06,cache,True,0.0,0.026635132962837815,0.02663725591264665,True
1028,001000000010,12,0.999997553817466,2.4461825339772147e-06,cache,True,0.0,0.029261630028486252,0.029265237040817738,True
1029,101000000010,12,0.9999973807852722,2.6192147277726008e-06,cache,True,0.0,0.027171744033694267,0.027174708899110556,True
1030,011000000010,12,2.0988183287176763e-06,0.9999979011816713,cache,True,0.0,0.02874293294735253,0.028745627962052822,True
1031,111000000010,12,1.9254976884930936e-06,0.9999980745023115,cache,True,0.0,0.026637375820428133,0.0266398920211941,True
1032,000100000010,12,0.9999973810732401,2.6189267599008303e-06,cache,True,0.0,0.028292468981817365,0.02829484292306006,True
1033,100100000010,12,0.9999975548289262,2.4451710738393473e-06,cache,True,0.0,0.02794149797409773,0.027944473084062338,True
1034,010100000010,12,2.2722843068388403e-06,0.9999977277156932,cache,True,0.0,0.028003999032080173,0.02800641395151615,True
1035,110100000010,12,1.7498641153281407e-06,0.9999982501358847,cache,True,0.0,0.02907838416285813,0.029080587904900312,True
1036,001100000010,12,2.0997571237784434e-06,0.9999979002428763,cache,True,0.0,0.028365841135382652,0.02836813614703715,True
1037,101100000010,14,5.349455156166771e-07,0.9999994650544843,cache,True,0.0,0.02900205599144101,0.02900457102805376,True
1038,011100000010,14,0.9999989439334398,1.0560665602010744e-06,cache,True,0.0,0.02891680086031556,0.02891899482347071,True
1039,111100000010,12,0.9999973799903124,2.620009687648306e-06,cache,True,0.0,0.030007636873051524,0.030009952140972018,True
1040,000010000010,10,1.749497720730071e-06,0.9999982505022793,cache,True,0.0,0.028507024981081486,0.028509459923952818,True
1041,100010000010,14,1.9247014313417373e-06,0.9999980752985687,cache,True,0.0,0.02675280999392271,0.02675524610094726,True
1042,010010000010,14,0.9999979035760262,2.096423973751982e-06,cache,True,0.0,0.02926344401203096,0.029265758115798235,True
1043,110010000010,18,0.9999980767471027,1.923252897273464e-06,cache,True,0.0,0.027442077873274684,0.027444362873211503,True
1044,001010000010,14,0.9999980762387118,1.92376128815841e-06,cache,True,0.0,0.027417920995503664,0.027420416940003633,True
1045,101010000010,16,0.999997900604776,2.099395223997824e-06,cache,True,0.0,0.028175913030281663,0.02817805716767907,True
1046,011010000010,16,1.5791422970881688e-06,0.999998420857703,cache,True,0.0,0.02752253506332636,0.027524698991328478,True
1047,111010000010,14,2.0991084271493574e-06,0.9999979008915728,cache,True,0.0,0.02820089110173285,0.028203204972669482,True
1048,000110000010,14,0.9999979019034221,2.0980965779182625e-06,cache,True,0.0,0.028835322009399533,0.028837537160143256,True
1049,100110000010,16,0.9999980756617562,1.924338243752821e-06,cache,True,0.0,0.03178829303942621,0.031790488166734576,True
1050,010110000010,16,1.7518871867459559e-06,0.9999982481128132,cache,True,0.0,0.02956370497122407,0.02956604096107185,True
1051,110110000010,14,1.92592819014359e-06,0.9999980740718099,cache,True,0.0,0.030099425930529833,0.030101819895207882,True
1052,001110000010,16,1.576758559744021e-06,0.9999984232414403,cache,True,0.0,0.03157679317519069,0.03157941694371402,True
1053,101110000010,16,2.0996133776324824e-06,0.9999979003866224,cache,True,0.0,0.026191832032054663,0.02619390608742833,True
1054,011110000010,16,0.9999980755877647,1.9244122353434534e-06,cache,True,0.0,0.02687365608289838,0.026875930139794946,True
1055,111110000010,16,0.999997901109665,2.0988903349783428e-06,cache,True,0.0,0.04536451189778745,0.04536675498820841,True
1056,000001000010,12,2.097084999113626e-06,0.9999979029150009,cache,True,0.0,0.02954627200961113,0.029548757011070848,True
1057,100001000010,18,1.9265104096534665e-06,0.9999980734895904,cache,True,0.0,0.028754364931955934,0.02875684993341565,True
1058,010001000010,18,0.9999975533839814,2.446616018558778e-06,cache,True,0.0,0.027076999889686704,0.027079314924776554,True
1059,110001000010,20,0.9999973804967052,2.6195032948317376e-06,cache,True,0.0,0.04473907710053027,0.04474167316220701,True
1060,001001000010,18,0.9999987701799805,1.229820019488237e-06,cache,True,0.0,0.027496864087879658,0.02749926899559796,True
1061,101001000010,18,0.9999975543237964,2.4456762035551805e-06,cache,True,0.0,0.026913161855190992,0.026915605878457427,True
1062,011001000010,18,2.2714912710941824e-06,0.9999977285087289,cache,True,0.0,0.03305389918386936,0.03305630409158766,True
1063,111001000010,18,3.585884997387344e-07,0.9999996414115002,cache,True,0.0,0.030907322885468602,0.03090976900421083,True
1064,000101000010,18,0.9999975536017455,2.446398254529747e-06,cache,True,0.0,0.030017145909368992,0.030019639991223812,True
1065,100101000010,18,0.9999987696015217,1.2303984783246236e-06,cache,True,0.0,0.028532905038446188,0.028535129968076944,True
1066,010101000010,18,7.101459751383246e-07,0.9999992898540249,cache,True,0.0,0.02934637409634888,0.029348748037591577,True
1067,110101000010,18,1.924414882296538e-06,0.9999980755851177,cache,True,0.0,0.03675406100228429,0.03675682609900832,True
1068,001101000010,18,2.2721401123771957e-06,0.9999977278598876,cache,True,0.0,0.03191462904214859,0.03191731381230056,True
1069,101101000010,20,1.752176144669227e-06,0.9999982478238554,cache,True,0.0,0.026171942939981818,0.026174298021942377,True
1070,011101000010,20,0.9999973802075363,2.619792463742776e-06,cache,True,0.0,0.029349820921197534,0.029352284967899323,True
1071,111101000010,18,0.9999975532381647,2.4467618352508325e-06,cache,True,0.0,0.026355870999395847,0.0263580740429461,True
1072,000011000010,14,1.5749483926362267e-06,0.9999984250516074,cache,True,0.0,0.02893503592349589,0.028937591006979346,True
1073,100011000010,18,2.098529968850594e-06,0.9999979014700312,cache,True,0.0,0.026773119810968637,0.026775644859299064,True
1074,010011000010,18,0.9999980756592299,1.9243407700653137e-06,cache,True,0.0,0.02690239017829299,0.026904866099357605,True
1075,110011000010,22,0.9999979016175582,2.098382441806379e-06,cache,True,0.0,0.027677605161443353,0.02767986012622714,True
1076,001011000010,18,0.9999979021216107,2.0978783893399466e-06,cache,True,0.0,0.02724690898321569,0.027249355101957917,True
1077,101011000010,20,0.9999980734186581,1.9265813419044875e-06,cache,True,0.0,0.03254632488824427,0.03255010093562305,True
1078,011011000010,20,1.75196045249621e-06,0.9999982480395475,cache,True,0.0,0.027890990022569895,0.027894025901332498,True
1079,111011000010,18,1.9232522648292575e-06,0.9999980767477352,cache,True,0.0,0.02772880415432155,0.027731520123779774,True
1080,000111000010,18,0.9999980737106585,1.926289341480647e-06,cache,True,0.0,0.0267877581063658,0.026790512958541512,True
1081,100111000010,20,0.9999979011082823,2.0988917176500976e-06,cache,True,0.0,0.028804171830415726,0.028806485934183,True
1082,010111000010,20,1.577336900041135e-06,0.9999984226630999,cache,True,0.0,0.026382853044196963,0.02638528705574572,True
1083,110111000010,18,2.099470631103681e-06,0.9999979005293689,cache,True,0.0,0.02839266392402351,0.02839495800435543,True
1084,001111000010,20,1.7481162131649504e-06,0.9999982518837869,cache,True,0.0,0.027379296952858567,0.02738165110349655,True
1085,101111000010,20,1.924343024274255e-06,0.9999980756569757,cache,True,0.0,0.026699677109718323,0.02670202194713056,True
1086,011111000010,20,0.9999979003165091,2.099683490852655e-06,cache,True,0.0,0.029323399998247623,0.02932564401999116,True
1087,111111000010,20,0.9999980747935312,1.9252064688002335e-06,cache,True,0.0,0.028152636950835586,0.028155102860182524,True
1088,000000100010,12,2.098529760718958e-06,0.9999979014702393,cache,True,0.0,0.030082532903179526,0.030084796948358417,True
1089,100000100010,18,2.27329576889688e-06,0.9999977267042311,cache,True,0.0,0.028436027001589537,0.028438441921025515,True
1090,010000100010,18,0.9999975530950529,2.446904947106532e-06,cache,True,0.0,0.03792746807448566,0.03792979195713997,True
1091,110000100010,20,0.9999977272837435,2.272716256523921e-06,cache,True,0.0,0.025763660902157426,0.025765975937247276,True
1092,001000100010,18,0.9999977292345372,2.2707654627751594e-06,cache,True,0.0,0.027118960861116648,0.02712146588601172,True
1093,101000100010,18,0.9999989455258947,1.0544741052553874e-06,cache,True,0.0,0.027230418054386973,0.027232861844822764,True
1094,011000100010,18,5.343675976797616e-07,0.9999994656324023,cache,True,0.0,0.02725651883520186,0.02725872304290533,True
1095,111000100010,18,2.4459659427115173e-06,0.9999975540340573,cache,True,0.0,0.027505181031301618,0.027507344959303737,True
1096,000100100010,18,0.9999989442216489,1.0557783510778407e-06,cache,True,0.0,0.026903233025223017,0.026905326871201396,True
1097,100100100010,18,0.9999977280772604,2.271922739605081e-06,cache,True,0.0,0.0292474920861423,0.029249656945466995,True
1098,010100100010,18,2.099325020691925e-06,0.9999979006749793,cache,True,0.0,0.028706872835755348,0.028709127800539136,True
1099,110100100010,18,8.831779259134221e-07,0.9999991168220741,cache,True,0.0,0.026275184005498886,0.026277899043634534,True
1100,001100100010,18,1.92535427746032e-06,0.9999980746457225,cache,True,0.0,0.03167311009019613,0.03167550405487418,True
1101,101100100010,20,2.4466148454515443e-06,0.9999975533851545,cache,True,0.0,0.027192925103008747,0.02719520917162299,True
1102,011100100010,20,0.9999977281494467,2.2718505533481093e-06,cache,True,0.0,0.02784244599752128,0.027844639029353857,True
1103,111100100010,18,0.9999975535275745,2.44647242553242e-06,cache,True,0.0,0.029250056948512793,0.029252410866320133,True
1104,000010100010,16,2.272863941530778e-06,0.9999977271360585,cache,True,0.0,0.028422010131180286,0.028424385003745556,True
1105,100010100010,20,1.7517408247051536e-06,0.9999982482591753,cache,True,0.0,0.02587321400642395,0.02587534813210368,True
1106,010010100010,20,0.9999980785608263,1.921439173657724e-06,cache,True,0.0,0.029524690005928278,0.029526954051107168,True
1107,110010100010,24,0.9999982492706652,1.750729334837331e-06,cache,True,0.0,0.03048196784220636,0.030484162038192153,True
1108,001010100010,20,0.9999982506471697,1.7493528302603423e-06,cache,True,0.0,0.026921998942270875,0.02692429395392537,True
1109,101010100010,22,0.9999980757360613,1.924263938746229e-06,cache,True,0.0,0.03248687903396785,0.03248914307914674,True
1110,011010100010,22,2.0993227037206593e-06,0.9999979006772963,cache,True,0.0,0.028559367172420025,0.028561550891026855,True
1111,111010100010,20,1.925569302498975e-06,0.9999980744306975,cache,True,0.0,0.02675316110253334,0.026755355997011065,True
1112,000110100010,20,0.9999980742862921,1.9257137079398134e-06,cache,True,0.0,0.029390309937298298,0.02939279400743544,True
1113,100110100010,22,0.9999982490528403,1.750947159706584e-06,cache,True,0.0,0.02460617502219975,0.024608480045571923,True
1114,010110100010,22,2.2726449695599307e-06,0.9999977273550305,cache,True,0.0,0.02758160885423422,0.027583673130720854,True
1115,110110100010,20,1.752681784557913e-06,0.9999982473182154,cache,True,0.0,0.028486564988270402,0.02848884998820722,True
1116,001110100010,22,2.098384695894986e-06,0.9999979016153041,cache,True,0.0,0.02810323191806674,0.02810535510070622,True
1117,101110100010,22,1.9257873668988277e-06,0.9999980742126331,cache,True,0.0,0.026978367939591408,0.02698115399107337,True
1118,011110100010,22,0.9999982508639654,1.749136034567833e-06,cache,True,0.0,0.027697153156623244,0.027699287980794907,True
1119,111110100010,22,0.9999980753688598,1.924631140237665e-06,cache,True,0.0,0.027923753019422293,0.027926157927140594,True
1120,000001100010,12,1.924413260653559e-06,0.9999980755867394,cache,True,0.0,0.02725138794630766,0.027253572130575776,True
1121,100001100010,18,1.0572252800782896e-06,0.9999989427747199,cache,True,0.0,0.028247661888599396,0.02824982604943216,True
1122,010001100010,18,0.9999991162379616,8.837620384394285e-07,cache,True,0.0,0.02748883911408484,0.027491274056956172,True
1123,110001100010,20,0.9999975540334272,2.445966572839353e-06,cache,True,0.0,0.031684322049841285,0.03168804803863168,True
1124,001001100010,18,0.9999975541050736,2.445894926372816e-06,cache,True,0.0,0.028545859968289733,0.028548805974423885,True
1125,101001100010,18,0.9999977287261015,2.2712738985131153e-06,cache,True,0.0,0.026958459988236427,0.026961134979501367,True
1126,011001100010,18,2.0985281990000544e-06,0.999997901471801,cache,True,0.0,0.030841595958918333,0.03084431099705398,True
1127,111001100010,18,2.2728617439199063e-06,0.9999977271382561,cache,True,0.0,0.028344268910586834,0.02834669384174049,True
1128,000101100010,18,0.9999977278596772,2.2721403227787818e-06,cache,True,0.0,0.0353453871794045,0.035347540164366364,True
1129,100101100010,18,0.9999975545391573,2.4454608427149083e-06,cache,True,0.0,0.027218393981456757,0.027220599120482802,True
1130,010101100010,18,1.924918569844977e-06,0.9999980750814301,cache,True,0.0,0.028577903052791953,0.02858009678311646,True
1131,110101100010,18,2.4460374712907555e-06,0.9999975539625288,cache,True,0.0,0.02725805202499032,0.02726019499823451,True
1132,001101100010,18,7.105849584839766e-07,0.9999992894150416,cache,True,0.0,0.028005030937492847,0.028007064945995808,True
1133,101101100010,20,2.2726450023091345e-06,0.9999977273549977,cache,True,0.0,0.029007937060669065,0.029009992023929954,True
1134,011101100010,20,0.9999975533117371,2.4466882628804143e-06,cache,True,0.0,0.027342624962329865,0.027344790054485202,True
1135,111101100010,18,0.9999991162363966,8.83763603409804e-07,cache,True,0.0,0.030305356020107865,0.030307438923045993,True
1136,000011100010,14,2.0968637078024214e-06,0.9999979031362922,cache,True,0.0,0.02664191508665681,0.02664422895759344,True
1137,100011100010,18,1.9223887334291587e-06,0.9999980776112666,cache,True,0.0,0.02595732593908906,0.02595957089215517,True
1138,010011100010,18,0.9999982497801292,1.7502198708108097e-06,cache,True,0.0,0.029378727078437805,0.02938124118372798,True
1139,110011100010,22,0.9999980761670073,1.9238329926896114e-06,cache,True,0.0,0.027829841012135148,0.02783202496357262,True
1140,001011100010,18,0.99999807508119,1.924918810014553e-06,cache,True,0.0,0.028202624060213566,0.028205079026520252,True
1141,101011100010,20,0.9999982476830364,1.7523169636435298e-06,cache,True,0.0,0.029570739017799497,0.029573335079476237,True
1142,011011100010,20,2.271848323285334e-06,0.9999977281516768,cache,True,0.0,0.02773416507989168,0.02773657883517444,True
1143,111011100010,18,1.7500068907041128e-06,0.9999982499931093,cache,True,0.0,0.02755496697500348,0.027557353023439646,True
1144,000111100010,18,0.9999982472444938,1.7527555061791489e-06,cache,True,0.0,0.030600989004597068,0.03060333407483995,True
1145,100111100010,20,0.9999980745048399,1.9254951600933268e-06,cache,True,0.0,0.027744004037231207,0.027747150976210833,True
1146,010111100010,20,2.096358999942114e-06,0.999997903641,cache,True,0.0,0.030573336174711585,0.030575749929994345,True
1147,110111100010,18,1.924483128569495e-06,0.9999980755168715,cache,True,0.0,0.031197537202388048,0.031200533034279943,True
1148,001111100010,20,2.2720684378201274e-06,0.9999977279315622,cache,True,0.0,0.029167517088353634,0.029169751098379493,True
1149,101111100010,20,1.750512021377533e-06,0.9999982494879787,cache,True,0.0,0.033268677070736885,0.03327088104560971,True
1150,011111100010,20,0.9999980744315077,1.9255684923225047e-06,cache,True,0.0,0.02668459783308208,0.026686742901802063,True
1151,111111100010,20,0.9999982490538641,1.7509461358589107e-06,cache,True,0.0,0.02578797796741128,0.025790242943912745,True
1152,000000010010,10,1.5771900754352614e-06,0.9999984228099246,cache,True,0.0,0.02718424703925848,0.02718668314628303,True
1153,100000010010,16,2.444521058470873e-06,0.9999975554789415,cache,True,0.0,0.027726270025596023,0.027728604152798653,True
1154,010000010010,14,0.9999966855467992,3.3144532007867156e-06,cache,True,0.0,0.026906589046120644,0.026909223990514874,True
1155,110000010010,16,0.9999982476084672,1.7523915327721795e-06,cache,True,0.0,0.025344257010146976,0.025346511974930763,True
1156,001000010010,16,0.9999982495586596,1.7504413404312302e-06,cache,True,0.0,0.02709416300058365,0.02709638699889183,True
1157,101000010010,16,0.9999980745026441,1.925497355892425e-06,cache,True,0.0,0.03529041004367173,0.03529274486936629,True
1158,011000010010,14,1.4043780634989687e-06,0.9999985956219365,cache,True,0.0,0.026072080014273524,0.02607487514615059,True
1159,111000010010,14,1.2316322066945085e-06,0.9999987683677933,cache,True,0.0,0.026516832876950502,0.026519217062741518,True
1160,000100010010,16,0.999998075370994,1.9246290059449223e-06,cache,True,0.0,0.027902482077479362,0.027904735878109932,True
1161,100100010010,16,0.9999982476814362,1.7523185638079752e-06,cache,True,0.0,0.0318541310261935,0.031856726156547666,True
1162,010100010010,14,1.5781314055630508e-06,0.9999984218685944,cache,True,0.0,0.02933210600167513,0.029335674131289124,True
1163,110100010010,14,1.0557047576515186e-06,0.9999989442952424,cache,True,0.0,0.03226754302158952,0.03227061894722283,True
1164,001100010010,16,2.7908753982083084e-06,0.9999972091246018,cache,True,0.0,0.027364087058231235,0.02736671199090779,True
1165,101100010010,18,1.229532701615912e-06,0.9999987704672983,cache,True,0.0,0.029049839125946164,0.029052023077383637,True
1166,011100010010,16,0.9999982471743225,1.7528256774923534e-06,cache,True,0.0,0.027126216096803546,0.027128680143505335,True
1167,111100010010,14,0.9999966869928264,3.3130071735998357e-06,cache,True,0.0,0.026895887916907668,0.026898102834820747,True
1168,000010010010,14,1.750078285360015e-06,0.9999982499217146,cache,True,0.0,0.029783511999994516,0.029785807011649013,True
1169,100010010010,18,1.924702757057343e-06,0.9999980752972429,cache,True,0.0,0.027493387926369905,0.0274958829395473,True
1170,010010010010,16,0.9999979008214007,2.0991785992796608e-06,cache,True,0.0,0.027403784217312932,0.027406268985942006,True
1171,110010010010,20,0.9999980754408643,1.924559135724202e-06,cache,True,0.0,0.032728296937420964,0.032730712089687586,True
1172,001010010010,18,0.9999980765312637,1.923468736286793e-06,cache,True,0.0,0.027648780029267073,0.027651253854855895,True
1173,101010010010,20,0.9999979011837188,2.098816281215221e-06,cache,True,0.0,0.026498035993427038,0.02650025999173522,True
1174,011010010010,18,1.5778411858199598e-06,0.9999984221588142,cache,True,0.0,0.025634451070800424,0.02563662501052022,True
1175,111010010010,16,2.0989641754811265e-06,0.9999979010358245,cache,True,0.0,0.029767710948362947,0.029770055785775185,True
1176,000110010010,18,0.9999979021925339,2.0978074660726875e-06,cache,True,0.0,0.027108389884233475,0.02711093588732183,True
1177,100110010010,20,0.9999980750819137,1.9249180862601634e-06,cache,True,0.0,0.04072478599846363,0.04072719207033515,True
1178,010110010010,18,1.750585290751102e-06,0.9999982494147093,cache,True,0.0,0.03194790310226381,0.031950537813827395,True
1179,110110010010,16,1.9234699084366925e-06,0.9999980765300915,cache,True,0.0,0.02780261798761785,0.027805042918771505,True
1180,001110010010,20,1.5770458521264472e-06,0.9999984229541479,cache,True,0.0,0.026841733139008284,0.02684414805844426,True
1181,101110010010,20,2.0981689756412703e-06,0.9999979018310243,cache,True,0.0,0.02838303381577134,0.028385378886014223,True
1182,011110010010,18,0.9999980748652939,1.9251347060933455e-06,cache,True,0.0,0.032873117830604315,0.032875272911041975,True
1183,111110010010,18,0.9999979018318372,2.098168162767422e-06,cache,True,0.0,0.029786468017846346,0.02978875208646059,True
1184,000001010010,14,1.4014798549906584e-06,0.999998598520145,cache,True,0.0,0.028203224996104836,0.02820572000928223,True
1185,100001010010,20,1.2291775481643175e-06,0.9999987708224518,cache,True,0.0,0.0258937431499362,0.025896208127960563,True
1186,010001010010,18,0.999998247102857,1.7528971429925377e-06,cache,True,0.0,0.028294211952015758,0.028296686941757798,True
1187,110001010010,20,0.99999807334723,1.926652769990156e-06,cache,True,0.0,0.028886501910164952,0.02888908702880144,True
1188,001001010010,20,0.9999980745780785,1.92542192145595e-06,cache,True,0.0,0.02746157580986619,0.02746407105587423,True
1189,101001010010,20,0.9999968607487594,3.139251240624752e-06,cache,True,0.0,0.028287438908591866,0.028289783047512174,True
1190,011001010010,18,2.9652082190920596e-06,0.9999970347917809,cache,True,0.0,0.026644991943612695,0.026647286023944616,True
1191,111001010010,18,1.0563570340471977e-06,0.9999989436429659,cache,True,0.0,0.02854954800568521,0.02855183300562203,True
1192,000101010010,20,0.9999968620502288,3.1379497712480386e-06,cache,True,0.0,0.02921568090096116,0.02921801502816379,True
1193,100101010010,20,0.9999980737083463,1.9262916537421404e-06,cache,True,0.0,0.029391380958259106,0.029393464792519808,True
1194,010101010010,18,1.4044475980001452e-06,0.999998595552402,cache,True,0.0,0.028751839883625507,0.028754225000739098,True
1195,110101010010,18,2.6175526510951125e-06,0.9999973824473489,cache,True,0.0,0.027416368946433067,0.027418973855674267,True
1196,001101010010,20,1.575667831166889e-06,0.9999984243321688,cache,True,0.0,0.026738323038443923,0.026740896981209517,True
1197,101101010010,22,1.0568692733183423e-06,0.9999989431307267,cache,True,0.0,0.027886640978977084,0.027889085933566093,True
1198,011101010010,20,0.9999980742161789,1.9257838210773315e-06,cache,True,0.0,0.030798140913248062,0.03080052579753101,True
1199,111101010010,18,0.9999982481151584,1.7518848416386845e-06,cache,True,0.0,0.03723069606348872,0.03723297989927232,True
1200,000011010010,16,1.5762507083086312e-06,0.9999984237492917,cache,True,0.0,0.02968039200641215,0.029682677006348968,True
1201,100011010010,20,2.098094433717291e-06,0.9999979019055663,cache,True,0.0,0.026421286864206195,0.026423502014949918,True
1202,010011010010,18,0.9999980753706641,1.924629335903205e-06,cache,True,0.0,0.027340490836650133,0.027342845918610692,True
1203,110011010010,22,0.9999979021940915,2.0978059085408063e-06,cache,True,0.0,0.028853556839749217,0.02885592309758067,True
1204,001011010010,20,0.999997902559974,2.0974400259943238e-06,cache,True,0.0,0.02635357598774135,0.026356320828199387,True
1205,101011010010,22,0.9999980758751902,1.9241248098156305e-06,cache,True,0.0,0.02965111518278718,0.029653639998286963,True
1206,011011010010,20,1.7519589490987596e-06,0.9999982480410509,cache,True,0.0,0.030482358997687697,0.030485745053738356,True
1207,111011010010,18,1.924411963785127e-06,0.9999980755880362,cache,True,0.0,0.027005360927432775,0.027008377015590668,True
1208,000111010010,20,0.9999980750107578,1.9249892422301684e-06,cache,True,0.0,0.027422089129686356,0.027424684958532453,True
1209,100111010010,22,0.9999979021198026,2.0978801974491645e-06,cache,True,0.0,0.027361953165382147,0.027364267967641354,True
1210,010111010010,20,1.5764663094806719e-06,0.9999984235336905,cache,True,0.0,0.02736621117219329,0.027368695940822363,True
1211,110111010010,18,2.0986027597374058e-06,0.9999979013972402,cache,True,0.0,0.030441940063610673,0.030444253934547305,True
1212,001111010010,22,1.7505852885387896e-06,0.9999982494147115,cache,True,0.0,0.02883564285002649,0.028837856836616993,True
1213,101111010010,22,1.9250639928198053e-06,0.9999980749360072,cache,True,0.0,0.027368095004931092,0.027370249154046178,True
1214,011111010010,20,0.9999979006051389,2.0993948610659174e-06,cache,True,0.0,0.027057411149144173,0.02705963607877493,True
1215,111111010010,20,0.9999980747911837,1.9252088162557968e-06,cache,True,0.0,0.028970874845981598,0.028973300009965897,True
1216,000000110010,14,1.404085035755607e-06,0.9999985959149642,cache,True,0.0,0.028729155892506242,0.028731520986184478,True
1217,100000110010,20,1.5788518348616189e-06,0.9999984211481652,cache,True,0.0,0.026225147070363164,0.02622767211869359,True
1218,010000110010,18,0.9999982485490656,1.7514509343952156e-06,cache,True,0.0,0.027388494927436113,0.027391129173338413,True
1219,110000110010,20,0.9999984218692861,1.5781307138862388e-06,cache,True,0.0,0.02874990599229932,0.028752512065693736,True
1220,001000110010,20,0.9999970336313325,2.9663686674785694e-06,cache,True,0.0,0.028488029027357697,0.028490944067016244,True
1221,101000110010,20,0.9999982484735703,1.7515264296719124e-06,cache,True,0.0,0.027300623944029212,0.027303169015794992,True
1222,011000110010,18,1.229244614661034e-06,0.9999987707553853,cache,True,0.0,0.3099234248511493,0.3099259298760444,True
1223,111000110010,18,3.1396851175158332e-06,0.9999968603148824,cache,True,0.0,0.025816454086452723,0.025819349102675915,True
1224,000100110010,20,0.9999982486218532,1.7513781468414535e-06,cache,True,0.0,0.025067168986424804,0.025070385076105595,True
1225,100100110010,20,0.9999970327679848,2.9672320152052123e-06,cache,True,0.0,0.025559304980561137,0.025562060065567493,True
1226,010100110010,18,2.791307858330818e-06,0.9999972086921417,cache,True,0.0,0.024556568823754787,0.02455949387513101,True
1227,110100110010,18,1.5768980177650984e-06,0.9999984231019823,cache,True,0.0,0.026016131043434143,0.026018806966021657,True
1228,001100110010,20,1.2300408385442197e-06,0.9999987699591615,cache,True,0.0,0.025114180985838175,0.02511667483486235,True
1229,101100110010,22,1.7530403435956316e-06,0.9999982469596564,cache,True,0.0,0.02528579393401742,0.025288197910413146,True
1230,011100110010,20,0.9999984233139294,1.576686070592359e-06,cache,True,0.0,0.027035378850996494,0.027037923922762275,True
1231,111100110010,18,0.9999982484019244,1.7515980755833382e-06,cache,True,0.0,0.025513485074043274,0.025515930028632283,True
1232,000010110010,18,2.272429672189007e-06,0.9999977275703278,cache,True,0.0,0.026193985948339105,0.02619655104354024,True
1233,100010110010,22,1.7501523509572888e-06,0.9999982498476491,cache,True,0.0,0.024443790083751082,0.024446133989840746,True
1234,010010110010,20,0.9999980759520181,1.9240479819382372e-06,cache,True,0.0,0.02459017396904528,0.02459260798059404,True
1235,110010110010,24,0.9999982498488861,1.7501511139217385e-06,cache,True,0.0,0.02671370399184525,0.026716480031609535,True
1236,001010110010,22,0.9999982505051419,1.7494948580942804e-06,cache,True,0.0,0.02464239508844912,0.024644950171932578,True
1237,101010110010,24,0.9999980752979942,1.9247020057733266e-06,cache,True,0.0,0.026994890067726374,0.026997205801308155,True
1238,011010110010,22,2.097584011051399e-06,0.999997902415989,cache,True,0.0,0.029097831109538674,0.02910049702040851,True
1239,111010110010,20,1.9244139474809936e-06,0.9999980755860525,cache,True,0.0,0.027302056783810258,0.027304349932819605,True
1240,000110110010,22,0.9999980755905963,1.924409403719629e-06,cache,True,0.0,0.02752175321802497,0.02752399700693786,True
1241,100110110010,24,0.9999982477524497,1.7522475502795842e-06,cache,True,0.0,0.028055639006197453,0.02805841388180852,True
1242,010110110010,22,2.2711976206282124e-06,0.9999977288023794,cache,True,0.0,0.05885792896151543,0.05886038392782211,True
1243,110110110010,20,1.750660728139323e-06,0.9999982493392718,cache,True,0.0,0.024945303099229932,0.024947707075625658,True
1244,001110110010,24,2.0991083672949635e-06,0.9999979008916327,cache,True,0.0,0.024863654980435967,0.02486646012403071,True
1245,101110110010,24,1.925349486295484e-06,0.9999980746505137,cache,True,0.0,0.029427421046420932,0.029430077178403735,True
1246,011110110010,22,0.9999982482573977,1.7517426023072602e-06,cache,True,0.0,0.02973687183111906,0.029739336809143424,True
1247,111110110010,22,0.9999980747937048,1.9252062951613524e-06,cache,True,0.0,0.025375818135216832,0.025378283113241196,True
1248,000001110010,16,2.6189994590378718e-06,0.9999973810005409,cache,True,0.0,0.027606367133557796,0.027609003009274602,True
1249,100001110010,22,1.7506543764488414e-06,0.9999982493456235,cache,True,0.0,0.028414355125278234,0.02841690112836659,True
1250,010001110010,20,0.9999984223739937,1.5776260062771996e-06,cache,True,0.0,0.027756388066336513,0.027759874938055873,True
1251,110001110010,22,0.9999968598787206,3.1401212794435196e-06,cache,True,0.0,0.02736504888162017,0.027367743896320462,True
1252,001001110010,22,0.9999982481118519,1.7518881481048965e-06,cache,True,0.0,0.030292338924482465,0.03029484488070011,True
1253,101001110010,22,0.9999984218656163,1.5781343837284467e-06,cache,True,0.0,0.029890340054407716,0.02989266416989267,True
1254,011001110010,20,1.4006035360023356e-06,0.999998599396464,cache,True,0.0,0.030255388002842665,0.030258354963734746,True
1255,111001110010,20,1.5784197306602338e-06,0.9999984215802693,cache,True,0.0,0.027767980936914682,0.027770326007157564,True
1256,000101110010,22,0.9999984210018354,1.5789981645530915e-06,cache,True,0.0,0.029838027898222208,0.029840522911399603,True
1257,100101110010,22,0.9999982462352288,1.753764771184052e-06,cache,True,0.0,0.026163778034970164,0.026166243012994528,True
1258,010101110010,20,1.228442164882914e-06,0.9999987715578351,cache,True,0.0,0.027466164901852608,0.02746911090798676,True
1259,110101110010,20,1.7513065280491517e-06,0.999998248693472,cache,True,0.0,0.02538957493379712,0.025392199866473675,True
1260,001101110010,22,1.4051712164439642e-06,0.9999985948287835,cache,True,0.0,0.02954305591993034,0.029545570956543088,True
1261,101101110010,24,2.965496788066287e-06,0.999997034503212,cache,True,0.0,0.02633882686495781,0.026341351913288236,True
1262,011101110010,22,0.999996859444692,3.140555308034365e-06,cache,True,0.0,0.028832496842369437,0.02883496112190187,True
1263,111101110010,20,0.999998422662979,1.5773370209970494e-06,cache,True,0.0,0.026527042035013437,0.026529678143560886,True
1264,000011110010,18,2.09917929231336e-06,0.9999979008207077,cache,True,0.0,0.02673747087828815,0.026739955879747868,True
1265,100011110010,22,1.924700528230208e-06,0.9999980752994718,cache,True,0.0,0.0380515290889889,0.03805395308881998,True
1266,010011110010,20,0.9999982487637932,1.7512362068261567e-06,cache,True,0.0,0.026943471049889922,0.026945634046569467,True
1267,110011110010,24,0.9999980754444103,1.9245555896718614e-06,cache,True,0.0,0.029268001904711127,0.029270387021824718,True
1268,001011110010,22,0.9999980753704826,1.9246295174246697e-06,cache,True,0.0,0.026965192053467035,0.026967728044837713,True
1269,101011110010,24,0.9999982494133548,1.7505866451994478e-06,cache,True,0.0,0.02768439892679453,0.027687053894624114,True
1270,011011110010,22,2.272283067525387e-06,0.9999977277169325,cache,True,0.0,0.028633160050958395,0.028635475086048245,True
1271,111011110010,20,1.7510182303358777e-06,0.9999982489817697,cache,True,0.0,0.026042733108624816,0.02604499808512628,True
1272,000111110010,22,0.9999982481154364,1.7518845636388392e-06,cache,True,0.0,0.029251249972730875,0.02925363485701382,True
1273,100111110010,24,0.9999980756619452,1.9243380547928624e-06,cache,True,0.0,0.02712761820293963,0.027129802154377103,True
1274,010111110010,22,2.0979495272043607e-06,0.9999979020504728,cache,True,0.0,0.028184608789160848,0.028187184128910303,True
1275,110111110010,20,1.9243398995735132e-06,0.9999980756601005,cache,True,0.0,0.029562594136223197,0.029565019067376852,True
1276,001111110010,24,2.2740906338587175e-06,0.9999977259093661,cache,True,0.0,0.029253835091367364,0.029256108915433288,True
1277,101111110010,24,1.7513803732164215e-06,0.9999982486196268,cache,True,0.0,0.03331611794419587,0.033318183152005076,True
1278,011111110010,22,0.9999980748641484,1.9251358516214623e-06,cache,True,0.0,0.026368946069851518,0.0263711498118937,True
1279,111111110010,22,0.9999982497736295,1.750226370500485e-06,cache,True,0.0,0.03070761589333415,0.030709940940141678,True
1280,000000001010,12,1.5788548117206138e-06,0.9999984211451883,cache,True,0.0,0.025988848181441426,0.02599132200703025,True
1281,100000001010,18,1.0561410466436006e-06,0.9999989438589534,cache,True,0.0,0.026018314994871616,0.026020840043202043,True
1282,010000001010,16,0.9999973793393934,2.6206606066336846e-06,cache,True,0.0,0.02925756201148033,0.029260257026180625,True
1283,110000001010,18,0.9999975545419556,2.4454580443977747e-06,cache,True,0.0,0.028095727087929845,0.02809845213778317,True
1284,001000001010,18,0.999997553743204,2.446256796018176e-06,cache,True,0.0,0.03010401502251625,0.03010664996691048,True
1285,101000001010,18,0.9999973812894716,2.6187105284236623e-06,cache,True,0.0,0.027657756116241217,0.027660020859912038,True
1286,011000001010,16,1.4032935443100643e-06,0.9999985967064557,cache,True,0.0,0.02825865289196372,0.02826123801060021,True
1287,111000001010,16,1.2311287369631084e-06,0.999998768871263,cache,True,0.0,0.03084280784241855,0.030845534056425095,True
1288,000100001010,16,0.9999973801351423,2.619864857722476e-06,cache,True,0.0,0.02617998910136521,0.02618283499032259,True
1289,100100001010,16,0.9999975538872162,2.4461127837716035e-06,cache,True,0.0,0.028245348017662764,0.028247832087799907,True
1290,010100001010,18,1.574142336505289e-06,0.9999984258576635,cache,True,0.0,0.02739046816714108,0.027392903110012412,True
1291,110100001010,18,1.054040446922897e-06,0.9999989459595531,cache,True,0.0,0.028412882005795836,0.02841531694866717,True
1292,001100001010,16,1.404520723625618e-06,0.9999985954792764,cache,True,0.0,0.02705737203359604,0.027060327818617225,True
1293,101100001010,18,1.2291742593778766e-06,0.9999987708257406,cache,True,0.0,0.027430224930867553,0.02743254997767508,True
1294,011100001010,20,0.999997555261958,2.4447380420067333e-06,cache,True,0.0,0.027763012098148465,0.02776547591201961,True
1295,111100001010,18,0.9999973802054005,2.6197945994788085e-06,cache,True,0.0,0.030425198143348098,0.030427562072873116,True
1296,000010001010,16,1.7513088751914936e-06,0.9999982486911249,cache,True,0.0,0.0289596039801836,0.028961977921426296,True
1297,100010001010,20,1.2288808537644562e-06,0.9999987711191463,cache,True,0.0,0.0275256410241127,0.02752790506929159,True
1298,010010001010,18,0.9999979011842262,2.098815773843299e-06,cache,True,0.0,0.029379236977547407,0.029382573906332254,True
1299,110010001010,22,0.9999973807847293,2.61921527067166e-06,cache,True,0.0,0.03238586289808154,0.03238867805339396,True
1300,001010001010,20,0.9999973811465722,2.6188534277826747e-06,cache,True,0.0,0.027656744001433253,0.027659400133416057,True
1301,101010001010,22,0.9999979008204049,2.099179595149714e-06,cache,True,0.0,0.028555008117109537,0.028557523153722286,True
1302,011010001010,20,8.847741318177707e-07,0.9999991152258682,cache,True,0.0,0.029566190904006362,0.02956904610618949,True
1303,111010001010,18,2.097735042153026e-06,0.9999979022649579,cache,True,0.0,0.027180630946531892,0.02718290500342846,True
1304,000110001010,18,0.9999979000986551,2.0999013449207737e-06,cache,True,0.0,0.028092571068555117,0.028094964800402522,True
1305,100110001010,20,0.9999973808555984,2.6191444015832843e-06,cache,True,0.0,0.03008446586318314,0.030086800921708345,True
1306,010110001010,22,1.7508026656060346e-06,0.9999982491973344,cache,True,0.0,0.029469433007761836,0.029471758054569364,True
1307,110110001010,20,1.2312641597946347e-06,0.9999987687358403,cache,True,0.0,0.027748422930017114,0.02775066695176065,True
1308,001110001010,20,8.829699316844232e-07,0.9999991170300683,cache,True,0.0,0.02903911704197526,0.029041522182524204,True
1309,101110001010,20,2.098239027719211e-06,0.9999979017609723,cache,True,0.0,0.0285731740295887,0.028575648088008165,True
1310,011110001010,22,0.9999973822300356,2.61776996435259e-06,cache,True,0.0,0.029607631033286452,0.0296098948456347,True
1311,111110001010,22,0.9999979013268561,2.0986731439354145e-06,cache,True,0.0,0.02860382292419672,0.028606097912415862,True
1312,000001001010,18,1.4012611517723122e-06,0.9999985987388482,cache,True,0.0,0.03203794779255986,0.0320403219666332,True
1313,100001001010,24,1.2309825574816927e-06,0.9999987690174426,cache,True,0.0,0.030360562028363347,0.03036290709860623,True
1314,010001001010,22,0.9999975544680184,2.4455319815874788e-06,cache,True,0.0,0.03157735406421125,0.031579708913341165,True
1315,110001001010,24,0.9999973807134181,2.6192865818508437e-06,cache,True,0.0,0.027519086841493845,0.027521562995389104,True
1316,001001001010,24,0.9999973803527215,2.6196472785455782e-06,cache,True,0.0,0.0272064208984375,0.027208594838157296,True
1317,101001001010,24,0.9999975536714982,2.4463285017706227e-06,cache,True,0.0,0.028156385058537126,0.02815863909199834,True
1318,011001001010,22,1.5771227406353327e-06,0.9999984228772594,cache,True,0.0,0.02678523398935795,0.02678735787048936,True
1319,111001001010,22,1.0551297019252568e-06,0.9999989448702981,cache,True,0.0,0.02647383906878531,0.026476213010028005,True
1320,000101001010,22,0.9999975549720059,2.4450279940690933e-06,cache,True,0.0,0.02667496004141867,0.026677233865484595,True
1321,100101001010,22,0.9999973806415928,2.6193584071743103e-06,cache,True,0.0,0.03242449788376689,0.03242704295553267,True
1322,010101001010,24,1.4029309219324151e-06,0.9999985970690781,cache,True,0.0,0.026211910881102085,0.02621419494971633,True
1323,110101001010,24,1.2268507040245089e-06,0.999998773149296,cache,True,0.0,0.033926262985914946,0.033928656950592995,True
1324,001101001010,22,1.5792176117539782e-06,0.9999984207823882,cache,True,0.0,0.028222132939845324,0.028224457055330276,True
1325,101101001010,24,1.0572297603086046e-06,0.9999989427702397,cache,True,0.0,0.02746914094313979,0.02747181593440473,True
1326,011101001010,26,0.9999973801341742,2.6198658258369534e-06,cache,True,0.0,0.02686790400184691,0.02687003812752664,True
1327,111101001010,24,0.9999975528766519,2.4471233480705123e-06,cache,True,0.0,0.02837017015554011,0.028372563887387514,True
1328,000011001010,20,1.5744400950452068e-06,0.9999984255599049,cache,True,0.0,0.03021852718666196,0.03022081102244556,True
1329,100011001010,24,1.4035842481142449e-06,0.9999985964157518,cache,True,0.0,0.03182246978394687,0.031824913807213306,True
1330,010011001010,22,0.9999980741441132,1.925855886764083e-06,cache,True,0.0,0.0290893348865211,0.02909168996848166,True
1331,110011001010,26,0.9999972073935263,2.7926064737338052e-06,cache,True,0.0,0.02808724995702505,0.028089514933526516,True
1332,001011001010,24,0.9999972070303635,2.792969636455922e-06,cache,True,0.0,0.028012746013700962,0.02801507106050849,True
1333,101011001010,26,0.9999980733493388,1.926650661232543e-06,cache,True,0.0,0.03249787003733218,0.032500094966962934,True
1334,011011001010,24,1.058457870119595e-06,0.9999989415421299,cache,True,0.0,0.03000922012142837,0.030011485097929835,True
1335,111011001010,22,1.9247772612152194e-06,0.9999980752227388,cache,True,0.0,0.029105106135830283,0.02910729101859033,True
1336,000111001010,22,0.9999980733494579,1.9266505421056124e-06,cache,True,0.0,0.028225077083334327,0.02822728198952973,True
1337,100111001010,24,0.9999972074636674,2.792536332618667e-06,cache,True,0.0,0.026904725935310125,0.026907070074230433,True
1338,010111001010,26,1.5762540017635769e-06,0.9999984237459982,cache,True,0.0,0.02599595207720995,0.025998006109148264,True
1339,110111001010,24,1.403365938896681e-06,0.9999985966340611,cache,True,0.0,0.027993077877908945,0.02799539198167622,True
1340,001111001010,24,1.0569406210104931e-06,0.999998943059379,cache,True,0.0,0.028181663947179914,0.028183908900246024,True
1341,101111001010,24,1.9241256500464327e-06,0.99999807587435,cache,True,0.0,0.03217974305152893,0.03218234796077013,True
1342,011111001010,26,0.9999972058027644,2.7941972355893796e-06,cache,True,0.0,0.027076459024101496,0.027078852988779545,True
1343,111111001010,26,0.9999980758810011,1.9241189989083196e-06,cache,True,0.0,0.029968550894409418,0.029970786068588495,True
1344,000000101010,18,1.402124558655757e-06,0.9999985978754413,cache,True,0.0,0.03248471487313509,0.03248869301751256,True
1345,100000101010,24,1.5786388509083233e-06,0.9999984213611491,cache,True,0.0,0.03381085814908147,0.033813994843512774,True
1346,010000101010,22,0.9999975536009927,2.4463990072609576e-06,cache,True,0.0,0.315432206960395,0.3154348519165069,True
1347,110000101010,24,0.999997728365979,2.2716340210005015e-06,cache,True,0.0,0.028474120888859034,0.02847719704732299,True
1348,001000101010,24,0.9999977297450677,2.2702549322684007e-06,cache,True,0.0,0.028588303131982684,0.028590556932613254,True
1349,101000101010,24,0.9999975542500802,2.4457499198105026e-06,cache,True,0.0,0.029018928995355964,0.029021252878010273,True
1350,011000101010,22,1.2297510352734396e-06,0.9999987702489648,cache,True,0.0,0.02612478192895651,0.026127185905352235,True
1351,111000101010,22,1.7513089062683968e-06,0.9999982486910938,cache,True,0.0,0.030103052966296673,0.030105306999757886,True
1352,000100101010,22,0.9999975558434396,2.4441565603661175e-06,cache,True,0.0,0.025310220895335078,0.02531264489516616,True
1353,100100101010,22,0.9999977285829597,2.2714170403448364e-06,cache,True,0.0,0.02492342982441187,0.024925743928179145,True
1354,010100101010,24,1.404667022537104e-06,0.9999985953329774,cache,True,0.0,0.024762608110904694,0.024765194160863757,True
1355,110100101010,24,1.5762516252863084e-06,0.9999984237483747,cache,True,0.0,0.030698769027367234,0.030701272888109088,True
1356,001100101010,22,1.2301162557777453e-06,0.9999987698837443,cache,True,0.0,0.02629942004568875,0.0263020358979702,True
1357,101100101010,24,1.7508042590289545e-06,0.999998249195741,cache,True,0.0,0.030885501066222787,0.030887835891917348,True
1358,011100101010,26,0.9999977274982318,2.272501768207924e-06,cache,True,0.0,0.02590400306507945,0.0259065181016922,True
1359,111100101010,24,0.9999975528768348,2.44712316521678e-06,cache,True,0.0,0.026185198919847608,0.026187764946371317,True
1360,000010101010,22,1.5776242911937641e-06,0.9999984223757088,cache,True,0.0,0.0328010490629822,0.03280332311987877,True
1361,100010101010,26,1.7512354292509447e-06,0.9999982487645708,cache,True,0.0,0.02961163897998631,0.0296141030266881,True
1362,010010101010,24,0.9999973823033657,2.617696634343858e-06,cache,True,0.0,0.02676969300955534,0.026772178011015058,True
1363,110010101010,28,0.9999982494875598,1.7505124402239503e-06,cache,True,0.0,0.024481331929564476,0.02448370703496039,True
1364,001010101010,26,0.9999982500005837,1.7499994162673005e-06,cache,True,0.0,0.02618910581804812,0.026192063000053167,True
1365,101010101010,28,0.9999973803494392,2.6196505608089282e-06,cache,True,0.0,0.025901989080011845,0.02590449503622949,True
1366,011010101010,26,2.09968740016804e-06,0.9999979003125998,cache,True,0.0,0.025772538036108017,0.02577521395869553,True
1367,111010101010,24,1.2312001140163134e-06,0.999998768799886,cache,True,0.0,0.027154419803991914,0.02715680398978293,True
1368,000110101010,24,0.9999973794828315,2.6205171684834383e-06,cache,True,0.0,0.0251808799803257,0.025183483958244324,True
1369,100110101010,26,0.9999982489802627,1.751019737317172e-06,cache,True,0.0,0.033844743855297565,0.03384749894030392,True
1370,010110101010,28,1.5794337709863938e-06,0.999998420566229,cache,True,0.0,0.02703399583697319,0.027036722050979733,True
1371,110110101010,26,1.7513085757801639e-06,0.9999982486914242,cache,True,0.0,0.026548113208264112,0.026550558162853122,True
1372,001110101010,26,2.0984566697937048e-06,0.9999979015433302,cache,True,0.0,0.03082228801213205,0.030824923887848854,True
1373,101110101010,26,1.230550970299639e-06,0.9999987694490297,cache,True,0.0,0.02775928401388228,0.027761568082496524,True
1374,011110101010,28,0.9999982493453574,1.7506546425849479e-06,cache,True,0.0,0.02706168103031814,0.027064155088737607,True
1375,111110101010,28,0.9999973820125093,2.6179874906828715e-06,cache,True,0.0,0.029541843105107546,0.029544509015977383,True
1376,000001101010,18,1.2294628344838685e-06,0.9999987705371656,cache,True,0.0,0.03053842787630856,0.030540871899574995,True
1377,100001101010,24,1.752027887956389e-06,0.999998247972112,cache,True,0.0,0.0266259650234133,0.026628879830241203,True
1378,010001101010,22,0.999997725546586,2.274453414052857e-06,cache,True,0.0,0.026162866037338972,0.026165249990299344,True
1379,110001101010,24,0.9999975542504408,2.445749559210064e-06,cache,True,0.0,0.02765481104142964,0.02765744598582387,True
1380,001001101010,24,0.9999975548999429,2.4451000570913095e-06,cache,True,0.0,0.03292219410650432,0.03292469889856875,True
1381,101001101010,24,0.9999977292359606,2.2707640393582196e-06,cache,True,0.0,0.02629962097853422,0.026301806094124913,True
1382,011001101010,22,1.4038704997688103e-06,0.9999985961295003,cache,True,0.0,0.02753322501666844,0.027535580098628998,True
1383,111001101010,22,1.5773332304232706e-06,0.9999984226667695,cache,True,0.0,0.025930384173989296,0.025933331111446023,True
1384,000101101010,22,0.9999977277885383,2.2722114616513522e-06,cache,True,0.0,0.027829761151224375,0.027832125080749393,True
1385,100101101010,22,0.9999975536004531,2.44639954694037e-06,cache,True,0.0,0.02899815794080496,0.02900069300085306,True
1386,010101101010,24,1.22939136861587e-06,0.9999987706086314,cache,True,0.0,0.026572480099275708,0.02657486591488123,True
1387,110101101010,24,1.7519602734904606e-06,0.9999982480397265,cache,True,0.0,0.026136555010452867,0.026138819055631757,True
1388,001101101010,22,1.4036523071593126e-06,0.9999985963476928,cache,True,0.0,0.02431856608018279,0.024321021046489477,True
1389,101101101010,24,1.576540192170164e-06,0.9999984234598078,cache,True,0.0,0.025096897035837173,0.02509924117475748,True
1390,011101101010,26,0.9999975541070873,2.4458929126502937e-06,cache,True,0.0,0.028372725006192923,0.02837499906308949,True
1391,111101101010,24,0.9999977272810052,2.272718994777989e-06,cache,True,0.0,0.029414225136861205,0.029417922953143716,True
1392,000011101010,20,1.4039419297520443e-06,0.9999985960580703,cache,True,0.0,0.04517103615216911,0.0451786199118942,True
1393,100011101010,24,1.9221705767741047e-06,0.9999980778294232,cache,True,0.0,0.02999667590484023,0.02999926102347672,True
1394,010011101010,22,0.9999975532397871,2.4467602128819266e-06,cache,True,0.0,0.02936024102382362,0.02936281613074243,True
1395,110011101010,26,0.9999980752248735,1.9247751265050184e-06,cache,True,0.0,0.026704267133027315,0.026706972159445286,True
1396,001011101010,24,0.9999980744302152,1.92556978484415e-06,cache,True,0.0,0.029166494961827993,0.029169270070269704,True
1397,101011101010,26,0.9999975537415486,2.4462584513607055e-06,cache,True,0.0,0.02740333299152553,0.027405957924202085,True
1398,011011101010,24,2.2719252960014786e-06,0.999997728074704,cache,True,0.0,0.034283526008948684,0.034285950008779764,True
1399,111011101010,22,1.0533113641003764e-06,0.9999989466886359,cache,True,0.0,0.028597459895536304,0.028599804965779185,True
1400,000111101010,22,0.9999975521530537,2.447846946251886e-06,cache,True,0.0,0.027785914950072765,0.027788239996880293,True
1401,100111101010,24,0.9999980732766055,1.926723394496399e-06,cache,True,0.0,0.04338630195707083,0.04338914784602821,True
1402,010111101010,26,1.4037242871897965e-06,0.9999985962757129,cache,True,0.0,0.03129347297362983,0.03129578707739711,True
1403,110111101010,24,1.925135911323595e-06,0.9999980748640886,cache,True,0.0,0.02610561507754028,0.026107958983629942,True
1404,001111101010,24,2.270689745850306e-06,0.9999977293102541,cache,True,0.0,0.0318379788659513,0.031840313924476504,True
1405,101111101010,24,1.0541042802756036e-06,0.9999989458957197,cache,True,0.0,0.027955545112490654,0.02795774000696838,True
1406,011111101010,26,0.9999980746465346,1.9253534654373183e-06,cache,True,0.0,0.03149254899471998,0.03149514505639672,True
1407,111111101010,26,0.9999975554053367,2.4445946632534188e-06,cache,True,0.0,0.029800846008583903,0.029803009936586022,True
1408,000000011010,16,1.5774074585907247e-06,0.9999984225925415,cache,True,0.0,0.030355501919984818,0.030357887968420982,True
1409,100000011010,22,1.0541063562266715e-06,0.9999989458936438,cache,True,0.0,0.0272068721242249,0.027208975981920958,True
1410,010000011010,18,0.9999973812211952,2.6187788048082083e-06,cache,True,0.0,0.02810155786573887,0.028103611897677183,True
1411,110000011010,20,0.9999975543942701,2.4456057299282463e-06,cache,True,0.0,0.027795664966106415,0.027798149967566133,True
1412,001000011010,22,0.9999975543226226,2.4456773773939844e-06,cache,True,0.0,0.025257908971980214,0.025260554859414697,True
1413,101000011010,22,0.9999973815776746,2.618422325406655e-06,cache,True,0.0,0.02935611200518906,0.029358527855947614,True
1414,011000011010,18,1.4048821409284096e-06,0.999998595117859,cache,True,0.0,0.02762213791720569,0.027624391950666904,True
1415,111000011010,18,1.23214014125713e-06,0.9999987678598588,cache,True,0.0,0.02835058094933629,0.028352946043014526,True
1416,000100011010,20,0.9999973810013217,2.6189986782609864e-06,cache,True,0.0,0.029107189970090985,0.029109554132446647,True
1417,100100011010,20,0.9999975544649501,2.445535049910852e-06,cache,True,0.0,0.026942058000713587,0.02694443194195628,True
1418,010100011010,20,1.5777685146419367e-06,0.9999984222314854,cache,True,0.0,0.03040568996220827,0.030408023856580257,True
1419,110100011010,20,1.0536064808248061e-06,0.9999989463935192,cache,True,0.0,0.027053985046222806,0.027056410210207105,True
1420,001100011010,20,1.4036545401671965e-06,0.9999985963454598,cache,True,0.0,0.029733815928921103,0.029736381955444813,True
1421,101100011010,22,1.2288823818980065e-06,0.9999987711176181,cache,True,0.0,0.030755399027839303,0.030757633037865162,True
1422,011100011010,22,0.9999975536725791,2.446327420857486e-06,cache,True,0.0,0.025275273015722632,0.025277386885136366,True
1423,111100011010,20,0.9999973812198425,2.6187801575039416e-06,cache,True,0.0,0.03250329103320837,0.0325054950080812,True
1424,000010011010,20,1.7502957284308403e-06,0.9999982497042715,cache,True,0.0,0.02908206102438271,0.02908440586179495,True
1425,100010011010,24,1.2278665431528757e-06,0.9999987721334569,cache,True,0.0,0.02967454120516777,0.02967690583318472,True
1426,010010011010,20,0.9999979020507188,2.097949281187894e-06,cache,True,0.0,0.029025851981714368,0.02902819705195725,True
1427,110010011010,24,0.9999973796284719,2.6203715280948003e-06,cache,True,0.0,0.02819019998423755,0.02819257485680282,True
1428,001010011010,24,0.9999973818709718,2.618129028242322e-06,cache,True,0.0,0.026716951048001647,0.026719305897131562,True
1429,101010011010,26,0.9999979006756102,2.0993243897704517e-06,cache,True,0.0,0.02678833995014429,0.026791084092110395,True
1430,011010011010,22,8.815862031659125e-07,0.9999991184137969,cache,True,0.0,0.025602538138628006,0.025605113012716174,True
1431,111010011010,20,2.0974416481760252e-06,0.9999979025583519,cache,True,0.0,0.026702141854912043,0.026705128140747547,True
1432,000110011010,22,0.9999979013967585,2.0986032415182265e-06,cache,True,0.0,0.02782208612188697,0.027824551099911332,True
1433,100110011010,24,0.9999973818715121,2.618128487896776e-06,cache,True,0.0,0.030068936990574002,0.03007159079425037,True
1434,010110011010,24,1.7481932562222017e-06,0.9999982518067437,cache,True,0.0,0.026625162921845913,0.02662775688804686,True
1435,110110011010,22,1.2286631346944962e-06,0.9999987713368653,cache,True,0.0,0.03141556913033128,0.031419206876307726,True
1436,001110011010,24,8.81081307659641e-07,0.9999991189186923,cache,True,0.0,0.030482910107821226,0.030486226081848145,True
1437,101110011010,24,2.0980956097185198e-06,0.9999979019043903,cache,True,0.0,0.026715377811342478,0.026718635112047195,True
1438,011110011010,24,0.9999973799146925,2.620085307492026e-06,cache,True,0.0,0.030462520895525813,0.030465475982055068,True
1439,111110011010,24,0.9999979021943082,2.097805691825272e-06,cache,True,0.0,0.027227982878684998,0.027230668114498258,True
1440,000001011010,20,1.4019859183892487e-06,0.9999985980140816,cache,True,0.0,0.027704819105565548,0.02770699211396277,True
1441,100001011010,26,1.2282257577320864e-06,0.9999987717742422,cache,True,0.0,0.03225867613218725,0.03226138185709715,True
1442,010001011010,22,0.999997553889686,2.446110313969463e-06,cache,True,0.0,0.034817050909623504,0.03481953591108322,True
1443,110001011010,24,0.9999973804225624,2.619577437634746e-06,cache,True,0.0,0.028973561013117433,0.028975934954360127,True
1444,001001011010,26,0.9999973790508254,2.620949174581e-06,cache,True,0.0,0.029468572000041604,0.029470925917848945,True
1445,101001011010,26,0.9999975543965572,2.4456034427577933e-06,cache,True,0.0,0.027702953899279237,0.027705148793756962,True
1446,011001011010,22,1.5785656398562065e-06,0.9999984214343601,cache,True,0.0,0.026461724890396,0.026463899994269013,True
1447,111001011010,22,1.0565731434415755e-06,0.9999989434268566,cache,True,0.0,0.03143637115135789,0.03143870481289923,True
1448,000101011010,24,0.9999975548268512,2.4451731488461803e-06,cache,True,0.0,0.031028538942337036,0.031031033024191856,True
1449,100101011010,24,0.9999973802058191,2.6197941809247283e-06,cache,True,0.0,0.02792570716701448,0.027928231982514262,True
1450,010101011010,24,1.404378935881993e-06,0.9999985956210641,cache,True,0.0,0.03145319293253124,0.03145558713003993,True
1451,110101011010,24,1.229461629940314e-06,0.99999877053837,cache,True,0.0,0.026605163933709264,0.026607438921928406,True
1452,001101011010,24,1.5761816051214244e-06,0.9999984238183949,cache,True,0.0,0.02745883003808558,0.027461095014587045,True
1453,101101011010,26,1.0565084883800127e-06,0.9999989434915116,cache,True,0.0,0.027390167117118835,0.027392633026465774,True
1454,011101011010,26,0.999997379268472,2.6207315280135646e-06,cache,True,0.0,0.028433633036911488,0.028435796964913607,True
1455,111101011010,24,0.9999975546123954,2.445387604632643e-06,cache,True,0.0,0.029155633877962828,0.029157988959923387,True
1456,000011011010,22,1.5764666415018474e-06,0.9999984235333585,cache,True,0.0,0.028036232106387615,0.028038856107741594,True
1457,100011011010,26,1.4038711322465011e-06,0.9999985961288678,cache,True,0.0,0.02807808294892311,0.02808101801201701,True
1458,010011011010,22,0.9999980763088834,1.9236911166231607e-06,cache,True,0.0,0.027994750998914242,0.027997094905003905,True
1459,110011011010,26,0.9999972075350727,2.7924649272925706e-06,cache,True,0.0,0.031001455849036574,0.031003960873931646,True
1460,001011011010,26,0.9999972084768806,2.7915231194386436e-06,cache,True,0.0,0.028696262976154685,0.028698747046291828,True
1461,101011011010,28,0.9999980762378409,1.9237621591283727e-06,cache,True,0.0,0.042482086922973394,0.04248413094319403,True
1462,011011011010,24,1.0583119350029766e-06,0.999998941688065,cache,True,0.0,0.029224537080153823,0.029227302875369787,True
1463,111011011010,22,1.924627286379905e-06,0.9999980753727136,cache,True,0.0,0.027106066001579165,0.027108551934361458,True
1464,000111011010,24,0.9999980750812828,1.9249187171999083e-06,cache,True,0.0,0.028296937001869082,0.028299221070483327,True
1465,100111011010,26,0.999997207754467,2.79224553301205e-06,cache,True,0.0,0.026468027848750353,0.026470232056453824,True
1466,010111011010,26,1.5769742425103518e-06,0.9999984230257575,cache,True,0.0,0.02894255006685853,0.02894482482224703,True
1467,110111011010,24,1.4046636254692564e-06,0.9999985953363746,cache,True,0.0,0.029936670092865825,0.02993934485130012,True
1468,001111011010,26,1.057230630601251e-06,0.9999989427693694,cache,True,0.0,0.03430283279158175,0.03430512803606689,True
1469,101111011010,26,1.925571315460088e-06,0.9999980744286845,cache,True,0.0,0.032826088136062026,0.03282844182103872,True
1470,011111011010,26,0.9999972079709635,2.792029036524646e-06,cache,True,0.0,0.028294512070715427,0.028296706965193152,True
1471,111111011010,26,0.9999980754428215,1.924557178512032e-06,cache,True,0.0,0.03041490796022117,0.03041728213429451,True
1472,000000111010,20,1.4043040422786053e-06,0.9999985956959577,cache,True,0.0,0.02732724603265524,0.027329581091180444,True
1473,100000111010,26,1.5784928519481795e-06,0.999998421507148,cache,True,0.0,0.025524707045406103,0.025526971090584993,True
1474,010000111010,22,0.9999975544683228,2.4455316771643254e-06,cache,True,0.0,0.03989985608495772,0.03990259114652872,True
1475,110000111010,24,0.9999977289458222,2.2710541778270255e-06,cache,True,0.0,0.027865050127729774,0.02786785503849387,True
1476,001000111010,26,0.9999977264150555,2.273584944534335e-06,cache,True,0.0,0.028180602006614208,0.028183036018162966,True
1477,101000111010,26,0.9999975535297098,2.4464702902404767e-06,cache,True,0.0,0.027290705125778913,0.02729296893812716,True
1478,011000111010,22,1.2297550175068328e-06,0.9999987702449825,cache,True,0.0,0.027937378967180848,0.027939633931964636,True
1479,111000111010,22,1.7501534932773581e-06,0.9999982498465068,cache,True,0.0,0.029472399037331343,0.029474862851202488,True
1480,000100111010,24,0.9999975542497149,2.4457502850738777e-06,cache,True,0.0,0.029757071053609252,0.02975935605354607,True
1481,100100111010,24,0.9999977272817906,2.2727182094062215e-06,cache,True,0.0,0.026247330009937286,0.02624993398785591,True
1482,010100111010,24,1.4046663630935814e-06,0.9999985953336369,cache,True,0.0,0.027061249129474163,0.027063573012128472,True
1483,110100111010,24,1.5762510124581436e-06,0.9999984237489875,cache,True,0.0,0.034113516099750996,0.034115710062906146,True
1484,001100111010,24,1.2273598109040751e-06,0.9999987726401891,cache,True,0.0,0.029811025829985738,0.02981499396264553,True
1485,101100111010,26,1.751526851029139e-06,0.999998248473149,cache,True,0.0,0.03133163717575371,0.031334873056039214,True
1486,011100111010,26,0.9999977274972068,2.2725027931658204e-06,cache,True,0.0,0.027860029134899378,0.02786299493163824,True
1487,111100111010,24,0.999997554901327,2.4450986729762647e-06,cache,True,0.0,0.03078004694543779,0.030782490968704224,True
1488,000010111010,24,1.5787814520167286e-06,0.999998421218548,cache,True,0.0,0.03619884280487895,0.03620117693208158,True
1489,100010111010,28,1.7506573897935826e-06,0.9999982493426102,cache,True,0.0,0.03180109919048846,0.03180328290909529,True
1490,010010111010,24,0.9999973824472589,2.617552741113194e-06,cache,True,0.0,0.031902435002848506,0.031904958887025714,True
1491,110010111010,28,0.9999982493408341,1.7506591658555948e-06,cache,True,0.0,0.027229617116972804,0.02723177010193467,True
1492,001010111010,28,0.9999982517358486,1.7482641514465769e-06,cache,True,0.0,0.027211940847337246,0.027214557165279984,True
1493,101010111010,30,0.9999973806405377,2.619359462330273e-06,cache,True,0.0,0.03196834190748632,0.031970988027751446,True
1494,011010111010,26,2.0980939888855646e-06,0.9999979019060111,cache,True,0.0,0.0268223958555609,0.02682464011013508,True
1495,111010111010,24,1.228445610726171e-06,0.9999987715543893,cache,True,0.0,0.027699178084731102,0.02770157204940915,True
1496,000110111010,26,0.9999973820853625,2.6179146375149287e-06,cache,True,0.0,0.027354327961802483,0.027356592006981373,True
1497,100110111010,28,0.9999982484014427,1.7515985573091086e-06,cache,True,0.0,0.028570848982781172,0.028573262970894575,True
1498,010110111010,28,1.5787107682275674e-06,0.9999984212892318,cache,True,0.0,0.027833638014271855,0.027840470895171165,True
1499,110110111010,26,1.75116480266837e-06,0.9999982488351973,cache,True,0.0,0.02655513701029122,0.026557211065664887,True
1500,001110111010,28,2.0967224355451825e-06,0.9999979032775644,cache,True,0.0,0.025538393994793296,0.025540557922795415,True
1501,101110111010,28,1.2311294304100603e-06,0.9999987688705696,cache,True,0.0,0.027923343004658818,0.027925486210733652,True
1502,011110111010,28,0.9999982489087971,1.7510912029283787e-06,cache,True,0.0,0.02709566685371101,0.027098130900412798,True
1503,111110111010,28,0.9999973818697055,2.6181302944516816e-06,cache,True,0.0,0.033216475043445826,0.03321880986914039,True
1504,000001111010,22,1.2311989405932123e-06,0.9999987688010594,cache,True,0.0,0.028693296015262604,0.028695571003481746,True
1505,100001111010,28,1.750871147255179e-06,0.9999982491288527,cache,True,0.0,0.02894435403868556,0.028946598060429096,True
1506,010001111010,24,0.9999977288749052,2.2711250947660133e-06,cache,True,0.0,0.02782994112931192,0.027832235908135772,True
1507,110001111010,26,0.9999975549694807,2.445030519271363e-06,cache,True,0.0,0.043535732198506594,0.04353807703591883,True
1508,001001111010,28,0.9999975534564425,2.4465435575216077e-06,cache,True,0.0,0.029641957953572273,0.02964429184794426,True
1509,101001111010,28,0.9999977280762071,2.2719237928736646e-06,cache,True,0.0,0.02937320596538484,0.029375459998846054,True
1510,011001111010,24,1.402278162102758e-06,0.9999985977218379,cache,True,0.0,0.027728463988751173,0.027730818837881088,True
1511,111001111010,24,1.577480788715808e-06,0.9999984225192113,cache,True,0.0,0.028222403023391962,0.028224807931110263,True
1512,000101111010,26,0.9999977272089408,2.2727910592434952e-06,cache,True,0.0,0.02755944593809545,0.02756192092783749,True
1513,100101111010,26,0.999997553309298,2.4466907020403994e-06,cache,True,0.0,0.030689591076225042,0.03069230611436069,True
1514,010101111010,26,1.2298268443825332e-06,0.9999987701731556,cache,True,0.0,0.04004760296083987,0.040049968054518104,True
1515,110101111010,26,1.7506580196931447e-06,0.9999982493419803,cache,True,0.0,0.03010511607863009,0.030108432983979583,True
1516,001101111010,26,1.4048089316095624e-06,0.9999985951910684,cache,True,0.0,0.03346974588930607,0.03347285301424563,True
1517,101101111010,28,1.575958834939833e-06,0.999998424041165,cache,True,0.0,0.02934398897923529,0.029347076080739498,True
1518,011101111010,28,0.9999975533817878,2.4466182122484526e-06,cache,True,0.0,0.032135366927832365,0.032137651927769184,True
1519,111101111010,26,0.9999977285841057,2.271415894261608e-06,cache,True,0.0,0.02828666800633073,0.028288942063227296,True
1520,000011111010,24,1.4049588112457311e-06,0.9999985950411887,cache,True,0.0,0.02559293992817402,0.02559564495459199,True
1521,100011111010,28,1.925498349817954e-06,0.9999980745016502,cache,True,0.0,0.027466214960440993,0.027468630112707615,True
1522,010011111010,24,0.999997554395985,2.44560401496674e-06,cache,True,0.0,0.0342857011128217,0.034288224996998906,True
1523,110011111010,28,0.9999980749378694,1.925062130592181e-06,cache,True,0.0,0.026146854972466826,0.02614943915978074,True
1524,001011111010,28,0.9999980754439654,1.9245560346492496e-06,cache,True,0.0,0.03049093601293862,0.030493239872157574,True
1525,101011111010,30,0.9999975544678118,2.4455321881999836e-06,cache,True,0.0,0.0292648458853364,0.029268563026562333,True
1526,011011111010,26,2.271345753564741e-06,0.9999977286542464,cache,True,0.0,0.02852325700223446,0.028526301961392164,True
1527,111011111010,24,1.054471730861268e-06,0.9999989455282692,cache,True,0.0,0.03219649498350918,0.03219977207481861,True
1528,000111111010,26,0.9999975543224731,2.445677526941026e-06,cache,True,0.0,0.03058661101385951,0.030589416855946183,True
1529,100111111010,28,0.999998076899583,1.923100417022816e-06,cache,True,0.0,0.02894125785678625,0.02894359198398888,True
1530,010111111010,28,1.4037250697563864e-06,0.9999985962749303,cache,True,0.0,0.0322543780785054,0.03225755412131548,True
1531,110111111010,26,1.925137233067489e-06,0.9999980748627669,cache,True,0.0,0.05427527497522533,0.05427820119075477,True
1532,001111111010,28,2.271996401070811e-06,0.999997728003599,cache,True,0.0,0.03214991488493979,0.03215261013247073,True
1533,101111111010,28,1.0560003229006711e-06,0.9999989439996771,cache,True,0.0,0.03156411787495017,0.03156692394986749,True
1534,011111111010,28,0.9999980743576067,1.925642393318938e-06,cache,True,0.0,0.029567943885922432,0.029570708982646465,True
1535,111111111010,28,0.9999975554075059,2.4445924940996733e-06,cache,True,0.0,0.028890559915453196,0.02889332501217723,True
1536,000000000110,12,1.7505150919288604e-06,0.9999982494849081,cache,True,0.0,0.031239047879353166,0.031241701915860176,True
1537,100000000110,16,1.9236898538950155e-06,0.9999980763101461,cache,True,0.0,0.02976369485259056,0.029766378924250603,True
1538,010000000110,16,0.9999979012533186,2.0987466814448297e-06,cache,True,0.0,0.029824721859768033,0.02982725785113871,True
1539,110000000110,20,0.9999980750096068,1.924990393198378e-06,cache,True,0.0,0.03186429012566805,0.03186656511388719,True
1540,001000000110,18,0.9999980746466866,1.9253533134477863e-06,cache,True,0.0,0.03288643411360681,0.03288851887919009,True
1541,101000000110,16,0.9999979007490898,2.0992509102146784e-06,cache,True,0.0,0.028120385017246008,0.028122548013925552,True
1542,011000000110,16,1.5776986766880394e-06,0.9999984223013233,cache,True,0.0,0.027960944920778275,0.02796318009495735,True
1543,111000000110,18,2.0973710069956674e-06,0.999997902628993,cache,True,0.0,0.033521056175231934,0.0335232000797987,True
1544,000100000110,18,0.9999979017588677,2.098241132286738e-06,cache,True,0.0,0.02904934692196548,0.029051641933619976,True
1545,100100000110,16,0.9999980746492714,1.9253507286265403e-06,cache,True,0.0,0.031535763991996646,0.031537998002022505,True
1546,010100000110,16,1.7510188947963007e-06,0.9999982489811052,cache,True,0.0,0.030342487152665854,0.030345262959599495,True
1547,110100000110,18,1.924486742478876e-06,0.9999980755132575,cache,True,0.0,0.032640947960317135,0.03264328185468912,True
1548,001100000110,18,1.5748701092900137e-06,0.9999984251298907,cache,True,0.0,0.030601148959249258,0.030603953870013356,True
1549,101100000110,18,2.0988927143513103e-06,0.9999979011072857,cache,True,0.0,0.03026119014248252,0.03026409517042339,True
1550,011100000110,18,0.9999980741444467,1.9258555532530863e-06,cache,True,0.0,0.033640817971900105,0.033643573988229036,True
1551,111100000110,18,0.9999979011084033,2.0988915967468103e-06,cache,True,0.0,0.03214946389198303,0.03215211001224816,True
1552,000010000110,16,2.2710550803497097e-06,0.9999977289449197,cache,True,0.0,0.0314957860391587,0.0314986112061888,True
1553,100010000110,18,1.7503678582715078e-06,0.9999982496321417,cache,True,0.0,0.028633130015805364,0.028635574970394373,True
1554,010010000110,18,0.9999973811475927,2.6188524072656705e-06,cache,True,0.0,0.028844881104305387,0.028847425943240523,True
1555,110010000110,24,0.9999975546129671,2.445387032867785e-06,cache,True,0.0,0.02947104605846107,0.02947344002313912,True
1556,001010000110,20,0.9999982492693721,1.7507306279140877e-06,cache,True,0.0,0.02780265803448856,0.02780497306957841,True
1557,101010000110,20,0.9999980750797798,1.924920220219839e-06,cache,True,0.0,0.02772843395359814,0.027730708941817284,True
1558,011010000110,20,1.4052451520896152e-06,0.9999985947548479,cache,True,0.0,0.02806147001683712,0.028063534991815686,True
1559,111010000110,20,1.2316345587230989e-06,0.9999987683654413,cache,True,0.0,0.028014207957312465,0.028016563039273024,True
1560,000110000110,20,0.9999980782701717,1.921729828269214e-06,cache,True,0.0,0.028447790071368217,0.028450134908780456,True
1561,100110000110,20,0.9999982488366065,1.7511633935152204e-06,cache,True,0.0,0.02973287389613688,0.029735058080404997,True
1562,010110000110,20,1.5789971126250882e-06,0.9999984210028874,cache,True,0.0,0.030624313978478312,0.03062682901509106,True
1563,110110000110,20,1.054258004406896e-06,0.9999989457419955,cache,True,0.0,0.030821637017652392,0.030824151821434498,True
1564,001110000110,22,2.0961445796227155e-06,0.9999979038554204,cache,True,0.0,0.026146153919398785,0.026148518081754446,True
1565,101110000110,20,1.9242676790192972e-06,0.999998075732321,cache,True,0.0,0.03081701905466616,0.030819333158433437,True
1566,011110000110,20,0.9999975544650468,2.4455349532104265e-06,cache,True,0.0,0.027915828162804246,0.027918171836063266,True
1567,111110000110,22,0.9999973820133579,2.617986642139414e-06,cache,True,0.0,0.028126326156780124,0.028128910809755325,True
1568,000001000110,18,1.5761020626728797e-06,0.9999984238979374,cache,True,0.0,0.026533726137131453,0.026536100078374147,True
1569,100001000110,22,2.0979493465959897e-06,0.9999979020506534,cache,True,0.0,0.029112039133906364,0.029115926008671522,True
1570,010001000110,22,0.9999980760919333,1.9239080667476927e-06,cache,True,0.0,0.036200076108798385,0.036203352035954595,True
1571,110001000110,26,0.9999979011829334,2.0988170665869887e-06,cache,True,0.0,0.035386245930567384,0.03538880101405084,True
1572,001001000110,24,0.9999979024135444,2.09758645564051e-06,cache,True,0.0,0.025977145181968808,0.025979841127991676,True
1573,101001000110,22,0.999998075153498,1.9248465019661154e-06,cache,True,0.0,0.028729806886985898,0.028732171980664134,True
1574,011001000110,22,1.7515240862212317e-06,0.9999982484759138,cache,True,0.0,0.029599636094644666,0.02960189012810588,True
1575,111001000110,24,1.9251366025756538e-06,0.9999980748633974,cache,True,0.0,0.02769313589669764,0.027695450000464916,True
1576,000101000110,24,0.9999980757312391,1.924268760888914e-06,cache,True,0.0,0.03219019318930805,0.03219254803843796,True
1577,100101000110,22,0.9999979037163536,2.0962836464466506e-06,cache,True,0.0,0.02590704895555973,0.025909695075824857,True
1578,010101000110,22,1.577766884916178e-06,0.9999984222331151,cache,True,0.0,0.04070199187844992,0.04070428689010441,True
1579,110101000110,24,2.0990361842194215e-06,0.9999979009638158,cache,True,0.0,0.03460773499682546,0.034610060043632984,True
1580,001101000110,24,1.7507299012844017e-06,0.9999982492700987,cache,True,0.0,0.027047483017668128,0.02705007791519165,True
1581,101101000110,24,1.9254964535694274e-06,0.9999980745035464,cache,True,0.0,0.02672377391718328,0.02672615903429687,True
1582,011101000110,24,0.9999979013255008,2.0986744991846606e-06,cache,True,0.0,0.03093051817268133,0.03093311400152743,True
1583,111101000110,24,0.9999980775510503,1.9224489496982855e-06,cache,True,0.0,0.028833918971940875,0.028836414916440845,True
1584,000011000110,20,1.400900670182184e-06,0.9999985990993299,cache,True,0.0,0.031000484945252538,0.03100305888801813,True
1585,100011000110,22,1.2274326999688166e-06,0.9999987725673001,cache,True,0.0,0.0332174370996654,0.03321958100423217,True
1586,010011000110,22,0.9999982497023775,1.7502976225047817e-06,cache,True,0.0,0.02850474091246724,0.02850681496784091,True
1587,110011000110,28,0.9999980742126329,1.925787367129672e-06,cache,True,0.0,0.027292899088934064,0.02729507302865386,True
1588,001011000110,24,0.9999973798440115,2.620155988508621e-06,cache,True,0.0,0.03278244286775589,0.032784886891022325,True
1589,101011000110,24,0.9999975549035878,2.4450964122291197e-06,cache,True,0.0,0.035221545957028866,0.03522365097887814,True
1590,011011000110,24,2.2701849731361253e-06,0.9999977298150269,cache,True,0.0,0.030656707007437944,0.030659030890092254,True
1591,111011000110,24,1.7508005546760317e-06,0.9999982491994454,cache,True,0.0,0.027783410158008337,0.027785746147856116,True
1592,000111000110,24,0.9999975564910389,2.4435089610586047e-06,cache,True,0.0,0.03235516301356256,0.032357709016650915,True
1593,100111000110,24,0.9999973795530975,2.6204469024682098e-06,cache,True,0.0,0.0289607560262084,0.028963320888578892,True
1594,010111000110,24,2.098311090180127e-06,0.9999979016889098,cache,True,0.0,0.03145588794723153,0.031458473997190595,True
1595,110111000110,24,1.9222352282994506e-06,0.9999980777647717,cache,True,0.0,0.026989139150828123,0.02699171518906951,True
1596,001111000110,26,1.5747971773029131e-06,0.9999984252028227,cache,True,0.0,0.0273987939581275,0.027401219122111797,True
1597,101111000110,24,1.0551261698192056e-06,0.9999989448738302,cache,True,0.0,0.027858967892825603,0.02786124194972217,True
1598,011111000110,24,0.9999980739237039,1.926076296121515e-06,cache,True,0.0,0.03098147688433528,0.030983902048319578,True
1599,111111000110,26,0.9999982475377283,1.7524622717424165e-06,cache,True,0.0,0.026927029015496373,0.026929403888061643,True
1600,000000100110,18,2.2734399963167682e-06,0.9999977265600036,cache,True,0.0,0.030711652943864465,0.030714208958670497,True
1601,100000100110,22,1.7505872769287445e-06,0.9999982494127231,cache,True,0.0,0.03021986992098391,0.030222554225474596,True
1602,010000100110,22,0.9999980758041469,1.9241958530979986e-06,cache,True,0.0,0.03334091603755951,0.03334374213591218,True
1603,110000100110,26,0.9999982485458476,1.7514541523766525e-06,cache,True,0.0,0.027337284991517663,0.027339850086718798,True
1604,001000100110,24,0.9999982509377795,1.7490622205018624e-06,cache,True,0.0,0.02631074283272028,0.02631348790600896,True
1605,101000100110,22,0.9999980739960426,1.9260039574309218e-06,cache,True,0.0,0.026344707934185863,0.02634712401777506,True
1606,011000100110,22,2.0974441525842178e-06,0.9999979025558474,cache,True,0.0,0.02956948708742857,0.029571902006864548,True
1607,111000100110,24,1.9254261351777552e-06,0.9999980745738648,cache,True,0.0,0.029090016847476363,0.029092641081660986,True
1608,000100100110,24,0.9999980757308166,1.9242691834397974e-06,cache,True,0.0,0.030355643015354872,0.030358627904206514,True
1609,100100100110,22,0.9999982487639114,1.7512360885874045e-06,cache,True,0.0,0.03307674406096339,0.03307907795533538,True
1610,010100100110,22,2.272211367814144e-06,0.9999977277886322,cache,True,0.0,0.038526149932295084,0.038529295939952135,True
1611,110100100110,24,1.751960155105576e-06,0.9999982480398449,cache,True,0.0,0.02701542992144823,0.027018505847081542,True
1612,001100100110,24,2.099250936420637e-06,0.9999979007490636,cache,True,0.0,0.03315970487892628,0.03316231002099812,True
1613,101100100110,24,1.925207225151677e-06,0.9999980747927748,cache,True,0.0,0.03567569795995951,0.03567826305516064,True
1614,011100100110,24,0.9999982486926275,1.751307372455102e-06,cache,True,0.0,0.028063904959708452,0.028066691011190414,True
1615,111100100110,24,0.9999980778394392,1.922160560829944e-06,cache,True,0.0,0.029626386938616633,0.02962919301353395,True
1616,000010100110,22,1.4049535770869578e-06,0.999998595046423,cache,True,0.0,0.03050565393641591,0.030508158961310983,True
1617,100010100110,24,1.5779863743941105e-06,0.9999984220136257,cache,True,0.0,0.02536850399337709,0.02537110005505383,True
1618,010010100110,24,0.999998249991902,1.7500080979893085e-06,cache,True,0.0,0.03285043500363827,0.03285300894640386,True
1619,110010100110,30,0.999998422157191,1.5778428089641139e-06,cache,True,0.0,0.03070612298324704,0.030708637787029147,True
1620,001010100110,26,0.9999977280769008,2.271923099206319e-06,cache,True,0.0,0.0275453079957515,0.027548094047233462,True
1621,101010100110,26,0.9999975540356572,2.445964342845386e-06,cache,True,0.0,0.02585928700864315,0.02586178109049797,True
1622,011010100110,26,1.9225329593161077e-06,0.9999980774670407,cache,True,0.0,0.02748597296886146,0.027488478925079107,True
1623,111010100110,26,2.4458225911586114e-06,0.9999975541774089,cache,True,0.0,0.026848867069929838,0.0268512109760195,True
1624,000110100110,26,0.9999975550474179,2.4449525820591234e-06,cache,True,0.0,0.03287505218759179,0.03287761704996228,True
1625,100110100110,26,0.9999977272086112,2.272791388757689e-06,cache,True,0.0,0.028259245213121176,0.028261699015274644,True
1626,010110100110,26,2.0968626510483553e-06,0.9999979031373489,cache,True,0.0,0.027106216875836253,0.027108571026474237,True
1627,110110100110,26,2.271053210091507e-06,0.99999772894679,cache,True,0.0,0.027242720825597644,0.027245287084951997,True
1628,001110100110,28,1.2300445181610421e-06,0.9999987699554819,cache,True,0.0,0.02933118399232626,0.02933353907428682,True
1629,101110100110,26,1.7515979271119444e-06,0.9999982484020729,cache,True,0.0,0.033337519969791174,0.03333992511034012,True
1630,011110100110,26,0.9999984230257823,1.5769742176541257e-06,cache,True,0.0,0.02941384492442012,0.029416149016469717,True
1631,111110100110,28,0.9999982484017443,1.7515982556615128e-06,cache,True,0.0,0.027892172103747725,0.02789473719894886,True
1632,000001100110,18,2.09990339063752e-06,0.9999979000966094,cache,True,0.0,0.025543433148413897,0.02554603898897767,True
1633,100001100110,22,1.9239775729229086e-06,0.9999980760224271,cache,True,0.0,0.027572672115638852,0.027575097046792507,True
1634,010001100110,22,0.9999982486221906,1.7513778094446764e-06,cache,True,0.0,0.027597429929301143,0.027600284898653626,True
1635,110001100110,26,0.9999980755922264,1.924407773579162e-06,cache,True,0.0,0.027346892980858684,0.027349327923730016,True
1636,001001100110,24,0.9999980743572151,1.925642784894599e-06,cache,True,0.0,0.02956357505172491,0.029566050972789526,True
1637,101001100110,22,0.9999982492665155,1.75073348451793e-06,cache,True,0.0,0.028090847888961434,0.028093433007597923,True
1638,011001100110,22,2.271560059113861e-06,0.9999977284399408,cache,True,0.0,0.02661329018883407,0.026615725131705403,True
1639,111001100110,24,1.7494239691767486e-06,0.9999982505760309,cache,True,0.0,0.0292460392229259,0.029248464154079556,True
1640,000101100110,24,0.9999982479705176,1.752029482382511e-06,cache,True,0.0,0.031055771047249436,0.031058266991749406,True
1641,100101100110,22,0.9999980749369358,1.9250630641787225e-06,cache,True,0.0,0.027944754110649228,0.027947538997977972,True
1642,010101100110,22,2.097805753256416e-06,0.9999979021942468,cache,True,0.0,0.026879325974732637,0.026881730882450938,True
1643,110101100110,24,1.925352499988622e-06,0.9999980746475,cache,True,0.0,0.034419569885358214,0.03442201507277787,True
1644,001101100110,24,2.271631462300696e-06,0.9999977283685377,cache,True,0.0,0.030264385975897312,0.03026691102422774,True
1645,101101100110,24,1.7506562777142617e-06,0.9999982493437223,cache,True,0.0,0.028446638025343418,0.028448942117393017,True
1646,011101100110,24,0.9999980747175488,1.9252824512427935e-06,cache,True,0.0,0.026996213011443615,0.02699873805977404,True
1647,111101100110,24,0.9999982496311822,1.7503688177766819e-06,cache,True,0.0,0.026915445923805237,0.026917850133031607,True
1648,000011100110,20,1.9257117236261224e-06,0.9999980742882764,cache,True,0.0,0.03797006094828248,0.03797231498174369,True
1649,100011100110,22,2.4459651037744898e-06,0.9999975540348962,cache,True,0.0,0.027984570944681764,0.0279868149664253,True
1650,010011100110,22,0.9999977282222332,2.271777766793548e-06,cache,True,0.0,0.02737305499613285,0.027375548845157027,True
1651,110011100110,28,0.9999975548991907,2.4451008092674087e-06,cache,True,0.0,0.02766367793083191,0.027665853034704924,True
1652,001011100110,24,0.9999982484024651,1.7515975349047253e-06,cache,True,0.0,0.029540460091084242,0.029543275944888592,True
1653,101011100110,24,0.9999984224468429,1.5775531571060597e-06,cache,True,0.0,0.028120233910158277,0.02812240901403129,True
1654,011011100110,24,1.4011861030718383e-06,0.999998598813897,cache,True,0.0,0.02685753395780921,0.02686020894907415,True
1655,111011100110,24,1.5787111927739482e-06,0.9999984212888072,cache,True,0.0,0.027912701945751905,0.027914976002648473,True
1656,000111100110,24,0.9999984244792364,1.5755207636303226e-06,cache,True,0.0,0.03273145388811827,0.03273536101914942,True
1657,100111100110,24,0.9999982473894398,1.7526105602350128e-06,cache,True,0.0,0.02940049907192588,0.029403303982689977,True
1658,010111100110,24,1.2296102524425863e-06,0.9999987703897476,cache,True,0.0,0.09026242699474096,0.090265192091465,True
1659,110111100110,24,1.7507275868738453e-06,0.9999982492724131,cache,True,0.0,0.028975714929401875,0.02897851006127894,True
1660,001111100110,26,2.0999016769483793e-06,0.999997900098323,cache,True,0.0,0.0284697029273957,0.028472116915509105,True
1661,101111100110,24,2.271923313768874e-06,0.9999977280766862,cache,True,0.0,0.0297809480689466,0.02978317206725478,True
1662,011111100110,24,0.9999975553317699,2.444668230072722e-06,cache,True,0.0,0.025533445179462433,0.02553621889092028,True
1663,111111100110,26,0.9999977296658588,2.270334141241115e-06,cache,True,0.0,0.02580613410100341,0.025808457983657718,True
1664,000000010110,16,1.7493520820285784e-06,0.9999982506479179,cache,True,0.0,0.0268473238684237,0.026849918998777866,True
1665,100000010110,20,1.9260044116836033e-06,0.9999980739955883,cache,True,0.0,0.02668663184158504,0.026688926853239536,True
1666,010000010110,18,0.9999979028446205,2.097155379465754e-06,cache,True,0.0,0.028925908030942082,0.02892830199562013,True
1667,110000010110,22,0.9999980763108994,1.9236891005691703e-06,cache,True,0.0,0.02851708489470184,0.028519799932837486,True
1668,001000010110,22,0.9999980763817621,1.9236182379200883e-06,cache,True,0.0,0.028067633043974638,0.02807008707895875,True
1669,101000010110,20,0.9999979004607029,2.0995392970846183e-06,cache,True,0.0,0.028070107800886035,0.028072330867871642,True
1670,011000010110,18,1.5792888950625904e-06,0.9999984207111049,cache,True,0.0,0.028649892890825868,0.02865244704298675,True
1671,111000010110,20,2.0989622520577295e-06,0.999997901037748,cache,True,0.0,0.03244306379929185,0.03244563890621066,True
1672,000100010110,22,0.9999979017595876,2.0982404124181286e-06,cache,True,0.0,0.02792395302094519,0.027926298091188073,True
1673,100100010110,20,0.9999980772570011,1.9227429989276956e-06,cache,True,0.0,0.035645549884065986,0.03564799390733242,True
1674,010100010110,18,1.7514537025489039e-06,0.9999982485462975,cache,True,0.0,0.027265375945717096,0.027267690049484372,True
1675,110100010110,20,1.924917626389216e-06,0.9999980750823736,cache,True,0.0,0.027732200920581818,0.027734746923670173,True
1676,001100010110,22,1.576324353531564e-06,0.9999984236756465,cache,True,0.0,0.029600437032058835,0.029602762078866363,True
1677,101100010110,22,2.0991783922677134e-06,0.9999979008216078,cache,True,0.0,0.03952064993791282,0.039523384999483824,True
1678,011100010110,20,0.9999980766019496,1.9233980503852166e-06,cache,True,0.0,0.02751577110029757,0.027518045157194138,True
1679,111100010110,20,0.9999979009652913,2.099034708713532e-06,cache,True,0.0,0.027403854066506028,0.0274061590898782,True
1680,000010010110,20,1.576757868248086e-06,0.9999984232421317,cache,True,0.0,0.029856844106689095,0.029859129106625915,True
1681,100010010110,22,1.0572305094988798e-06,0.9999989427694905,cache,True,0.0,0.03069435991346836,0.030696725007146597,True
1682,010010010110,20,0.9999980753035663,1.9246964336749883e-06,cache,True,0.0,0.029490814078599215,0.029493399895727634,True
1683,110010010110,26,0.9999982490593192,1.7509406807780792e-06,cache,True,0.0,0.029734026873484254,0.029736440861597657,True
1684,001010010110,24,0.9999975546841354,2.4453158645743045e-06,cache,True,0.0,0.02629613410681486,0.026298339013010263,True
1685,101010010110,24,0.9999973796299175,2.6203700824734e-06,cache,True,0.0,0.029630716191604733,0.029632921097800136,True
1686,011010010110,22,2.0985299404911797e-06,0.9999979014700595,cache,True,0.0,0.028578804805874825,0.028581368969753385,True
1687,111010010110,22,1.9243423916572057e-06,0.9999980756576083,cache,True,0.0,0.031518158968538046,0.03152053290978074,True
1688,000110010110,24,0.9999973810740803,2.6189259196840453e-06,cache,True,0.0,0.03193585900589824,0.0319384450558573,True
1689,100110010110,24,0.9999975559891613,2.444010838709154e-06,cache,True,0.0,0.02795953187160194,0.027962067862972617,True
1690,010110010110,22,2.271995979790639e-06,0.9999977280040202,cache,True,0.0,0.03184700710698962,0.03184983297251165,True
1691,110110010110,22,1.7472577727329602e-06,0.9999982527422273,cache,True,0.0,0.03049611486494541,0.03049862990155816,True
1692,001110010110,26,1.4053157742127236e-06,0.9999985946842258,cache,True,0.0,0.02987830713391304,0.029880711110308766,True
1693,101110010110,24,1.2305532564030388e-06,0.9999987694467436,cache,True,0.0,0.03045123815536499,0.030453883111476898,True
1694,011110010110,22,0.9999982486242066,1.751375793390686e-06,cache,True,0.0,0.029270737897604704,0.029273262014612556,True
1695,111110010110,24,0.9999980747220946,1.925277905434619e-06,cache,True,0.0,0.029735469026491046,0.029737692791968584,True
1696,000001010110,20,1.5733541900075863e-06,0.99999842664581,cache,True,0.0,0.03202531300485134,0.03202795912511647,True
1697,100001010110,24,2.0980957670976035e-06,0.9999979019042329,cache,True,0.0,0.02538951486349106,0.02539194910787046,True
1698,010001010110,22,0.9999980737782768,1.92622172323631e-06,cache,True,0.0,0.026535859098657966,0.0265380940400064,True
1699,110001010110,26,0.9999979008947895,2.099105210540131e-06,cache,True,0.0,0.030709861079230905,0.030712374951690435,True
1700,001001010110,26,0.9999979013987744,2.0986012255752584e-06,cache,True,0.0,0.03175258403643966,0.03175494913011789,True
1701,101001010110,24,0.9999980744315066,1.9255684934327277e-06,cache,True,0.0,0.02650836599059403,0.02651109197176993,True
1702,011001010110,22,1.7509438725042264e-06,0.9999982490561274,cache,True,0.0,0.02891929494217038,0.028922581812366843,True
1703,111001010110,24,1.9228189015255398e-06,0.9999980771810985,cache,True,0.0,0.026533524971455336,0.0265364998485893,True
1704,000101010110,26,0.9999980744324733,1.925567526650518e-06,cache,True,0.0,0.028925367165356874,0.028928012121468782,True
1705,100101010110,24,0.9999979003879724,2.099612027572917e-06,cache,True,0.0,0.028284412808716297,0.028287218883633614,True
1706,010101010110,22,1.576904619028894e-06,0.999998423095381,cache,True,0.0,0.026571918977424502,0.026574705028906465,True
1707,110101010110,24,2.098745570649747e-06,0.9999979012544293,cache,True,0.0,0.026561479084193707,0.026563973864540458,True
1708,001101010110,26,1.7491356472848054e-06,0.9999982508643527,cache,True,0.0,0.03268014406785369,0.032682318007573485,True
1709,101101010110,26,1.924484692378774e-06,0.9999980755153076,cache,True,0.0,0.02730802888981998,0.02731049293652177,True
1710,011101010110,24,0.9999979013279078,2.0986720922211433e-06,cache,True,0.0,0.034985399106517434,0.03498784312978387,True
1711,111101010110,24,0.9999980749383814,1.925061618557322e-06,cache,True,0.0,0.032063686987385154,0.032066161977127194,True
1712,000011010110,22,2.0976620156113124e-06,0.9999979023379844,cache,True,0.0,0.03232358209788799,0.03232600702904165,True
1713,100011010110,24,1.9247756948278132e-06,0.9999980752243052,cache,True,0.0,0.02812619600445032,0.028128541074693203,True
1714,010011010110,22,0.9999975542507701,2.445749229917915e-06,cache,True,0.0,0.027153607923537493,0.027156393975019455,True
1715,110011010110,28,0.9999973802068738,2.619793126212855e-06,cache,True,0.0,0.030343940015882254,0.030346323968842626,True
1716,001011010110,26,0.9999980734198382,1.9265801618484346e-06,cache,True,0.0,0.027492946945130825,0.02749524195678532,True
1717,101011010110,26,0.9999982487666481,1.7512333518876488e-06,cache,True,0.0,0.030329963192343712,0.030332326889038086,True
1718,011011010110,24,1.5784933632015597e-06,0.9999984215066368,cache,True,0.0,0.026634962065145373,0.02663792693056166,True
1719,111011010110,24,1.054477462111134e-06,0.9999989455225379,cache,True,0.0,0.03154459013603628,0.03154674498364329,True
1720,000111010110,26,0.9999982489087983,1.7510912017071334e-06,cache,True,0.0,0.02702318597584963,0.027025389950722456,True
1721,100111010110,26,0.9999980739993792,1.9260006207666436e-06,cache,True,0.0,0.02719141193665564,0.027193635934963822,True
1722,010111010110,24,1.4037231354630415e-06,0.9999985962768645,cache,True,0.0,0.03242970793507993,0.03243208187632263,True
1723,110111010110,24,1.2293895886618533e-06,0.9999987706104113,cache,True,0.0,0.02872787299565971,0.028730248101055622,True
1724,001111010110,28,2.2712711618637153e-06,0.9999977287288382,cache,True,0.0,0.0264397740829736,0.026442208094522357,True
1725,101111010110,26,1.7515981659024087e-06,0.999998248401834,cache,True,0.0,0.02929016505368054,0.02929267007857561,True
1726,011111010110,24,0.9999973810738974,2.6189261026487998e-06,cache,True,0.0,0.028682044940069318,0.028684418881312013,True
1727,111111010110,26,0.9999975532396703,2.4467603296773888e-06,cache,True,0.0,0.026901108911260962,0.02690351288765669,True
1728,000000110110,20,2.2718495298147436e-06,0.9999977281504702,cache,True,0.0,0.029120736056938767,0.029123160988092422,True
1729,100000110110,24,1.75130842847843e-06,0.9999982486915715,cache,True,0.0,0.028084786143153906,0.028087461134418845,True
1730,010000110110,22,0.9999980758051706,1.9241948293613476e-06,cache,True,0.0,0.027416979195550084,0.02741945395246148,True
1731,110000110110,26,0.9999982494141381,1.750585861937104e-06,cache,True,0.0,0.028456417145207524,0.028459331952035427,True
1732,001000110110,26,0.9999982516591187,1.748340881291277e-06,cache,True,0.0,0.028696834109723568,0.028699398040771484,True
1733,101000110110,24,0.999998076169363,1.9238306370183977e-06,cache,True,0.0,0.02833625301718712,0.028338819043710828,True
1734,011000110110,22,2.0980233987451883e-06,0.9999979019766012,cache,True,0.0,0.026369878090918064,0.026372051099315286,True
1735,111000110110,24,1.9248467092445656e-06,0.9999980751532908,cache,True,0.0,0.033608254976570606,0.033610458951443434,True
1736,000100110110,26,0.999998074430484,1.9255695159481334e-06,cache,True,0.0,0.028427991084754467,0.028430286096408963,True
1737,100100110110,24,0.9999982489079875,1.7510920125030083e-06,cache,True,0.0,0.03090802486985922,0.03091040998697281,True
1738,010100110110,22,2.2725002329247735e-06,0.9999977274997671,cache,True,0.0,0.029147288063541055,0.029150092974305153,True
1739,110100110110,24,1.7534057630339252e-06,0.999998246594237,cache,True,0.0,0.03580223280005157,0.035804348066449165,True
1740,001100110110,26,2.099975942594508e-06,0.9999979000240574,cache,True,0.0,0.027140442980453372,0.02714260690845549,True
1741,101100110110,26,1.9259310826646764e-06,0.9999980740689174,cache,True,0.0,0.05076132505200803,0.05076380097307265,True
1742,011100110110,24,0.9999982527522331,1.7472477669144837e-06,cache,True,0.0,0.025873383972793818,0.025875498075038195,True
1743,111100110110,24,0.9999980758027031,1.924197296943042e-06,cache,True,0.0,0.026955594075843692,0.02695782808586955,True
1744,000010110110,24,2.099396364133647e-06,0.9999979006036359,cache,True,0.0,0.02924817311577499,0.02925054798834026,True
1745,100010110110,26,2.2712721822191324e-06,0.9999977287278178,cache,True,0.0,0.03041812381707132,0.03042041789740324,True
1746,010010110110,24,0.9999975533809724,2.446619027596242e-06,cache,True,0.0,0.02650015102699399,0.026502475142478943,True
1747,110010110110,30,0.9999977281505891,2.271849410928617e-06,cache,True,0.0,0.029477658914402127,0.0294809159822762,True
1748,001010110110,28,0.9999984233930508,1.5766069492162416e-06,cache,True,0.0,0.02766957995481789,0.027672264957800508,True
1749,101010110110,28,0.9999982496360331,1.7503639668792204e-06,cache,True,0.0,0.026484780944883823,0.02648755512200296,True
1750,011010110110,26,1.2308384562507576e-06,0.9999987691615437,cache,True,0.0,0.028985914075747132,0.028988869860768318,True
1751,111010110110,26,1.752392644632688e-06,0.9999982476073553,cache,True,0.0,0.026522133965045214,0.02652460802346468,True
1752,000110110110,28,0.9999982486223441,1.751377655900832e-06,cache,True,0.0,0.028810313902795315,0.02881310903467238,True
1753,100110110110,28,0.999998421652122,1.5783478779507476e-06,cache,True,0.0,0.027214525965973735,0.02721666102297604,True
1754,010110110110,26,1.4034401751033676e-06,0.9999985965598249,cache,True,0.0,0.02980782021768391,0.029810193926095963,True
1755,110110110110,26,1.5787833753704477e-06,0.9999984212166246,cache,True,0.0,0.03307361784391105,0.03307595197111368,True
1756,001110110110,30,1.9241962166352565e-06,0.9999980758037834,cache,True,0.0,0.02716371789574623,0.02716627297922969,True
1757,101110110110,28,2.4451726664344174e-06,0.9999975548273335,cache,True,0.0,0.025416497141122818,0.025418891105800867,True
1758,011110110110,26,0.9999977295945112,2.270405488835614e-06,cache,True,0.0,0.027397722005844116,0.02739998698234558,True
1759,111110110110,28,0.9999975535252197,2.446474780315455e-06,cache,True,0.0,0.026812687050551176,0.02681525214575231,True
1760,000001110110,22,2.0975874479757247e-06,0.999997902412552,cache,True,0.0,0.025648456998169422,0.02565075200982392,True
1761,100001110110,26,1.9245569957902162e-06,0.9999980754430042,cache,True,0.0,0.02626287005841732,0.026265274034813046,True
1762,010001110110,24,0.9999982484769129,1.7515230871234522e-06,cache,True,0.0,0.027144280960783362,0.027146805077791214,True
1763,110001110110,28,0.9999980751594626,1.924840537403938e-06,cache,True,0.0,0.02951131504960358,0.0295138091314584,True
1764,001001110110,28,0.9999980749378979,1.9250621020594494e-06,cache,True,0.0,0.026970834005624056,0.026972916908562183,True
1765,101001110110,26,0.9999982478240993,1.7521759007044224e-06,cache,True,0.0,0.026911368826404214,0.026913852896541357,True
1766,011001110110,24,2.2719931228059216e-06,0.9999977280068771,cache,True,0.0,0.03515576897189021,0.035158463986590505,True
1767,111001110110,26,1.7504392845617448e-06,0.9999982495607155,cache,True,0.0,0.026684727985411882,0.026687373872846365,True
1768,000101110110,28,0.9999982473896499,1.7526103500697943e-06,cache,True,0.0,0.0305768430698663,0.030579087091609836,True
1769,100101110110,26,0.9999980746481316,1.9253518683814974e-06,cache,True,0.0,0.025940454099327326,0.02594294911250472,True
1770,010101110110,24,2.0970847263894116e-06,0.9999979029152736,cache,True,0.0,0.03391874814406037,0.033921081805601716,True
1771,110101110110,26,1.925207826134389e-06,0.9999980747921738,cache,True,0.0,0.02992113004438579,0.02992349397391081,True
1772,001101110110,28,2.273082066270602e-06,0.9999977269179338,cache,True,0.0,0.03370404103770852,0.03370676701888442,True
1773,101101110110,28,1.7503691482417058e-06,0.9999982496308517,cache,True,0.0,0.03458858886733651,0.03459095302969217,True
1774,011101110110,26,0.9999980748627695,1.925137230518459e-06,cache,True,0.0,0.05041494290344417,0.0504173981025815,True
1775,111101110110,26,0.9999982494863838,1.750513616172178e-06,cache,True,0.0,0.029434564989060163,0.029436880024150014,True
1776,000011110110,24,1.2279350522556062e-06,0.9999987720649477,cache,True,0.0,0.02688402496278286,0.026886420091614127,True
1777,100011110110,26,1.7510876780168289e-06,0.999998248912322,cache,True,0.0,0.04117291700094938,0.04117520106956363,True
1778,010011110110,24,0.9999984217969783,1.578203021712632e-06,cache,True,0.0,0.02824609912931919,0.028248483082279563,True
1779,110011110110,30,0.9999982476070218,1.7523929781715353e-06,cache,True,0.0,0.032962121069431305,0.03296469710767269,True
1780,001011110110,28,0.9999975549714956,2.4450285044386177e-06,cache,True,0.0,0.02652597101405263,0.02652812493033707,True
1781,101011110110,28,0.9999977281482422,2.2718517578290687e-06,cache,True,0.0,0.026086407946422696,0.026088852202519774,True
1782,011011110110,26,2.097950215634412e-06,0.9999979020497843,cache,True,0.0,0.03154819714836776,0.03155039111152291,True
1783,111011110110,26,2.2719958012203848e-06,0.9999977280041987,cache,True,0.0,0.02855374594219029,0.02855657204054296,True
1784,000111110110,28,0.9999977278590749,2.2721409250747726e-06,cache,True,0.0,0.02609356213361025,0.02609591605141759,True
1785,100111110110,28,0.9999975539584579,2.446041542092381e-06,cache,True,0.0,0.02658314094878733,0.02658572606742382,True
1786,010111110110,26,1.9249212749988143e-06,0.999998075078725,cache,True,0.0,0.025645711924880743,0.025647965958341956,True
1787,110111110110,26,2.4443016048080257e-06,0.9999975556983952,cache,True,0.0,0.026395987952128053,0.026398363057523966,True
1788,001111110110,30,1.4056036776813404e-06,0.9999985943963223,cache,True,0.0,0.03184309904463589,0.031845474150031805,True
1789,101111110110,28,1.5776248913403257e-06,0.9999984223751086,cache,True,0.0,0.03134758793748915,0.031350163044407964,True
1790,011111110110,26,0.9999982471737197,1.7528262803434558e-06,cache,True,0.0,0.032045643078163266,0.032050192123278975,True
1791,111111110110,28,0.9999984223747107,1.5776252892951703e-06,cache,True,0.0,0.02616741508245468,0.026170951081439853,True
1792,000000001110,18,2.4441603044004092e-06,0.9999975558396956,cache,True,0.0,0.02934084297157824,0.029343218076974154,True
1793,100000001110,22,1.924340043609037e-06,0.9999980756599564,cache,True,0.0,0.033238067058846354,0.03324092202819884,True
1794,010000001110,20,0.9999985953355652,1.4046644347676107e-06,cache,True,0.0,0.027156072901561856,0.02715911902487278,True
1795,110000001110,24,0.9999980760945486,1.9239054513953135e-06,cache,True,0.0,0.029999632155522704,0.030002097133547068,True
1796,001000001110,24,0.9999987693054668,1.2306945331719277e-06,cache,True,0.0,0.03202851000241935,0.03203088394366205,True
1797,101000001110,22,0.9999979024097204,2.0975902795816737e-06,cache,True,0.0,0.026700688991695642,0.026703034061938524,True
1798,011000001110,20,2.2725003261554902e-06,0.9999977274996739,cache,True,0.0,0.026106507051736116,0.026108990889042616,True
1799,111000001110,22,2.0997554953765885e-06,0.9999979002445046,cache,True,0.0,0.02810326195321977,0.02810558583587408,True
1800,000100001110,22,0.9999979002419467,2.0997580533199667e-06,cache,True,0.0,0.02697772695682943,0.026979841059073806,True
1801,100100001110,20,0.9999987684409672,1.2315590327549586e-06,cache,True,0.0,0.028669781051576138,0.028672015061601996,True
1802,010100001110,22,1.7496427886199273e-06,0.9999982503572113,cache,True,0.0,0.027307637967169285,0.027309812139719725,True
1803,110100001110,24,2.6184217921549495e-06,0.9999973815782078,cache,True,0.0,0.029466737061738968,0.029469051863998175,True
1804,001100001110,22,1.576971168022152e-06,0.999998423028832,cache,True,0.0,0.02982247807085514,0.02982475282624364,True
1805,101100001110,22,2.7934030892987505e-06,0.9999972065969107,cache,True,0.0,0.028112699976190925,0.028115325141698122,True
1806,011100001110,24,0.9999980755175382,1.9244824618347423e-06,cache,True,0.0,0.028047143016010523,0.028049336979165673,True
1807,111100001110,24,0.9999985943206718,1.4056793281591595e-06,cache,True,0.0,0.028792909113690257,0.028795544989407063,True
1808,000010001110,22,2.2714155046287317e-06,0.9999977285844954,cache,True,0.0,0.0263431160710752,0.0263456201646477,True
1809,100010001110,24,1.7501523503737253e-06,0.9999982498476496,cache,True,0.0,0.030790155986323953,0.03079242119565606,True
1810,010010001110,22,0.999998073491391,1.9265086089736982e-06,cache,True,0.0,0.03851551911793649,0.038517724024131894,True
1811,110010001110,28,0.9999982481168191,1.751883180856062e-06,cache,True,0.0,0.026597929885610938,0.026600424898788333,True
1812,001010001110,26,0.9999982489083438,1.7510916562324397e-06,cache,True,0.0,0.028492567129433155,0.028494611149653792,True
1813,101010001110,26,0.9999980758750673,1.9241249327173193e-06,cache,True,0.0,0.028643098892644048,0.028645613929256797,True
1814,011010001110,24,2.099466839791172e-06,0.9999979005331602,cache,True,0.0,0.027239174116402864,0.027241398114711046,True
1815,111010001110,24,1.9246973914140046e-06,0.9999980753026085,cache,True,0.0,0.02715285704471171,0.027155051939189434,True
1816,000110001110,24,0.9999980752977558,1.9247022442492323e-06,cache,True,0.0,0.026843596948310733,0.026845921063795686,True
1817,100110001110,24,0.9999982487652977,1.7512347022519137e-06,cache,True,0.0,0.031088114017620683,0.031090389005839825,True
1818,010110001110,26,2.2723554440999336e-06,0.9999977276445559,cache,True,0.0,0.034271984128281474,0.03427410707809031,True
1819,110110001110,26,1.747614166560614e-06,0.9999982523858334,cache,True,0.0,0.02740257093682885,0.027404805878177285,True
1820,001110001110,26,2.0979517492029384e-06,0.9999979020482508,cache,True,0.0,0.025073561817407608,0.02507578581571579,True
1821,101110001110,24,1.923179543273205e-06,0.9999980768204567,cache,True,0.0,0.027771436842158437,0.02777401194907725,True
1822,011110001110,26,0.9999982488353766,1.7511646234202871e-06,cache,True,0.0,0.0277531819883734,0.027755596907809377,True
1823,111110001110,28,0.9999980746487896,1.9253512103523107e-06,cache,True,0.0,0.02931259898468852,0.029314702842384577,True
1824,000001001110,24,1.5755919012341402e-06,0.9999984244080987,cache,True,0.0,0.02710219891741872,0.0271044229157269,True
1825,100001001110,28,2.793043544623253e-06,0.9999972069564553,cache,True,0.0,0.03141036909073591,0.03141254396177828,True
1826,010001001110,26,0.999998075729704,1.9242702959942903e-06,cache,True,0.0,0.033285590121522546,0.033288144040852785,True
1827,110001001110,30,0.9999985952629531,1.4047370469061349e-06,cache,True,0.0,0.038235194981098175,0.03823753981851041,True
1828,001001001110,30,0.999997902337785,2.0976622150392643e-06,cache,True,0.0,0.029278242029249668,0.02928043599240482,True
1829,101001001110,28,0.9999987695241918,1.2304758082448686e-06,cache,True,0.0,0.025405715918168426,0.025407890090718865,True
1830,011001001110,26,1.7524616411062692e-06,0.9999982475383589,cache,True,0.0,0.04242894402705133,0.042431488865986466,True
1831,111001001110,28,2.6199393962793496e-06,0.9999973800606037,cache,True,0.0,0.027489359956234694,0.027491613989695907,True
1832,000101001110,28,0.9999987680756407,1.2319243593017504e-06,cache,True,0.0,0.0280157420784235,0.028018177021294832,True
1833,100101001110,26,0.9999979021956322,2.0978043677732927e-06,cache,True,0.0,0.027273119892925024,0.027275374857708812,True
1834,010101001110,28,2.2711273889174095e-06,0.9999977288726111,cache,True,0.0,0.03115215594880283,0.031154762022197247,True
1835,110101001110,30,2.098529277145621e-06,0.9999979014707229,cache,True,0.0,0.03402236686088145,0.03402466094121337,True
1836,001101001110,28,2.446113325551942e-06,0.9999975538866744,cache,True,0.0,0.026451583951711655,0.026454159058630466,True
1837,101101001110,28,1.9252784178077077e-06,0.9999980747215822,cache,True,0.0,0.029645251110196114,0.02964819804765284,True
1838,011101001110,30,0.9999985956937905,1.4043062095403513e-06,cache,True,0.0,0.031824681209400296,0.031827216036617756,True
1839,111101001110,30,0.9999980757318097,1.924268190345302e-06,cache,True,0.0,0.029645711882039905,0.02964784693904221,True
1840,000011001110,26,2.0968627364053202e-06,0.9999979031372636,cache,True,0.0,0.03403353784233332,0.03403739514760673,True
1841,100011001110,28,1.9236908723255463e-06,0.9999980763091276,cache,True,0.0,0.027099902043119073,0.02710299799218774,True
1842,010011001110,26,0.999998248475407,1.7515245930299628e-06,cache,True,0.0,0.026979688089340925,0.02698264387436211,True
1843,110011001110,32,0.9999980750095484,1.924990451596109e-06,cache,True,0.0,0.029704607091844082,0.029707751935347915,True
1844,001011001110,30,0.9999980756621321,1.9243378679423273e-06,cache,True,0.0,0.032784062903374434,0.0327864580322057,True
1845,101011001110,30,0.9999982515943442,1.7484056558103589e-06,cache,True,0.0,0.029842363903298974,0.029844659147784114,True
1846,011011001110,28,2.2725734439072176e-06,0.9999977274265561,cache,True,0.0,0.030578052159398794,0.03058032621629536,True
1847,111011001110,28,1.7517426286288012e-06,0.9999982482573714,cache,True,0.0,0.02726720692589879,0.027269610902294517,True
1848,000111001110,28,0.9999982488362197,1.7511637803169222e-06,cache,True,0.0,0.0296332489233464,0.029635732993483543,True
1849,100111001110,28,0.9999980745026741,1.9254973259164032e-06,cache,True,0.0,0.029369245981797576,0.02937171095982194,True
1850,010111001110,30,2.0989606830921935e-06,0.999997901039317,cache,True,0.0,0.027665578993037343,0.027667994843795896,True
1851,110111001110,30,1.923762638022949e-06,0.999998076237362,cache,True,0.0,0.027515328023582697,0.02751767309382558,True
1852,001111001110,30,2.272502099908062e-06,0.9999977274979001,cache,True,0.0,0.02974044601432979,0.029742941027507186,True
1853,101111001110,28,1.750804919935741e-06,0.9999982491950801,cache,True,0.0,0.026515789097175002,0.026518262922763824,True
1854,011111001110,30,0.9999980750111737,1.9249888263406234e-06,cache,True,0.0,0.025416434975340962,0.02541876886971295,True
1855,111111001110,32,0.9999982489067207,1.7510932792674794e-06,cache,True,0.0,0.0295183549169451,0.029520860873162746,True
1856,000000101110,24,2.9656402012155644e-06,0.9999970343597988,cache,True,0.0,0.03689138381741941,0.03689403901807964,True
1857,100000101110,28,1.7515270046716766e-06,0.9999982484729953,cache,True,0.0,0.02893570391461253,0.028938119998201728,True
1858,010000101110,26,0.9999987698885102,1.2301114897805832e-06,cache,True,0.0,0.026415644213557243,0.02641802909784019,True
1859,110000101110,30,0.9999982502138886,1.7497861114490476e-06,cache,True,0.0,0.03030254691839218,0.030305171851068735,True
1860,001000101110,30,0.9999989455990389,1.0544009610979899e-06,cache,True,0.0,0.025622796034440398,0.025625200010836124,True
1861,101000101110,28,0.9999980739250826,1.926074917446563e-06,cache,True,0.0,0.02660577278584242,0.026607966981828213,True
1862,011000101110,26,2.7919573577334496e-06,0.9999972080426422,cache,True,0.0,0.027692171977832913,0.027694546151906252,True
1863,111000101110,28,1.924630718400559e-06,0.9999980753692816,cache,True,0.0,0.0365364751778543,0.03653884003870189,True
1864,000100101110,28,0.9999980756590192,1.9243409807856438e-06,cache,True,0.0,0.03344166884198785,0.033444504952058196,True
1865,100100101110,26,0.999998942265713,1.0577342870465856e-06,cache,True,0.0,0.027280522044748068,0.02728304802440107,True
1866,010100101110,28,2.2725717914660552e-06,0.9999977274282086,cache,True,0.0,0.029796304879710078,0.02979882899671793,True
1867,110100101110,30,2.4447388222748496e-06,0.9999975552611777,cache,True,0.0,0.033049849094823,0.033052384154871106,True
1868,001100101110,28,2.098456370103658e-06,0.9999979015436299,cache,True,0.0,0.0276402710005641,0.02764272503554821,True
1869,101100101110,28,2.618564711488058e-06,0.9999973814352885,cache,True,0.0,0.030710127903148532,0.030712723033502698,True
1870,011100101110,30,0.9999982480426178,1.7519573821678236e-06,cache,True,0.0,0.027391738025471568,0.027394192991778255,True
1871,111100101110,30,0.9999987695960811,1.2304039188615334e-06,cache,True,0.0,0.029516482027247548,0.029518855968490243,True
1872,000010101110,28,2.0988915100167927e-06,0.99999790110849,cache,True,0.0,0.03078527399338782,0.030787628842517734,True
1873,100010101110,30,2.2730788156705145e-06,0.9999977269211844,cache,True,0.0,0.029329558834433556,0.02933228388428688,True
1874,010010101110,28,0.9999982496317806,1.7503682193664716e-06,cache,True,0.0,0.028229292947798967,0.028231477830559015,True
1875,110010101110,34,0.999998424697219,1.5753027809983777e-06,cache,True,0.0,0.02947964984923601,0.029482003999873996,True
1876,001010101110,32,0.9999984233181286,1.576681871395813e-06,cache,True,0.0,0.029339747969061136,0.029342224122956395,True
1877,101010101110,32,0.9999982498543712,1.750145628753863e-06,cache,True,0.0,0.03256272408179939,0.03256541909649968,True
1878,011010101110,30,1.9243422419863815e-06,0.999998075657758,cache,True,0.0,0.030211519915610552,0.030214736005291343,True
1879,111010101110,30,2.4458932435224744e-06,0.9999975541067565,cache,True,0.0,0.02668205089867115,0.026684705866500735,True
1880,000110101110,30,0.9999982485465077,1.7514534923490643e-06,cache,True,0.0,0.029284722171723843,0.02928751800209284,True
1881,100110101110,30,0.9999984218677508,1.5781322492136596e-06,cache,True,0.0,0.03269957914017141,0.032702354015782475,True
1882,010110101110,32,2.0992519604255e-06,0.9999979007480396,cache,True,0.0,0.02862302795983851,0.02862545312382281,True
1883,110110101110,32,2.2717046116915237e-06,0.9999977282953884,cache,True,0.0,0.03426970588043332,0.03427219088189304,True
1884,001110101110,32,1.924557301333311e-06,0.9999980754426987,cache,True,0.0,0.029309279983863235,0.029311844147741795,True
1885,101110101110,30,2.4461114303485997e-06,0.9999975538885697,cache,True,0.0,0.03293192107230425,0.03293610783293843,True
1886,011110101110,32,0.9999984232413519,1.576758648091925e-06,cache,True,0.0,0.02925828006118536,0.029261757154017687,True
1887,111110101110,34,0.999998249777007,1.7502229929799995e-06,cache,True,0.0,0.027650519972667098,0.027653445955365896,True
1888,000001101110,24,2.0991075587380474e-06,0.9999979008924412,cache,True,0.0,0.02757481299340725,0.027577618835493922,True
1889,100001101110,28,2.6199407267331327e-06,0.9999973800592733,cache,True,0.0,0.036782321985810995,0.03678486798889935,True
1890,010001101110,26,0.9999982494163343,1.7505836656939167e-06,cache,True,0.0,0.03001899691298604,0.030022033024579287,True
1891,110001101110,30,0.9999987719962855,1.2280037144929423e-06,cache,True,0.0,0.02623473317362368,0.026237318059429526,True
1892,001001101110,30,0.9999980754456513,1.9245543486645644e-06,cache,True,0.0,0.03528283187188208,0.035285607911646366,True
1893,101001101110,28,0.9999989448066183,1.055193381671593e-06,cache,True,0.0,0.029096085811033845,0.02909854077734053,True
1894,011001101110,26,2.2733668118124068e-06,0.9999977266331882,cache,True,0.0,0.02878301916643977,0.028785323025658727,True
1895,111001101110,28,2.4451006627826997e-06,0.9999975548993372,cache,True,0.0,0.031611356884241104,0.0316138518974185,True
1896,000101101110,28,0.9999989423375425,1.0576624575042715e-06,cache,True,0.0,0.026400814997032285,0.026403050171211362,True
1897,100101101110,26,0.99999807544162,1.924558379995389e-06,cache,True,0.0,0.029562371084466577,0.02956480602733791,True
1898,010101101110,28,2.7923202200861094e-06,0.99999720767978,cache,True,0.0,0.03052840498276055,0.030530971009284258,True
1899,110101101110,30,1.9260032970740636e-06,0.9999980739967029,cache,True,0.0,0.030394556000828743,0.030396949965506792,True
1900,001101101110,28,2.9670173516037567e-06,0.9999970329826484,cache,True,0.0,0.027590604033321142,0.027593188919126987,True
1901,101101101110,28,1.751597265665144e-06,0.9999982484027343,cache,True,0.0,0.026672221953049302,0.026674556080251932,True
1902,011101101110,30,0.9999987687998014,1.2312001985703702e-06,cache,True,0.0,0.0265304169151932,0.0265327210072428,True
1903,111101101110,30,0.9999982486892269,1.7513107730682265e-06,cache,True,0.0,0.025581374997273088,0.025583840208128095,True
1904,000011101110,26,1.925206743041603e-06,0.999998074793257,cache,True,0.0,0.026040787110105157,0.026043141027912498,True
1905,100011101110,28,2.445747906880118e-06,0.9999975542520931,cache,True,0.0,0.029716760152950883,0.029719115002080798,True
1906,010011101110,26,0.9999984220145941,1.5779854058983744e-06,cache,True,0.0,0.028146392200142145,0.028149257879704237,True
1907,110011101110,32,0.9999982495579126,1.7504420873892812e-06,cache,True,0.0,0.026764059904962778,0.026766255032271147,True
1908,001011101110,30,0.999998247464425,1.7525355749947735e-06,cache,True,0.0,0.03429189883172512,0.034294273937121034,True
1909,101011101110,30,0.9999984223723993,1.5776276006684853e-06,cache,True,0.0,0.027621323941275477,0.027624690905213356,True
1910,011011101110,28,2.096573509938587e-06,0.9999979034264901,cache,True,0.0,0.026634759036824107,0.026637113885954022,True
1911,111011101110,28,2.271489137797167e-06,0.9999977285108622,cache,True,0.0,0.0266876220703125,0.026689996011555195,True
1912,000111101110,28,0.999998422662774,1.577337226055242e-06,cache,True,0.0,0.028156162006780505,0.028158506145700812,True
1913,100111101110,28,0.999998247028775,1.7529712249553242e-06,cache,True,0.0,0.026494607096537948,0.02649701200425625,True
1914,010111101110,30,1.925280129894228e-06,0.9999980747198701,cache,True,0.0,0.02873859298415482,0.028740996960550547,True
1915,110111101110,30,2.444953849778406e-06,0.9999975550461502,cache,True,0.0,0.0340146420057863,0.03401700593531132,True
1916,001111101110,30,2.099686290318457e-06,0.9999979003137097,cache,True,0.0,0.02633822290226817,0.026341139106079936,True
1917,101111101110,28,2.2708337309957682e-06,0.9999977291662691,cache,True,0.0,0.02862603310495615,0.028628998901695013,True
1918,011111101110,30,0.9999982482571572,1.7517428427815673e-06,cache,True,0.0,0.026207730174064636,0.026210025185719132,True
1919,111111101110,32,0.9999984228798741,1.5771201259395795e-06,cache,True,0.0,0.04925174196250737,0.04925415595062077,True
1920,000000011110,22,2.445457619966322e-06,0.99999755454238,cache,True,0.0,0.02878904901444912,0.028791585005819798,True
1921,100000011110,26,1.9250631811011986e-06,0.9999980749368189,cache,True,0.0,0.026524515822529793,0.02652717987075448,True
1922,010000011110,22,0.9999985970670899,1.4029329100662125e-06,cache,True,0.0,0.026180286891758442,0.026182861998677254,True
1923,110000011110,26,0.9999980763833612,1.9236166387548437e-06,cache,True,0.0,0.029531771084293723,0.029534025117754936,True
1924,001000011110,28,0.9999987697391901,1.230260809892414e-06,cache,True,0.0,0.03692946792580187,0.03693207283504307,True
1925,101000011110,26,0.9999979031373183,2.0968626817108316e-06,cache,True,0.0,0.03215542295947671,0.03215801785700023,True
1926,011000011110,22,2.2733681346014878e-06,0.9999977266318654,cache,True,0.0,0.02870731195434928,0.02870969590730965,True
1927,111000011110,24,2.0988895553771353e-06,0.9999979011104446,cache,True,0.0,0.026935453061014414,0.026938047958537936,True
1928,000100011110,26,0.9999979006746454,2.09932535455426e-06,cache,True,0.0,0.028910004999488592,0.028912910958752036,True
1929,100100011110,24,0.9999987697384091,1.2302615909343118e-06,cache,True,0.0,0.028945452999323606,0.02894775802269578,True
1930,010100011110,24,1.7510906939396982e-06,0.9999982489093061,cache,True,0.0,0.029860890936106443,0.02986428700387478,True
1931,110100011110,26,2.6187101683617958e-06,0.9999973812898316,cache,True,0.0,0.026258690049871802,0.026261864928528666,True
1932,001100011110,26,1.5768320392002432e-06,0.9999984231679608,cache,True,0.0,0.027563881827518344,0.027566648088395596,True
1933,101100011110,26,2.7920993851733704e-06,0.9999972079006149,cache,True,0.0,0.02933368692174554,0.029336341889575124,True
1934,011100011110,26,0.9999980763838437,1.923616156251917e-06,cache,True,0.0,0.02826068503782153,0.028263248968869448,True
1935,111100011110,26,0.9999985954773506,1.4045226494063812e-06,cache,True,0.0,0.029342633904889226,0.029345029033720493,True
1936,000010011110,26,2.272861291632509e-06,0.9999977271387084,cache,True,0.0,0.04132705205120146,0.041329416912049055,True
1937,100010011110,28,1.7515992776333281e-06,0.9999982484007224,cache,True,0.0,0.028818045975640416,0.028820361010730267,True
1938,010010011110,24,0.9999980756584487,1.924341551329256e-06,cache,True,0.0,0.029942086897790432,0.02994465292431414,True
1939,110010011110,30,0.999998248842845,1.7511571549500005e-06,cache,True,0.0,0.027633606921881437,0.027635921956971288,True
1940,001010011110,30,0.9999982486201987,1.7513798012958048e-06,cache,True,0.0,0.027412217808887362,0.02741474285721779,True
1941,101010011110,30,0.9999980752972726,1.9247027274182926e-06,cache,True,0.0,0.03181374887935817,0.031815933994948864,True
1942,011010011110,26,2.097590094668752e-06,0.9999979024099054,cache,True,0.0,0.030265434877946973,0.030268150148913264,True
1943,111010011110,26,1.924558865421306e-06,0.9999980754411346,cache,True,0.0,0.030648268992081285,0.030650982866063714,True
1944,000110011110,28,0.9999980741431801,1.925856819906535e-06,cache,True,0.0,0.03606832702644169,0.036070821108296514,True
1945,100110011110,28,0.9999982484742642,1.751525735782522e-06,cache,True,0.0,0.0298505499958992,0.029853105079382658,True
1946,010110011110,28,2.2719167161283935e-06,0.9999977280832839,cache,True,0.0,0.028366539860144258,0.02836944512091577,True
1947,110110011110,28,1.750078886482086e-06,0.9999982499211135,cache,True,0.0,0.030053243041038513,0.030055687995627522,True
1948,001110011110,30,2.0988170905190907e-06,0.9999979011829094,cache,True,0.0,0.02725156582891941,0.027254390995949507,True
1949,101110011110,28,1.924051930615202e-06,0.9999980759480693,cache,True,0.0,0.02649339521303773,0.026496010133996606,True
1950,011110011110,28,0.9999982492660329,1.750733967131879e-06,cache,True,0.0,0.027477674884721637,0.02747999900020659,True
1951,111110011110,30,0.9999980759533459,1.9240466541114998e-06,cache,True,0.0,0.028485520975664258,0.028487795032560825,True
1952,000001011110,26,1.5747258975479384e-06,0.9999984252741024,cache,True,0.0,0.02824716898612678,0.028249413007870317,True
1953,100001011110,30,2.7915961225632598e-06,0.9999972084038774,cache,True,0.0,0.03734008502215147,0.03734270017594099,True
1954,010001011110,26,0.999998076454341,1.9235456589772326e-06,cache,True,0.0,0.026946343947201967,0.026948828948661685,True
1955,110001011110,30,0.9999985985962774,1.4014037226228737e-06,cache,True,0.0,0.034626379143446684,0.03462884319014847,True
1956,001001011110,32,0.9999979023383834,2.097661616629054e-06,cache,True,0.0,0.02901901607401669,0.029021161142736673,True
1957,101001011110,30,0.9999987692349043,1.230765095727726e-06,cache,True,0.0,0.03582650702446699,0.03582898201420903,True
1958,011001011110,26,1.7523197971228537e-06,0.9999982476802028,cache,True,0.0,0.02699860488064587,0.027001220965757966,True
1959,111001011110,28,2.6192166183054996e-06,0.9999973807833817,cache,True,0.0,0.026725183939561248,0.026727729942649603,True
1960,000101011110,30,0.9999987683657693,1.2316342307139294e-06,cache,True,0.0,0.03350971103645861,0.03351237694732845,True
1961,100101011110,28,0.9999979027708398,2.0972291602250337e-06,cache,True,0.0,0.02570844115689397,0.02571115712635219,True
1962,010101011110,28,2.271272904008081e-06,0.999997728727096,cache,True,0.0,0.02931953896768391,0.02932205516844988,True
1963,110101011110,30,2.09867413606769e-06,0.999997901325864,cache,True,0.0,0.028163566952571273,0.028166310861706734,True
1964,001101011110,30,2.4446639882558525e-06,0.9999975553360118,cache,True,0.0,0.029256977839395404,0.029259674018248916,True
1965,101101011110,30,1.9249915944356744e-06,0.9999980750084055,cache,True,0.0,0.028077478986233473,0.028080094838514924,True
1966,011101011110,30,0.9999985946829915,1.4053170085404076e-06,cache,True,0.0,0.03170767379924655,0.03171006892807782,True
1967,111101011110,30,0.999998076742428,1.9232575719785316e-06,cache,True,0.0,0.03274860489182174,0.032751849852502346,True
1968,000011011110,28,2.097588352115019e-06,0.9999979024116479,cache,True,0.0,0.029756648000329733,0.029759624041616917,True
1969,100011011110,30,1.924414488539633e-06,0.9999980755855115,cache,True,0.0,0.02771826204843819,0.027720686979591846,True
1970,010011011110,26,0.9999982493457519,1.7506542481227072e-06,cache,True,0.0,0.03783409297466278,0.037836608942598104,True
1971,110011011110,32,0.9999980750115334,1.9249884666283634e-06,cache,True,0.0,0.030378725146874785,0.0303812799975276,True
1972,001011011110,32,0.9999980746466871,1.9253533128926748e-06,cache,True,0.0,0.029971014009788632,0.029973509022966027,True
1973,101011011110,32,0.9999982485468708,1.751453129195113e-06,cache,True,0.0,0.029133338015526533,0.029135962948203087,True
1974,011011011110,28,2.2722813251981135e-06,0.9999977277186748,cache,True,0.0,0.03270457894541323,0.03270712308585644,True
1975,111011011110,28,1.7497194062859349e-06,0.9999982502805937,cache,True,0.0,0.03513698000460863,0.03514049598015845,True
1976,000111011110,30,0.9999982484008703,1.7515991297401001e-06,cache,True,0.0,0.02793147601187229,0.02793451095931232,True
1977,100111011110,30,0.9999980743596235,1.9256403764877916e-06,cache,True,0.0,0.02913315803743899,0.029135942924767733,True
1978,010111011110,30,2.0975144683280823e-06,0.9999979024855317,cache,True,0.0,0.026673584012314677,0.026675819186493754,True
1979,110111011110,30,1.9228956725205304e-06,0.9999980771043275,cache,True,0.0,0.0324952220544219,0.03249748609960079,True
1980,001111011110,32,2.2723569441266633e-06,0.9999977276430558,cache,True,0.0,0.02951902709901333,0.029521160991862416,True
1981,101111011110,30,1.7518155382488923e-06,0.9999982481844617,cache,True,0.0,0.02745440020225942,0.02745652385056019,True
1982,011111011110,30,0.9999980755858207,1.9244141793439695e-06,cache,True,0.0,0.02774863108061254,0.027750885114073753,True
1983,111111011110,32,0.9999982474646641,1.752535335852734e-06,cache,True,0.0,0.031997928163036704,0.03200064296834171,True
1984,000000111110,26,2.9656394767439686e-06,0.9999970343605232,cache,True,0.0,0.02897716499865055,0.02897948888130486,True
1985,100000111110,30,1.7509481160518715e-06,0.999998249051884,cache,True,0.0,0.026762797962874174,0.02676536189392209,True
1986,010000111110,26,0.9999987732156301,1.2267843698676728e-06,cache,True,0.0,0.028842033119872212,0.02884460799396038,True
1987,110000111110,30,0.9999982532534071,1.7467465929232873e-06,cache,True,0.0,0.028394374065101147,0.028396918904036283,True
1988,001000111110,32,0.9999989458852595,1.0541147404952156e-06,cache,True,0.0,0.03147500311024487,0.031477607088163495,True
1989,101000111110,30,0.9999980756602872,1.9243397127999273e-06,cache,True,0.0,0.027483256068080664,0.02748568099923432,True
1990,011000111110,26,2.794417258670684e-06,0.9999972055827413,cache,True,0.0,0.03791691502556205,0.037919319001957774,True
1991,111000111110,28,1.9253548164024535e-06,0.9999980746451836,cache,True,0.0,0.03187549882568419,0.031877935165539384,True
1992,000100111110,30,0.99999807566149,1.9243385099843024e-06,cache,True,0.0,0.027436996111646295,0.027439831988886,True
1993,100100111110,28,0.9999989454524382,1.0545475618295441e-06,cache,True,0.0,0.027549535036087036,0.02755681797862053,True
1994,010100111110,28,2.273006777806332e-06,0.9999977269932222,cache,True,0.0,0.029356781858950853,0.029359015868976712,True
1995,110100111110,30,2.4474842197971943e-06,0.9999975525157802,cache,True,0.0,0.027140781981870532,0.027143296087160707,True
1996,001100111110,30,2.099032960373952e-06,0.9999979009670397,cache,True,0.0,0.02972438489086926,0.029726679902523756,True
1997,101100111110,30,2.619143890408644e-06,0.9999973808561096,cache,True,0.0,0.02707141707651317,0.027073770994320512,True
1998,011100111110,30,0.9999982502191403,1.749780859650052e-06,cache,True,0.0,0.02751432592049241,0.027516611153259873,True
1999,111100111110,30,0.9999987720614202,1.2279385798175113e-06,cache,True,0.0,0.027724854880943894,0.027727449079975486,True
2000,000010111110,30,2.098745447317642e-06,0.9999979012545527,cache,True,0.0,0.031255797017365694,0.03125810204073787,True
2001,100010111110,32,2.2717722789742522e-06,0.999997728227721,cache,True,0.0,0.028970983112230897,0.02897321805357933,True
2002,010010111110,28,0.9999982490533267,1.750946673317877e-06,cache,True,0.0,0.029396568890661,0.029398984042927623,True
2003,110010111110,34,0.9999984226669919,1.577333008095927e-06,cache,True,0.0,0.02943415194749832,0.029436395969241858,True
2004,001010111110,34,0.9999984243329606,1.5756670393995975e-06,cache,True,0.0,0.03089670999906957,0.03089929581619799,True
2005,101010111110,34,0.9999982494138403,1.7505861596989192e-06,cache,True,0.0,0.036989022977650166,0.0369914579205215,True
2006,011010111110,30,1.9249214252270744e-06,0.9999980750785747,cache,True,0.0,0.03245234885253012,0.032459042966365814,True
2007,111010111110,30,2.445892099948181e-06,0.9999975541079,cache,True,0.0,0.03380025504156947,0.033802679972723126,True
2008,000110111110,32,0.9999982507192924,1.7492807076191497e-06,cache,True,0.0,0.02764389803633094,0.027646121801808476,True
2009,100110111110,32,0.9999984225903435,1.577409656450257e-06,cache,True,0.0,0.02822551690042019,0.02822788106277585,True
2010,010110111110,32,2.0975188119872525e-06,0.999997902481188,cache,True,0.0,0.029370078118517995,0.02937280316837132,True
2011,110110111110,32,2.2717024443649536e-06,0.9999977282975556,cache,True,0.0,0.02763886796310544,0.027641724096611142,True
2012,001110111110,34,1.9235475853652178e-06,0.9999980764524147,cache,True,0.0,0.03883385309018195,0.038836138090118766,True
2013,101110111110,32,2.4450985266462608e-06,0.9999975549014734,cache,True,0.0,0.026392568834125996,0.02639529388397932,True
2014,011110111110,32,0.9999984217956243,1.5782043757406328e-06,cache,True,0.0,0.029092889977619052,0.029095254139974713,True
2015,111110111110,34,0.9999982480411391,1.75195886087387e-06,cache,True,0.0,0.02949655312113464,0.029498968040570617,True
2016,000001111110,28,2.0983808752040035e-06,0.9999979016191248,cache,True,0.0,0.0272251449059695,0.02722784993238747,True
2017,100001111110,32,2.6186387648218018e-06,0.9999973813612352,cache,True,0.0,0.029653467005118728,0.029656233033165336,True
2018,010001111110,28,0.9999982479694615,1.7520305385376744e-06,cache,True,0.0,0.029544726945459843,0.029547221027314663,True
2019,110001111110,32,0.999998771990196,1.22800980395521e-06,cache,True,0.0,0.029296264052391052,0.029298649169504642,True
2020,001001111110,34,0.9999980750089144,1.9249910856444785e-06,cache,True,0.0,0.1892181900329888,0.18922195793129504,True
2021,101001111110,32,0.9999989429164201,1.05708357989176e-06,cache,True,0.0,0.03201147401705384,0.03201430896297097,True
2022,011001111110,28,2.2727896767904786e-06,0.9999977272103232,cache,True,0.0,0.025408578803762794,0.025411394890397787,True
2023,111001111110,30,2.4439434400149654e-06,0.9999975560565599,cache,True,0.0,0.027748340973630548,0.027751286048442125,True
2024,000101111110,32,0.9999989413236077,1.0586763923292608e-06,cache,True,0.0,0.025996220065280795,0.025998794939368963,True
2025,100101111110,30,0.999998074718422,1.9252815780523846e-06,cache,True,0.0,0.02824858110398054,0.028251247014850378,True
2026,010101111110,30,2.792321362824253e-06,0.9999972076786372,cache,True,0.0,0.029453800059854984,0.029456055024638772,True
2027,110101111110,32,1.9248450563156474e-06,0.9999980751549437,cache,True,0.0,0.028002753853797913,0.02800499787554145,True
2028,001101111110,32,2.9660028207363695e-06,0.9999970339971793,cache,True,0.0,0.02602246101014316,0.026024966035038233,True
2029,101101111110,32,1.7482620711467434e-06,0.9999982517379289,cache,True,0.0,0.028760174056515098,0.028762458125129342,True
2030,011101111110,32,0.9999987693806047,1.2306193952760225e-06,cache,True,0.0,0.025640089064836502,0.02564247278496623,True
2031,111101111110,32,0.9999982489813457,1.7510186542946116e-06,cache,True,0.0,0.028152293991297483,0.02815515990369022,True
2032,000011111110,30,1.9240516303677224e-06,0.9999980759483696,cache,True,0.0,0.02654545591212809,0.026548221008852124,True
2033,100011111110,32,2.4469047714186065e-06,0.9999975530952285,cache,True,0.0,0.026929972926154733,0.0269324469845742,True
2034,010011111110,28,0.999998421579428,1.578420572023731e-06,cache,True,0.0,0.029621476074680686,0.029623919865116477,True
2035,110011111110,34,0.9999982494150375,1.7505849625454317e-06,cache,True,0.0,0.025903359055519104,0.025905964896082878,True
2036,001011111110,34,0.9999982503520256,1.7496479743916993e-06,cache,True,0.0,0.024980308953672647,0.02498251316137612,True
2037,101011111110,34,0.999998423240872,1.5767591280413384e-06,cache,True,0.0,0.029467486776411533,0.02946990099735558,True
2038,011011111110,30,2.097300924433096e-06,0.9999979026990755,cache,True,0.0,0.02719715004786849,0.027199515141546726,True
2039,111011111110,30,2.2716323670631588e-06,0.9999977283676329,cache,True,0.0,0.029217842034995556,0.029220205964520574,True
2040,000111111110,32,0.9999984229551986,1.5770448014151839e-06,cache,True,0.0,0.024548480985686183,0.02455095504410565,True
2041,100111111110,32,0.9999982487662077,1.7512337923131227e-06,cache,True,0.0,0.02481879503466189,0.024821309838443995,True
2042,010111111110,32,1.9262911726927927e-06,0.9999980737088273,cache,True,0.0,0.026146241929382086,0.026148876175284386,True
2043,110111111110,32,2.4465444899208825e-06,0.9999975534555101,cache,True,0.0,0.03828722285106778,0.038290109019726515,True
2044,001111111110,34,2.0979491627126996e-06,0.9999979020508373,cache,True,0.0,0.029413481941446662,0.0294161569327116,True
2045,101111111110,32,2.27141543885161e-06,0.9999977285845612,cache,True,0.0,0.031562973046675324,0.03156563895754516,True
2046,011111111110,32,0.9999982478244596,1.752175540437051e-06,cache,True,0.0,0.03429569583386183,0.03429816197603941,True
2047,111111111110,34,0.999998422735258,1.577264742036455e-06,cache,True,0.0,0.029358834959566593,0.02936131088063121,True
2048,000000000001,6,1.2299652388906657e-06,0.9999987700347611,cache,True,0.0,0.026033271802589297,0.02603593817912042,True
2049,100000000001,12,2.0967234330371267e-06,0.999997903276567,cache,True,0.0,0.028073210967704654,0.02807569596916437,True
2050,010000000001,12,0.999997727354879,2.2726451209820198e-06,cache,True,0.0,0.026079582050442696,0.026082006050273776,True
2051,110000000001,14,0.9999992911555659,7.088444341496469e-07,cache,True,0.0,0.025736545911058784,0.025739050935953856,True
2052,001000000001,12,0.9999979010372939,2.0989627060874483e-06,cache,True,0.0,0.031669168965891004,0.03167140297591686,True
2053,101000000001,12,0.9999977271392796,2.27286072040922e-06,cache,True,0.0,0.025989947840571404,0.02599227288737893,True
2054,011000000001,12,2.4463270884485118e-06,0.9999975536729115,cache,True,0.0,0.02628775592893362,0.026290570851415396,True
2055,111000000001,12,2.2730073507780238e-06,0.9999977269926492,cache,True,0.0,0.025693512987345457,0.02569580706767738,True
2056,000100000001,12,0.9999977274265253,2.272573474737527e-06,cache,True,0.0,0.025182379875332117,0.025184995960444212,True
2057,100100000001,12,0.9999979006008085,2.099399191490825e-06,cache,True,0.0,0.025194904999807477,0.025197209091857076,True
2058,010100000001,12,2.6195054618068873e-06,0.9999973804945382,cache,True,0.0,0.02717993687838316,0.027182712918147445,True
2059,110100000001,12,2.097952894937284e-06,0.999997902047105,cache,True,0.0,0.025319447042420506,0.025321761146187782,True
2060,001100000001,12,2.4453878751995856e-06,0.9999975546121248,cache,True,0.0,0.023866025963798165,0.02386819990351796,True
2061,101100000001,14,8.808645971573456e-07,0.9999991191354028,cache,True,0.0,0.02615885599516332,0.026161451125517488,True
2062,011100000001,14,0.999999290143916,7.098560840246293e-07,cache,True,0.0,0.027333245147019625,0.027335779974237084,True
2063,111100000001,12,0.9999977273548779,2.2726451220922428e-06,cache,True,0.0,0.026329115964472294,0.02633160096593201,True
2064,000010000001,10,2.097153504941436e-06,0.999997902846495,cache,True,0.0,0.02707310998812318,0.027075705118477345,True
2065,100010000001,14,2.2717771342177792e-06,0.9999977282228658,cache,True,0.0,0.027559363981708884,0.027562038972973824,True
2066,010010000001,14,0.999998248329316,1.7516706839471041e-06,cache,True,0.0,0.027351049007847905,0.02735335403122008,True
2067,110010000001,18,0.9999984246921143,1.5753078856928227e-06,cache,True,0.0,0.02755313110537827,0.02755534602329135,True
2068,001010000001,14,0.9999984234607143,1.576539285674805e-06,cache,True,0.0,0.0270890009123832,0.027091484982520342,True
2069,101010000001,16,0.9999982492678096,1.7507321904419726e-06,cache,True,0.0,0.027520107105374336,0.02752349409274757,True
2070,011010000001,16,1.9249201306580514e-06,0.9999980750798694,cache,True,0.0,0.028626323910430074,0.02862891019321978,True
2071,111010000001,14,2.4471966692534993e-06,0.9999975528033307,cache,True,0.0,0.027615512954071164,0.02761811693198979,True
2072,000110000001,14,0.9999982517383269,1.748261673095719e-06,cache,True,0.0,0.026747849071398377,0.026750453980639577,True
2073,100110000001,16,0.9999984225924767,1.5774075232677376e-06,cache,True,0.0,0.02819624007679522,0.028198814019560814,True
2074,010110000001,16,2.0985278359716562e-06,0.999997901472164,cache,True,0.0,0.028269703034311533,0.02827254799194634,True
2075,110110000001,14,2.2734403196977247e-06,0.9999977265596803,cache,True,0.0,0.03153480892069638,0.031537383096292615,True
2076,001110000001,16,1.9244142806170337e-06,0.9999980755857194,cache,True,0.0,0.029708855086937547,0.029711349867284298,True
2077,101110000001,16,2.445822049333501e-06,0.9999975541779507,cache,True,0.0,0.028680559946224093,0.028682844014838338,True
2078,011110000001,16,0.9999984226664105,1.577333589519725e-06,cache,True,0.0,0.029863936128094792,0.029866401106119156,True
2079,111110000001,16,0.9999982476087057,1.7523912942962738e-06,cache,True,0.0,0.02766255382448435,0.02766505884937942,True
2080,000001000001,12,2.446327088518191e-06,0.9999975536729114,cache,True,0.0,0.02725177607499063,0.0272542720194906,True
2081,100001000001,18,2.271704916023944e-06,0.9999977282950839,cache,True,0.0,0.025624889880418777,0.025627363938838243,True
2082,010001000001,18,0.9999979017588071,2.098241192904915e-06,cache,True,0.0,0.027200788026675582,0.027208022074773908,True
2083,110001000001,20,0.9999977274265253,2.272573474737527e-06,cache,True,0.0,0.02633247198536992,0.02633497817441821,True
2084,001001000001,18,0.9999991163820666,8.836179333782113e-07,cache,True,0.0,0.026611143024638295,0.02661356795579195,True
2085,101001000001,18,0.9999979013972699,2.0986027301495014e-06,cache,True,0.0,0.02695598197169602,0.026958557777106762,True
2086,011001000001,18,2.620008726341885e-06,0.9999973799912737,cache,True,0.0,0.0287494829390198,0.028751908103004098,True
2087,111001000001,18,7.100096527489066e-07,0.9999992899903473,cache,True,0.0,0.030794291058555245,0.030796555103734136,True
2088,000101000001,18,0.9999979015423035,2.0984576964977464e-06,cache,True,0.0,0.026863343082368374,0.02686592796817422,True
2089,100101000001,18,0.9999991163820666,8.836179333782113e-07,cache,True,0.0,0.028558422112837434,0.028561197919771075,True
2090,010101000001,18,1.0569395683674968e-06,0.9999989430604316,cache,True,0.0,0.03877609106712043,0.038778576999902725,True
2091,110101000001,18,2.27264334749888e-06,0.9999977273566525,cache,True,0.0,0.029088370967656374,0.029090686002746224,True
2092,001101000001,18,2.6193592220617127e-06,0.9999973806407779,cache,True,0.0,0.028380016097798944,0.02838226081803441,True
2093,101101000001,20,2.097952894797926e-06,0.9999979020471051,cache,True,0.0,0.028816162142902613,0.028818728169426322,True
2094,011101000001,20,0.9999977271392797,2.2728607202981976e-06,cache,True,0.0,0.02954664989374578,0.029548954917117953,True
2095,111101000001,18,0.999997900748307,2.099251693032933e-06,cache,True,0.0,0.02860027295537293,0.028602467849850655,True
2096,000011000001,14,1.92274735002186e-06,0.99999807725265,cache,True,0.0,0.028302746126428246,0.02830498106777668,True
2097,100011000001,18,2.4463295862371855e-06,0.9999975536704138,cache,True,0.0,0.02751989709213376,0.027522211894392967,True
2098,010011000001,18,0.9999984225924794,1.5774075206032023e-06,cache,True,0.0,0.028570436174049973,0.028572349110618234,True
2099,110011000001,22,0.999998248837576,1.751162423957453e-06,cache,True,0.0,0.03289923700504005,0.032901481026783586,True
2100,001011000001,18,0.9999982494900315,1.7505099685344305e-06,cache,True,0.0,0.031059766886755824,0.0310620809905231,True
2101,101011000001,20,0.9999984228112755,1.5771887245108474e-06,cache,True,0.0,0.025233058957383037,0.025235143024474382,True
2102,011011000001,20,2.098746739378215e-06,0.9999979012532606,cache,True,0.0,0.027861179085448384,0.027863504132255912,True
2103,111011000001,18,2.2740938588190532e-06,0.9999977259061412,cache,True,0.0,0.027804289013147354,0.02780650299973786,True
2104,000111000001,18,0.9999984216507364,1.5783492636201046e-06,cache,True,0.0,0.02878745598718524,0.02878982201218605,True
2105,100111000001,20,0.9999982490541967,1.7509458033471148e-06,cache,True,0.0,0.03234871802851558,0.0323508121073246,True
2106,010111000001,20,1.9235470738766726e-06,0.9999980764529262,cache,True,0.0,0.028163446113467216,0.02816575998440385,True
2107,110111000001,18,2.4459660048653237e-06,0.9999975540339952,cache,True,0.0,0.032257111044600606,0.03225928405299783,True
2108,001111000001,20,2.097951056592135e-06,0.9999979020489435,cache,True,0.0,0.02796515100635588,0.027967486064881086,True
2109,101111000001,20,2.27098325500695e-06,0.999997729016745,cache,True,0.0,0.02588475402444601,0.02588680712506175,True
2110,011111000001,20,0.9999982475355572,1.7524644427835412e-06,cache,True,0.0,0.029950254131108522,0.029952768003568053,True
2111,111111000001,20,0.9999984208596926,1.579140307406135e-06,cache,True,0.0,0.027581667061895132,0.027583861025050282,True
2112,000000100001,12,2.4463270875426825e-06,0.9999975536729124,cache,True,0.0,0.02736628893762827,0.027368894079700112,True
2113,100000100001,18,2.6193592222707502e-06,0.9999973806407777,cache,True,0.0,0.029025990050286055,0.029030117904767394,True
2114,010000100001,18,0.999997901758807,2.0982411930159373e-06,cache,True,0.0,0.027054524049162865,0.027057068888098,True
2115,110000100001,20,0.9999980745026131,1.9254973868676473e-06,cache,True,0.0,0.029859517933800817,0.029862071853131056,True
2116,001000100001,18,0.9999980739951367,1.9260048632618876e-06,cache,True,0.0,0.028612107038497925,0.02861461089923978,True
2117,101000100001,18,0.9999992911555655,7.088444344827138e-07,cache,True,0.0,0.02688914304599166,0.02689159708097577,True
2118,011000100001,18,8.808645969864142e-07,0.999999119135403,cache,True,0.0,0.029939783038571477,0.029942268040031195,True
2119,111000100001,18,2.7930425434034723e-06,0.9999972069574566,cache,True,0.0,0.02649987698532641,0.02650231192819774,True
2120,000100100001,18,0.999999290143916,7.098560840246293e-07,cache,True,0.0,0.028200548142194748,0.028202993096783757,True
2121,100100100001,18,0.999998073995137,1.926004863039843e-06,cache,True,0.0,0.029424423119053245,0.029426738154143095,True
2122,010100100001,18,2.4458224404425997e-06,0.9999975541775595,cache,True,0.0,0.02562578092329204,0.025628165807574987,True
2123,110100100001,18,1.229965238820987e-06,0.9999987700347612,cache,True,0.0,0.027950162068009377,0.02795247593894601,True
2124,001100100001,18,2.2717049161633023e-06,0.9999977282950838,cache,True,0.0,0.029259473085403442,0.02926198812201619,True
2125,101100100001,20,2.7926799240917074e-06,0.9999972073200759,cache,True,0.0,0.027038272004574537,0.027040676912292838,True
2126,011100100001,20,0.9999980759485807,1.9240514192997438e-06,cache,True,0.0,0.034794605104252696,0.03479714994318783,True
2127,111100100001,18,0.9999979007483064,2.0992516935880445e-06,cache,True,0.0,0.02678770595230162,0.026790390955284238,True
2128,000010100001,16,2.6197921349593715e-06,0.999997380207865,cache,True,0.0,0.02698430814780295,0.026986542157828808,True
2129,100010100001,20,2.1004092709889696e-06,0.999997899590729,cache,True,0.0,0.027416417142376304,0.027418871177360415,True
2130,010010100001,20,0.9999984257816822,1.5742183178124591e-06,cache,True,0.0,0.030148128047585487,0.030150421895086765,True
2131,110010100001,24,0.9999985962018665,1.4037981335146554e-06,cache,True,0.0,0.027478185947984457,0.02748037106357515,True
2132,001010100001,20,0.9999985959885024,1.4040114976188178e-06,cache,True,0.0,0.028447106014937162,0.028449692064896226,True
2133,101010100001,22,0.999998423678726,1.576321273955017e-06,cache,True,0.0,0.02801581914536655,0.028018133947625756,True
2134,011010100001,22,2.44524340861471e-06,0.9999975547565914,cache,True,0.0,0.031566600082442164,0.03156873397529125,True
2135,111010100001,20,2.2738030625506333e-06,0.9999977261969375,cache,True,0.0,0.025477413088083267,0.025479416828602552,True
2136,000110100001,20,0.9999984213610285,1.5786389715444216e-06,cache,True,0.0,0.03154691192321479,0.03154907585121691,True
2137,100110100001,22,0.9999985967081396,1.4032918603801292e-06,cache,True,0.0,0.036549270153045654,0.03655159496702254,True
2138,010110100001,22,2.6191443148940573e-06,0.9999973808556851,cache,True,0.0,0.02968763397075236,0.029689847957342863,True
2139,110110100001,20,2.09773323662676e-06,0.9999979022667633,cache,True,0.0,0.02763498993590474,0.02763753617182374,True
2140,001110100001,22,2.4461836463823843e-06,0.9999975538163536,cache,True,0.0,0.030992425978183746,0.030994649976491928,True
2141,101110100001,22,2.2721385484285596e-06,0.9999977278614516,cache,True,0.0,0.02826040401123464,0.028262668987736106,True
2142,011110100001,22,0.9999985995330877,1.4004669123268698e-06,cache,True,0.0,0.028288838919252157,0.028291153023019433,True
2143,111110100001,22,0.9999984223004837,1.5776995162530838e-06,cache,True,0.0,0.02787844301201403,0.027880967129021883,True
2144,000001100001,12,2.272643349031818e-06,0.9999977273566509,cache,True,0.0,0.026535938028246164,0.026538151083514094,True
2145,100001100001,18,1.4042971590319785e-06,0.999998595702841,cache,True,0.0,0.02794602303765714,0.027948257979005575,True
2146,010001100001,18,0.9999994656332426,5.343667573987076e-07,cache,True,0.0,0.02692039287649095,0.02692300919443369,True
2147,110001100001,20,0.9999979013972702,2.0986027298164345e-06,cache,True,0.0,0.03500411193817854,0.03500673593953252,True
2148,001001100001,18,0.999997901037294,2.098962705976426e-06,cache,True,0.0,0.030848677037283778,0.03085086098872125,True
2149,101001100001,18,0.999998075948579,1.9240514209650783e-06,cache,True,0.0,0.02730079204775393,0.027303355978801847,True
2150,011001100001,18,2.4463270875426825e-06,0.9999975536729124,cache,True,0.0,0.030035919975489378,0.0300380929838866,True
2151,111001100001,18,2.6195054619549516e-06,0.999997380494538,cache,True,0.0,0.02711007185280323,0.027112236013635993,True
2152,000101100001,18,0.9999980745026132,1.925497386756625e-06,cache,True,0.0,0.02673607598990202,0.0267384210601449,True
2153,100101100001,18,0.9999979006008087,2.0993991912687804e-06,cache,True,0.0,0.03159277094528079,0.031595336040481925,True
2154,010101100001,18,2.2730073497328414e-06,0.9999977269926502,cache,True,0.0,0.025476812152191997,0.02547942684032023,True
2155,110101100001,18,2.792679923952348e-06,0.999997207320076,cache,True,0.0,0.026721447939053178,0.02672363119199872,True
2156,001101100001,18,1.0553442050931715e-06,0.9999989446557949,cache,True,0.0,0.029987576184794307,0.029990141047164798,True
2157,101101100001,20,2.620008726341885e-06,0.9999973799912737,cache,True,0.0,0.025672491872683167,0.02567471587099135,True
2158,011101100001,20,0.9999979015423035,2.0984576964977464e-06,cache,True,0.0,0.027990451082587242,0.027992875082418323,True
2159,111101100001,18,0.9999994656332426,5.343667573987076e-07,cache,True,0.0,0.03005782305262983,0.03006134880706668,True
2160,000011100001,14,2.445968706744242e-06,0.9999975540312932,cache,True,0.0,0.03229342098347843,0.03229641681537032,True
2161,100011100001,18,2.272646022411966e-06,0.9999977273539776,cache,True,0.0,0.02850550995208323,0.028507924871519208,True
2162,010011100001,18,0.9999985971446435,1.4028553565470503e-06,cache,True,0.0,0.027429149951785803,0.027431705966591835,True
2163,110011100001,22,0.9999984261463547,1.5738536452980512e-06,cache,True,0.0,0.026998974848538637,0.02700147102586925,True
2164,001011100001,18,0.9999984225912769,1.5774087230857603e-06,cache,True,0.0,0.027629259042441845,0.02763152285479009,True
2165,101011100001,20,0.9999985972194819,1.4027805180782948e-06,cache,True,0.0,0.028869926929473877,0.028872090857475996,True
2166,011011100001,20,2.6190711639053712e-06,0.999997380928836,cache,True,0.0,0.027024996001273394,0.027027611853554845,True
2167,111011100001,18,2.0978051237749285e-06,0.9999979021948763,cache,True,0.0,0.030630534049123526,0.030632968060672283,True
2168,000111100001,18,0.9999985962004251,1.4037995749172083e-06,cache,True,0.0,0.03574878699146211,0.035751411924138665,True
2169,100111100001,20,0.9999984211443471,1.5788556528839592e-06,cache,True,0.0,0.02958070603199303,0.029583181021735072,True
2170,010111100001,20,2.445606151746336e-06,0.9999975543938483,cache,True,0.0,0.027924371883273125,0.027926977025344968,True
2171,110111100001,18,2.272863365771921e-06,0.9999977271366343,cache,True,0.0,0.026837361976504326,0.02683971682563424,True
2172,001111100001,20,2.6200097152981324e-06,0.9999973799902847,cache,True,0.0,0.028197222156450152,0.028199676191434264,True
2173,101111100001,20,2.0987439177905086e-06,0.9999979012560822,cache,True,0.0,0.026432377053424716,0.02643468091264367,True
2174,011111100001,20,0.9999984229516702,1.5770483298149784e-06,cache,True,0.0,0.027494037058204412,0.02749684196896851,True
2175,111111100001,20,0.9999985964189738,1.4035810261825432e-06,cache,True,0.0,0.030419554095715284,0.030421999050304294,True
2176,000000010001,12,1.925135219061189e-06,0.999998074864781,cache,True,0.0,0.027574412990361452,0.02757677691988647,True
2177,100000010001,18,2.791888751149582e-06,0.9999972081112488,cache,True,0.0,0.030817046063020825,0.030819870997220278,True
2178,010000010001,16,0.9999970349356132,2.965064386795113e-06,cache,True,0.0,0.02661639405414462,0.026618967996910214,True
2179,110000010001,18,0.999998596133513,1.4038664869486794e-06,cache,True,0.0,0.026371608022600412,0.026374323992058635,True
2180,001000010001,18,0.9999985985258197,1.4014741802625963e-06,cache,True,0.0,0.02764198393560946,0.027644478948786855,True
2181,101000010001,18,0.9999984220146564,1.5779853436148628e-06,cache,True,0.0,0.029177895048633218,0.029180299025028944,True
2182,011000010001,16,1.751596873911515e-06,0.9999982484031261,cache,True,0.0,0.027121864026412368,0.027124238898977637,True
2183,111000010001,16,1.5788540880764574e-06,0.999998421145912,cache,True,0.0,0.025817854097113013,0.02582030789926648,True
2184,000100010001,18,0.9999984220123092,1.5779876908483814e-06,cache,True,0.0,0.028022211976349354,0.0280245968606323,True
2185,100100010001,18,0.9999985954784055,1.4045215944724632e-06,cache,True,0.0,0.02864705491811037,0.028649669140577316,True
2186,010100010001,16,1.927085891328403e-06,0.9999980729141087,cache,True,0.0,0.027464339043945074,0.027466733939945698,True
2187,110100010001,16,1.4043774325542193e-06,0.9999985956225674,cache,True,0.0,0.029786876868456602,0.02978922100737691,True
2188,001100010001,18,3.1396856285427564e-06,0.9999968603143714,cache,True,0.0,0.027060014894232154,0.027062599081546068,True
2189,101100010001,20,1.5780607550108456e-06,0.999998421939245,cache,True,0.0,0.03215350001119077,0.03215598384849727,True
2190,011100010001,18,0.9999985951201847,1.4048798152588304e-06,cache,True,0.0,0.026251825969666243,0.02625396102666855,True
2191,111100010001,16,0.9999970349356129,2.96506438712818e-06,cache,True,0.0,0.027238711016252637,0.027241135947406292,True
2192,000010010001,16,2.097733236069327e-06,0.9999979022667639,cache,True,0.0,0.030398994917050004,0.030401578871533275,True
2193,100010010001,20,2.2717771340784216e-06,0.9999977282228659,cache,True,0.0,0.03344926401041448,0.03345190919935703,True
2194,010010010001,18,0.9999982476087054,1.7523912946293407e-06,cache,True,0.0,0.02653168886899948,0.026534063974395394,True
2195,110010010001,22,0.9999984236787255,1.5763212745101285e-06,cache,True,0.0,0.025881818030029535,0.025884382892400026,True
2196,001010010001,20,0.9999984225912767,1.577408723307805e-06,cache,True,0.0,0.03423846489749849,0.034240879816934466,True
2197,101010010001,22,0.9999982475355573,1.7524644426725189e-06,cache,True,0.0,0.026606555096805096,0.026608878979459405,True
2198,011010010001,20,1.922747350161218e-06,0.9999980772526499,cache,True,0.0,0.027206429047510028,0.027208882849663496,True
2199,111010010001,18,2.4456061518160145e-06,0.9999975543938482,cache,True,0.0,0.027424230938777328,0.027426766930148005,True
2200,000110010001,20,0.9999982488375762,1.7511624238464307e-06,cache,True,0.0,0.02690776903182268,0.02691037394106388,True
2201,100110010001,22,0.9999984211443472,1.578855652772937e-06,cache,True,0.0,0.03558964794501662,0.03559198300354183,True
2202,010110010001,20,2.0978051236355713e-06,0.9999979021948764,cache,True,0.0,0.027210667030885816,0.027213091030716896,True
2203,110110010001,18,2.2709832550069498e-06,0.999997729016745,cache,True,0.0,0.0316287511959672,0.03163149580359459,True
2204,001110010001,22,1.9244142805473547e-06,0.9999980755857194,cache,True,0.0,0.027434251038357615,0.027436815900728106,True
2205,101110010001,22,2.4452434085450316e-06,0.9999975547565915,cache,True,0.0,0.028707211138680577,0.028709626058116555,True
2206,011110010001,20,0.9999984213610285,1.5786389715444216e-06,cache,True,0.0,0.027540788054466248,0.027543411822989583,True
2207,111110010001,20,0.9999982483293158,1.7516706841691487e-06,cache,True,0.0,0.02872048714198172,0.028724283911287785,True
2208,000001010001,16,1.7515968738418354e-06,0.9999982484031261,cache,True,0.0,0.02607744699344039,0.02608030312694609,True
2209,100001010001,22,1.5763964209397072e-06,0.999998423603579,cache,True,0.0,0.031087601091712713,0.031090357108041644,True
2210,010001010001,20,0.9999985966395443,1.4033604557317503e-06,cache,True,0.0,0.02781515009701252,0.027818096103146672,True
2211,110001010001,22,0.9999984220123092,1.5779876908483814e-06,cache,True,0.0,0.02851225296035409,0.02851509815081954,True
2212,001001010001,22,0.9999984210745975,1.578925402534459e-06,cache,True,0.0,0.026845657965168357,0.026848094072192907,True
2213,101001010001,22,0.9999972081139843,2.7918860157072345e-06,cache,True,0.0,0.027756907045841217,0.027759291930124164,True
2214,011001010001,20,3.313730494813392e-06,0.9999966862695052,cache,True,0.0,0.030053284019231796,0.03005548706278205,True
2215,111001010001,20,1.4048803321707721e-06,0.9999985951196678,cache,True,0.0,0.02905442495830357,0.029056768864393234,True
2216,000101010001,22,0.9999972094144923,2.7905855076726382e-06,cache,True,0.0,0.026173152960836887,0.026175738079473376,True
2217,100101010001,22,0.9999984210745976,1.5789254024234367e-06,cache,True,0.0,0.03440114087425172,0.034403645899146795,True
2218,010101010001,20,1.7503673466174717e-06,0.9999982496326534,cache,True,0.0,0.027774409856647253,0.027776936069130898,True
2219,110101010001,20,2.9666549375667805e-06,0.9999970333450624,cache,True,0.0,0.03424026886932552,0.0342426230199635,True
2220,001101010001,22,1.924630149078313e-06,0.999998075369851,cache,True,0.0,0.027674247045069933,0.027676741126924753,True
2221,101101010001,24,1.4043774325542193e-06,0.9999985956225674,cache,True,0.0,0.03147318889386952,0.03147562313824892,True
2222,011101010001,22,0.9999984220146563,1.577985343725885e-06,cache,True,0.0,0.028873493894934654,0.028875907883048058,True
2223,111101010001,20,0.9999985947564168,1.405243583163518e-06,cache,True,0.0,0.030337254982441664,0.03033955884166062,True
2224,000011010001,18,1.924920130518693e-06,0.9999980750798695,cache,True,0.0,0.027441254816949368,0.027443698840215802,True
2225,100011010001,22,2.4461836463823843e-06,0.9999975538163536,cache,True,0.0,0.02624526317231357,0.026247547939419746,True
2226,010011010001,20,0.9999984257816822,1.5742183178124591e-06,cache,True,0.0,0.0264307230245322,0.026432898128405213,True
2227,110011010001,24,0.9999982517383269,1.748261673095719e-06,cache,True,0.0,0.02690068492665887,0.026903060032054782,True
2228,001011010001,22,0.9999982490541967,1.7509458033471148e-06,cache,True,0.0,0.030478809028863907,0.030481164110824466,True
2229,101011010001,24,0.9999984261463547,1.5738536452980512e-06,cache,True,0.0,0.031931198202073574,0.03193405386991799,True
2230,011011010001,22,2.0987439177905086e-06,0.9999979012560822,cache,True,0.0,0.03079092502593994,0.030793990939855576,True
2231,111011010001,20,2.274093858958411e-06,0.999997725906141,cache,True,0.0,0.03330018394626677,0.033302800031378865,True
2232,000111010001,22,0.99999842295167,1.577048330037023e-06,cache,True,0.0,0.02857257006689906,0.02857501502148807,True
2233,100111010001,24,0.9999982494900319,1.7505099680903413e-06,cache,True,0.0,0.030451225116848946,0.03045349009335041,True
2234,010111010001,22,1.923547075174444e-06,0.9999980764529248,cache,True,0.0,0.029069565003737807,0.029072078876197338,True
2235,110111010001,20,2.4459687066745624e-06,0.9999975540312933,cache,True,0.0,0.031013957923278213,0.03101715398952365,True
2236,001111010001,24,2.1004092710586482e-06,0.9999978995907289,cache,True,0.0,0.03337659314274788,0.03337923786602914,True
2237,101111010001,24,2.2734403197674038e-06,0.9999977265596802,cache,True,0.0,0.03224807302467525,0.03225126909092069,True
2238,011111010001,22,0.9999982492678094,1.7507321905529949e-06,cache,True,0.0,0.0368544920347631,0.03685716795735061,True
2239,111111010001,22,0.9999984223004837,1.5776995162530838e-06,cache,True,0.0,0.02916651195846498,0.0291694279294461,True
2240,000000110001,16,1.7515991593529623e-06,0.9999982484008406,cache,True,0.0,0.03680485603399575,0.0368076809681952,True
2241,100000110001,22,1.924630149078313e-06,0.999998075369851,cache,True,0.0,0.029577821027487516,0.029580296017229557,True
2242,010000110001,20,0.9999985966395444,1.403360455620728e-06,cache,True,0.0,0.026475338963791728,0.026477725012227893,True
2243,110000110001,22,0.9999987690894755,1.2309105245078555e-06,cache,True,0.0,0.029731818940490484,0.029734374955296516,True
2244,001000110001,22,0.999997380423165,2.619576835005688e-06,cache,True,0.0,0.03074720990844071,0.03074998501688242,True
2245,101000110001,22,0.9999985961335129,1.4038664870597017e-06,cache,True,0.0,0.030911338049918413,0.030914364848285913,True
2246,011000110001,20,1.5780607549411666e-06,0.999998421939245,cache,True,0.0,0.030562000814825296,0.030564896063879132,True
2247,111000110001,20,3.4873411449074486e-06,0.9999965126588551,cache,True,0.0,0.02674728794954717,0.02675003302283585,True
2248,000100110001,22,0.9999985951201847,1.4048798152588304e-06,cache,True,0.0,0.029859728179872036,0.02986250282265246,True
2249,100100110001,22,0.9999973804231649,2.6195768351167104e-06,cache,True,0.0,0.029575707158073783,0.029578261077404022,True
2250,010100110001,20,3.1386742870296535e-06,0.999996861325713,cache,True,0.0,0.034586600959300995,0.03458896605297923,True
2251,110100110001,20,1.92513521899151e-06,0.999998074864781,cache,True,0.0,0.029510630993172526,0.029513676185160875,True
2252,001100110001,22,1.5763964209397085e-06,0.999998423603579,cache,True,0.0,0.02609496098011732,0.026097476948052645,True
2253,101100110001,24,2.1002605366516534e-06,0.9999978997394634,cache,True,0.0,0.028507363982498646,0.028509567957371473,True
2254,011100110001,22,0.9999987719894381,1.228010561904469e-06,cache,True,0.0,0.027848263969644904,0.027851050021126866,True
2255,111100110001,20,0.9999985947564163,1.4052435837186295e-06,cache,True,0.0,0.02804161887615919,0.02804390387609601,True
2256,000010110001,20,2.6190711639053712e-06,0.999997380928836,cache,True,0.0,0.02934468793682754,0.029348205076530576,True
2257,100010110001,24,2.0979510565224567e-06,0.9999979020489435,cache,True,0.0,0.028117086039856076,0.028120402013882995,True
2258,010010110001,22,0.9999984225924795,1.57740752049218e-06,cache,True,0.0,0.040746326092630625,0.04074909002520144,True
2259,110010110001,26,0.9999985962004253,1.4037995746951637e-06,cache,True,0.0,0.02665652078576386,0.026659447932615876,True
2260,001010110001,24,0.9999985967081397,1.403291860269107e-06,cache,True,0.0,0.02822659886442125,0.02822910388931632,True
2261,101010110001,26,0.9999984246921149,1.5753078851377111e-06,cache,True,0.0,0.03610591986216605,0.03610855503939092,True
2262,011010110001,24,2.445822049333502e-06,0.9999975541779507,cache,True,0.0,0.0310288870241493,0.031031372025609016,True
2263,111010110001,22,2.2738030624112756e-06,0.9999977261969376,cache,True,0.0,0.027928741183131933,0.02793143503367901,True
2264,000110110001,24,0.9999984226664105,1.577333589519725e-06,cache,True,0.0,0.027699575992301106,0.02770209009759128,True
2265,100110110001,26,0.9999985959885024,1.4040114976188178e-06,cache,True,0.0,0.028035206953063607,0.02803750103339553,True
2266,010110110001,24,2.6191443144063044e-06,0.9999973808556856,cache,True,0.0,0.029817595845088363,0.029819860821589828,True
2267,110110110001,22,2.0971535048020783e-06,0.9999979028464951,cache,True,0.0,0.02743283798918128,0.027435272000730038,True
2268,001110110001,26,2.446329586376543e-06,0.9999975536704137,cache,True,0.0,0.028107898076996207,0.028110231971368194,True
2269,101110110001,26,2.2728633666777494e-06,0.9999977271366334,cache,True,0.0,0.02689574589021504,0.026898230891674757,True
2270,011110110001,24,0.9999985972194818,1.4027805181893171e-06,cache,True,0.0,0.027594261104241014,0.027596825966611505,True
2271,111110110001,24,0.9999984208596927,1.5791403072951127e-06,cache,True,0.0,0.02813509083352983,0.028137676184996963,True
2272,000001110001,18,2.966654937706142e-06,0.9999970333450623,cache,True,0.0,0.026919060852378607,0.026921586133539677,True
2273,100001110001,24,2.1000449360370447e-06,0.9999978999550639,cache,True,0.0,0.02879667398519814,0.028799560153856874,True
2274,010001110001,22,0.9999987726353792,1.2273646208260658e-06,cache,True,0.0,0.02629883703775704,0.026301122037693858,True
2275,110001110001,24,0.9999972081139841,2.791886015929279e-06,cache,True,0.0,0.029275483917444944,0.02927793888375163,True
2276,001001110001,24,0.9999985985258197,1.4014741802625963e-06,cache,True,0.0,0.03200106415897608,0.03200407908298075,True
2277,101001110001,24,0.9999987719894382,1.2280105617934467e-06,cache,True,0.0,0.026575234020128846,0.026577458018437028,True
2278,011001110001,22,1.7515991593878025e-06,0.9999982484008406,cache,True,0.0,0.030434282962232828,0.03043693699873984,True
2279,111001110001,22,1.927085891189045e-06,0.9999980729141088,cache,True,0.0,0.02594122407026589,0.025943598011508584,True
2280,000101110001,24,0.9999987690894747,1.2309105252850117e-06,cache,True,0.0,0.028907509054988623,0.028909824090078473,True
2281,100101110001,24,0.9999985954784057,1.4045215942504186e-06,cache,True,0.0,0.03206245298497379,0.032064816914498806,True
2282,010101110001,22,1.5788540880764574e-06,0.999998421145912,cache,True,0.0,0.02759054396301508,0.027592947939410806,True
2283,110101110001,22,2.1002605366516525e-06,0.9999978997394634,cache,True,0.0,0.027162123005837202,0.027164636878296733,True
2284,001101110001,24,1.7525377698684877e-06,0.9999982474622301,cache,True,0.0,0.03427552804350853,0.034278573002666235,True
2285,101101110001,26,3.313730495022429e-06,0.999996686269505,cache,True,0.0,0.026107074925675988,0.02610946004278958,True
2286,011101110001,24,0.9999972094144923,2.7905855076726382e-06,cache,True,0.0,0.02781371702440083,0.027816553134471178,True
2287,111101110001,22,0.9999987726353793,1.2273646207150435e-06,cache,True,0.0,0.02641825913451612,0.026420633075758815,True
2288,000011110001,20,2.4459660050046818e-06,0.999997554033995,cache,True,0.0,0.03195086703635752,0.03195373201742768,True
2289,100011110001,24,2.272646022342286e-06,0.9999977273539776,cache,True,0.0,0.02853792207315564,0.02854054793715477,True
2290,010011110001,22,0.9999985964189738,1.4035810261825432e-06,cache,True,0.0,0.02720007603056729,0.027202802011743188,True
2291,110011110001,26,0.9999984228112753,1.577188724732892e-06,cache,True,0.0,0.026818546000868082,0.026820820989087224,True
2292,001011110001,24,0.9999984234607144,1.5765392855637828e-06,cache,True,0.0,0.026511941105127335,0.02651425520889461,True
2293,101011110001,26,0.9999985995330889,1.4004669111056245e-06,cache,True,0.0,0.03003030805848539,0.030032894108444452,True
2294,011011110001,24,2.6197921345412968e-06,0.9999973802078654,cache,True,0.0,0.0289858418982476,0.02898831688798964,True
2295,111011110001,22,2.098527835901978e-06,0.999997901472164,cache,True,0.0,0.027987645007669926,0.027990168891847134,True
2296,000111110001,24,0.9999985962018664,1.4037981336256777e-06,cache,True,0.0,0.028559112921357155,0.02856172900646925,True
2297,100111110001,26,0.9999984225924766,1.5774075233787599e-06,cache,True,0.0,0.029688895912840962,0.029691200936213136,True
2298,010111110001,24,2.447196669044462e-06,0.9999975528033309,cache,True,0.0,0.03544469713233411,0.035447011003270745,True
2299,110111110001,22,2.2721385483588797e-06,0.9999977278614517,cache,True,0.0,0.028061899123713374,0.028064472833648324,True
2300,001111110001,26,2.6200097151587756e-06,0.9999973799902848,cache,True,0.0,0.028168555814772844,0.028171231038868427,True
2301,101111110001,26,2.098746739360796e-06,0.9999979012532606,cache,True,0.0,0.03690392803400755,0.0369067641440779,True
2302,011111110001,24,0.9999984216507364,1.5783492636201046e-06,cache,True,0.0,0.03085325611755252,0.03085576999001205,True
2303,111111110001,24,0.9999985971446431,1.4028553568801172e-06,cache,True,0.0,0.030803408939391375,0.03080697706900537,True
2304,000000001001,12,1.924920552007903e-06,0.999998075079448,cache,True,0.0,0.02766284509561956,0.027665779925882816,True
2305,100000001001,18,1.4013381882797236e-06,0.9999985986618117,cache,True,0.0,0.028250605100765824,0.02825376088730991,True
2306,010000001001,16,0.9999977274277572,2.272572242834059e-06,cache,True,0.0,0.03059388301335275,0.030596718192100525,True
2307,110000001001,18,0.9999979008971702,2.099102829777877e-06,cache,True,0.0,0.029159799916669726,0.029162223916500807,True
2308,001000001001,18,0.9999979014016976,2.0985983023580346e-06,cache,True,0.0,0.028437356930226088,0.0284398531075567,True
2309,101000001001,18,0.9999977277890574,2.2722109426220882e-06,cache,True,0.0,0.03249842906370759,0.03250084305182099,True
2310,011000001001,16,1.7509468009100793e-06,0.9999982490531991,cache,True,0.0,0.025821019895374775,0.02582378499209881,True
2311,111000001001,16,1.5784919833452513e-06,0.9999984215080167,cache,True,0.0,0.028875367948785424,0.028877691831439734,True
2312,000100001001,16,0.999997726920342,2.2730796580550106e-06,cache,True,0.0,0.027533243177458644,0.027535567991435528,True
2313,100100001001,16,0.9999979015439002,2.0984560997749924e-06,cache,True,0.0,0.026872250018641353,0.02687454386614263,True
2314,010100001001,18,1.9232571189579184e-06,0.999998076742881,cache,True,0.0,0.027434350922703743,0.027437267126515508,True
2315,110100001001,18,1.403145275986937e-06,0.999998596854724,cache,True,0.0,0.027260232949629426,0.02726305788382888,True
2316,001100001001,16,1.751743562329479e-06,0.9999982482564377,cache,True,0.0,0.02743967087008059,0.027442136080935597,True
2317,101100001001,18,1.5763930704872137e-06,0.9999984236069295,cache,True,0.0,0.03102122200652957,0.03102378686890006,True
2318,011100001001,20,0.999997901615603,2.0983843970201477e-06,cache,True,0.0,0.027209906140342355,0.027212189976125956,True
2319,111100001001,18,0.9999977274282389,2.2725717611082885e-06,cache,True,0.0,0.03039052803069353,0.030392922926694155,True
2320,000010001001,16,2.0973737729445685e-06,0.999997902626227,cache,True,0.0,0.026533361990004778,0.026535757118836045,True
2321,100010001001,20,1.5752316544976043e-06,0.9999984247683456,cache,True,0.0,0.03172557894140482,0.03172798315063119,True
2322,010010001001,18,0.9999982463805328,1.7536194671929906e-06,cache,True,0.0,0.026560825994238257,0.026564012048766017,True
2323,110010001001,22,0.9999977277159896,2.2722840103961417e-06,cache,True,0.0,0.02643438009545207,0.026436885120347142,True
2324,001010001001,20,0.9999977285122192,2.2714877807583633e-06,cache,True,0.0,0.031590556958690286,0.03159267106093466,True
2325,101010001001,22,0.999998248764694,1.7512353059911945e-06,cache,True,0.0,0.031240156153216958,0.031242451164871454,True
2326,011010001001,20,1.2309830379194677e-06,0.999998769016962,cache,True,0.0,0.02563450811430812,0.02563698310405016,True
2327,111010001001,18,2.4453898016627343e-06,0.9999975546101983,cache,True,0.0,0.025654055876657367,0.025660879909992218,True
2328,000110001001,18,0.9999982483321723,1.7516678276763287e-06,cache,True,0.0,0.027240625116974115,0.027243321062996984,True
2329,100110001001,20,0.9999977282259379,2.271774062090337e-06,cache,True,0.0,0.026959258830174804,0.026961552910506725,True
2330,010110001001,22,2.0978789644478913e-06,0.9999979021210356,cache,True,0.0,0.030142817180603743,0.03014516201801598,True
2331,110110001001,20,1.5789229588140038e-06,0.9999984210770412,cache,True,0.0,0.02751783304847777,0.027520067058503628,True
2332,001110001001,20,1.2313447564887964e-06,0.9999987686552435,cache,True,0.0,0.0262942579574883,0.026296423049643636,True
2333,101110001001,20,2.445460604672932e-06,0.9999975545393953,cache,True,0.0,0.028846161207184196,0.02884830511175096,True
2334,011110001001,22,0.9999977291614178,2.2708385821745836e-06,cache,True,0.0,0.027186529943719506,0.027188804000616074,True
2335,111110001001,22,0.9999982479688295,1.75203117047662e-06,cache,True,0.0,0.030006041983142495,0.030008827103301883,True
2336,000001001001,18,1.7500786853183642e-06,0.9999982499213147,cache,True,0.0,0.03372157202102244,0.033724437933415174,True
2337,100001001001,24,1.5748700773072819e-06,0.9999984251299227,cache,True,0.0,0.035322468960657716,0.03532559610903263,True
2338,010001001001,22,0.9999979021200146,2.097879985396567e-06,cache,True,0.0,0.030808629002422094,0.0308119161054492,True
2339,110001001001,24,0.9999977260556012,2.2739443987784824e-06,cache,True,0.0,0.03115460113622248,0.031163929030299187,True
2340,001001001001,24,0.9999977278590116,2.272140988357485e-06,cache,True,0.0,0.044438210083171725,0.044440974947065115,True
2341,101001001001,24,0.9999979017599229,2.098240077130775e-06,cache,True,0.0,0.034870080882683396,0.03487288695760071,True
2342,011001001001,22,1.924918928553267e-06,0.9999980750810714,cache,True,0.0,0.03515380178578198,0.03515670797787607,True
2343,111001001001,22,1.4032190359017581e-06,0.9999985967809641,cache,True,0.0,0.028761947993189096,0.028764621820300817,True
2344,000101001001,22,0.9999979013244535,2.0986755464580398e-06,cache,True,0.0,0.031400858890265226,0.031403695000335574,True
2345,100101001001,22,0.9999977272811538,2.2727188462301484e-06,cache,True,0.0,0.03175428509712219,0.031757110031321645,True
2346,010101001001,24,1.7489952800901128e-06,0.99999825100472,cache,True,0.0,0.03575731301680207,0.0357598380651325,True
2347,110101001001,24,1.5758093514122405e-06,0.9999984241906485,cache,True,0.0,0.028050336986780167,0.028053011978045106,True
2348,001101001001,22,1.9248460796933987e-06,0.9999980751539203,cache,True,0.0,0.029624392045661807,0.029627257026731968,True
2349,101101001001,24,1.4034383085381607e-06,0.9999985965616914,cache,True,0.0,0.031207683961838484,0.031210158951580524,True
2350,011101001001,26,0.999997728080637,2.271919362972774e-06,cache,True,0.0,0.04401652212254703,0.04402034799568355,True
2351,111101001001,24,0.999997901108914,2.098891086044219e-06,cache,True,0.0,0.029137355973944068,0.02914076205343008,True
2352,000011001001,20,1.9220957700693355e-06,0.9999980779042299,cache,True,0.0,0.026462705107405782,0.02646584203466773,True
2353,100011001001,24,1.750946769206063e-06,0.9999982490532308,cache,True,0.0,0.030649960972368717,0.030652696965262294,True
2354,010011001001,22,0.9999984212188484,1.5787811515899364e-06,cache,True,0.0,0.04742787196300924,0.04743040702305734,True
2355,110011001001,26,0.9999975544677173,2.445532282679963e-06,cache,True,0.0,0.02967021008953452,0.029672735137864947,True
2356,001011001001,24,0.9999975548326331,2.4451673669156904e-06,cache,True,0.0,0.031037703854963183,0.031040238915011287,True
2357,101011001001,26,0.999998423463577,1.576536422964736e-06,cache,True,0.0,0.03268378903158009,0.032686162972822785,True
2358,011011001001,24,1.4042331801195173e-06,0.9999985957668199,cache,True,0.0,0.028772898949682713,0.028775342972949147,True
2359,111011001001,22,2.2725729066809317e-06,0.9999977274270934,cache,True,0.0,0.027908651158213615,0.02791114617139101,True
2360,000111001001,22,0.9999984205674243,1.5794325757267913e-06,cache,True,0.0,0.034087633015587926,0.03409004700370133,True
2361,100111001001,24,0.9999975555513133,2.444448686689249e-06,cache,True,0.0,0.02833757409825921,0.0283398381434381,True
2362,010111001001,26,1.923184964659868e-06,0.9999980768150354,cache,True,0.0,0.030671022133901715,0.03067305707372725,True
2363,110111001001,24,1.7514519569467112e-06,0.9999982485480431,cache,True,0.0,0.02523282915353775,0.025235072011128068,True
2364,001111001001,24,1.4048818426754964e-06,0.9999985951181574,cache,True,0.0,0.028280944097787142,0.02828332898207009,True
2365,101111001001,24,2.2703335961087323e-06,0.9999977296664039,cache,True,0.0,0.031158196972683072,0.031160672893747687,True
2366,011111001001,26,0.9999975543228651,2.445677134921276e-06,cache,True,0.0,0.02707699709571898,0.02707928093150258,True
2367,111111001001,26,0.9999984223766742,1.577623325754729e-06,cache,True,0.0,0.030938090989366174,0.03094062488526106,True
2368,000000101001,18,1.7503696043614549e-06,0.9999982496303956,cache,True,0.0,0.026626343140378594,0.026628918014466763,True
2369,100000101001,24,1.9242659258917545e-06,0.9999980757340741,cache,True,0.0,0.027146382024511695,0.02714887703768909,True
2370,010000101001,22,0.999997901830902,2.098169098019298e-06,cache,True,0.0,0.026770112104713917,0.02677247580140829,True
2371,110000101001,24,0.9999980742864432,1.92571355683846e-06,cache,True,0.0,0.028721970040351152,0.028724404983222485,True
2372,001000101001,24,0.9999980749375733,1.9250624266886618e-06,cache,True,0.0,0.027713121846318245,0.02771591697819531,True
2373,101000101001,24,0.9999979000265294,2.0999734705595685e-06,cache,True,0.0,0.03529040701687336,0.03529310203157365,True
2374,011000101001,22,1.5775511294744882e-06,0.9999984224488705,cache,True,0.0,0.030940585071220994,0.030943632125854492,True
2375,111000101001,22,2.0970831340813616e-06,0.999997902916866,cache,True,0.0,0.026503294007852674,0.026505677960813046,True
2376,000100101001,22,0.9999979010387746,2.0989612253830003e-06,cache,True,0.0,0.02705167792737484,0.027054112870246172,True
2377,100100101001,22,0.9999980752260786,1.924773921357925e-06,cache,True,0.0,0.02646750397980213,0.026469809003174305,True
2378,010100101001,24,1.7507304735854327e-06,0.9999982492695264,cache,True,0.0,0.026750434190034866,0.026752967853099108,True
2379,110100101001,24,1.9240530434609883e-06,0.9999980759469566,cache,True,0.0,0.027617786778137088,0.027620160952210426,True
2380,001100101001,22,1.5763245633354995e-06,0.9999984236754367,cache,True,0.0,0.028651562985032797,0.028654388850554824,True
2381,101100101001,24,2.098744877655846e-06,0.9999979012551223,cache,True,0.0,0.03429891285486519,0.034301457926630974,True
2382,011100101001,26,0.9999980760274264,1.9239725735920032e-06,cache,True,0.0,0.02984866709448397,0.029851071070879698,True
2383,111100101001,24,0.9999979005323826,2.0994676174224125e-06,cache,True,0.0,0.027376659214496613,0.027379295090213418,True
2384,000010101001,22,1.9258572713963176e-06,0.9999980741427286,cache,True,0.0,0.025633655954152346,0.02563580102287233,True
2385,100010101001,26,2.1009141380661456e-06,0.9999978990858619,cache,True,0.0,0.02630507992580533,0.02630725409835577,True
2386,010010101001,24,0.9999977293793645,2.2706206355138647e-06,cache,True,0.0,0.027215335983783007,0.027217940893024206,True
2387,110010101001,28,0.9999985959839527,1.4040160473127727e-06,cache,True,0.0,0.030609152046963573,0.03061144589446485,True
2388,001010101001,26,0.9999985954797885,1.4045202114676414e-06,cache,True,0.0,0.02643013186752796,0.026432556100189686,True
2389,101010101001,28,0.999997728726672,2.271273327969503e-06,cache,True,0.0,0.02842835010960698,0.028430734993889928,True
2390,011010101001,26,2.4460399051836433e-06,0.9999975539600948,cache,True,0.0,0.03155865496955812,0.03156101005151868,True
2391,111010101001,24,1.5778425072851368e-06,0.9999984221574927,cache,True,0.0,0.02708369097672403,0.02708634501323104,True
2392,000110101001,24,0.9999977272820866,2.272717913420763e-06,cache,True,0.0,0.027089191135019064,0.027091986034065485,True
2393,100110101001,26,0.9999985982376741,1.401762325881073e-06,cache,True,0.0,0.031221270095556974,0.03122514788992703,True
2394,010110101001,28,1.9263632403099738e-06,0.9999980736367597,cache,True,0.0,0.031779473880305886,0.03178279008716345,True
2395,110110101001,26,2.0976631236492364e-06,0.9999979023368764,cache,True,0.0,0.03229608619585633,0.032298811012879014,True
2396,001110101001,26,2.4464030051422213e-06,0.9999975535969948,cache,True,0.0,0.027017752174288034,0.02702073915861547,True
2397,101110101001,26,1.57849567982443e-06,0.9999984215043202,cache,True,0.0,0.02867165207862854,0.028674456989392638,True
2398,011110101001,28,0.9999985984512137,1.4015487862506504e-06,cache,True,0.0,0.029871891951188445,0.029874896863475442,True
2399,111110101001,28,0.9999977285114958,2.271488504179686e-06,cache,True,0.0,0.027914522914215922,0.02791687799617648,True
2400,000001101001,18,1.576681940893466e-06,0.9999984233180591,cache,True,0.0,0.0296705299988389,0.029673126060515642,True
2401,100001101001,24,2.099540739203664e-06,0.9999979004592608,cache,True,0.0,0.03216725611127913,0.0321697611361742,True
2402,010001101001,22,0.9999980759529559,1.9240470441328483e-06,cache,True,0.0,0.03160274983383715,0.031605054857209325,True
2403,110001101001,24,0.9999979017598574,2.0982401426339337e-06,cache,True,0.0,0.0361204978544265,0.036122772842645645,True
2404,001001101001,24,0.9999979008208276,2.099179172376786e-06,cache,True,0.0,0.029969952069222927,0.029972587013617158,True
2405,101001101001,24,0.9999980751552235,1.9248447764574905e-06,cache,True,0.0,0.04412783798761666,0.04413002100773156,True
2406,011001101001,22,1.752103113110613e-06,0.9999982478968868,cache,True,0.0,0.029964450979605317,0.0299667960498482,True
2407,111001101001,22,1.9241228853865975e-06,0.9999980758771146,cache,True,0.0,0.028264662018045783,0.02826698706485331,True
2408,000101101001,22,0.9999980751550324,1.9248449676378954e-06,cache,True,0.0,0.03413889207877219,0.034141177078709006,True
2409,100101101001,22,0.9999979018310855,2.098168914499432e-06,cache,True,0.0,0.027401186991482973,0.027403681073337793,True
2410,010101101001,24,1.577915081809461e-06,0.9999984220849182,cache,True,0.0,0.027454789960756898,0.027457465883344412,True
2411,110101101001,24,2.0981661189352694e-06,0.999997901833881,cache,True,0.0,0.03281128592789173,0.03281383099965751,True
2412,001101101001,22,1.749713470876145e-06,0.9999982502865291,cache,True,0.0,0.03157644905149937,0.031579334987327456,True
2413,101101101001,24,1.9249165854348984e-06,0.9999980750834145,cache,True,0.0,0.026291372952982783,0.026294197887182236,True
2414,011101101001,26,0.9999979016150677,2.098384932258668e-06,cache,True,0.0,0.028841171180829406,0.028843516018241644,True
2415,111101101001,24,0.9999980756590197,1.9243409803415545e-06,cache,True,0.0,0.03321426804177463,0.033216662937775254,True
2416,000011101001,20,1.7511612759276136e-06,0.9999982488387241,cache,True,0.0,0.02751439716666937,0.027517010923475027,True
2417,100011101001,24,2.2714171283620827e-06,0.9999977285828716,cache,True,0.0,0.028841983061283827,0.028844367945566773,True
2418,010011101001,22,0.9999979001697294,2.099830270552161e-06,cache,True,0.0,0.031034877989441156,0.031037111999467015,True
2419,110011101001,26,0.9999984233131153,1.576686884718903e-06,cache,True,0.0,0.0307038058526814,0.030706290854141116,True
2420,001011101001,24,0.999998421216986,1.5787830139890602e-06,cache,True,0.0,0.026582448044791818,0.026584963081404567,True
2421,101011101001,26,0.999997901684808,2.0983151920450638e-06,cache,True,0.0,0.030582499923184514,0.030585015891119838,True
2422,011011101001,24,2.619289741352842e-06,0.9999973807102587,cache,True,0.0,0.03086175210773945,0.03086422709748149,True
2423,111011101001,22,1.400386884486712e-06,0.9999985996131155,cache,True,0.0,0.02554257004521787,0.025545043870806694,True
2424,000111101001,22,0.9999979003876127,2.099612387285177e-06,cache,True,0.0,0.030271537834778428,0.03027372108772397,True
2425,100111101001,24,0.9999984212195692,1.5787804308331488e-06,cache,True,0.0,0.027678343933075666,0.02768083894625306,True
2426,010111101001,26,1.7513788654640243e-06,0.9999982486211345,cache,True,0.0,0.027273959945887327,0.0272764649707824,True
2427,110111101001,24,2.2716338720632277e-06,0.999997728366128,cache,True,0.0,0.028753581922501326,0.028755946084856987,True
2428,001111101001,24,2.619647790339148e-06,0.9999973803522096,cache,True,0.0,0.02798919822089374,0.02799138193950057,True
2429,101111101001,24,1.4036527949133983e-06,0.9999985963472051,cache,True,0.0,0.028953869827091694,0.028956274036318064,True
2430,011111101001,26,0.9999984215788223,1.578421177650391e-06,cache,True,0.0,0.027392609976232052,0.02739525493234396,True
2431,111111101001,26,0.9999979014720409,2.0985279590712835e-06,cache,True,0.0,0.02583367400802672,0.025836009066551924,True
2432,000000011001,18,1.9246315632864454e-06,0.9999980753684368,cache,True,0.0,0.027671450981870294,0.027674026088789105,True
2433,100000011001,24,1.3998872818787406e-06,0.9999986001127181,cache,True,0.0,0.029106284957379103,0.02910898090340197,True
2434,010000011001,20,0.9999977284398188,2.2715601811773567e-06,cache,True,0.0,0.03524547885172069,0.035247934982180595,True
2435,110000011001,22,0.9999979010371475,2.0989628525258652e-06,cache,True,0.0,0.02843495295383036,0.02843734808266163,True
2436,001000011001,24,0.9999979002446511,2.099755348927701e-06,cache,True,0.0,0.026912338100373745,0.026915003079921007,True
2437,101000011001,24,0.9999977269202234,2.2730797766268296e-06,cache,True,0.0,0.029571749037131667,0.029574464075267315,True
2438,011000011001,20,1.7505129537543077e-06,0.9999982494870463,cache,True,0.0,0.027053572004660964,0.027056487975642085,True
2439,111000011001,20,1.5774819037913266e-06,0.9999984225180962,cache,True,0.0,0.026673705084249377,0.026676380075514317,True
2440,000100011001,22,0.9999977280772011,2.2719227988909907e-06,cache,True,0.0,0.031145703047513962,0.03114846907556057,True
2441,100100011001,22,0.9999979006750088,2.099324991178264e-06,cache,True,0.0,0.0318472848739475,0.03185092215426266,True
2442,010100011001,22,1.9245517263041117e-06,0.9999980754482737,cache,True,0.0,0.026586415013298392,0.02658916008658707,True
2443,110100011001,22,1.4015487135343518e-06,0.9999985984512865,cache,True,0.0,0.03404008015058935,0.03404260613024235,True
2444,001100011001,22,1.751164562902397e-06,0.9999982488354371,cache,True,0.0,0.028807145077735186,0.028809770941734314,True
2445,101100011001,24,1.5758132832676042e-06,0.9999984241867167,cache,True,0.0,0.02646902692504227,0.026471843011677265,True
2446,011100011001,24,0.9999978994492115,2.100550788530775e-06,cache,True,0.0,0.029551689978688955,0.029554123990237713,True
2447,111100011001,22,0.9999977278603976,2.272139602355061e-06,cache,True,0.0,0.030363745987415314,0.03036663099192083,True
2448,000010011001,22,2.098098047417633e-06,0.9999979019019526,cache,True,0.0,0.03372105094604194,0.03372344607487321,True
2449,100010011001,26,1.57595986270737e-06,0.9999984240401373,cache,True,0.0,0.030018446035683155,0.030021161073818803,True
2450,010010011001,22,0.9999982469575489,1.7530424510914244e-06,cache,True,0.0,0.025958777172490954,0.025961090810596943,True
2451,110010011001,26,0.9999977280058839,2.271994116065379e-06,cache,True,0.0,0.02835207199677825,0.028354345820844173,True
2452,001010011001,26,0.9999977269232632,2.273076736836188e-06,cache,True,0.0,0.03105450584553182,0.031057021813467145,True
2453,101010011001,28,0.9999982486230399,1.7513769601240625e-06,cache,True,0.0,0.027369515039026737,0.027372010052204132,True
2454,011010011001,24,1.2263490792229387e-06,0.9999987736509208,cache,True,0.0,0.02804836188443005,0.028050828026607633,True
2455,111010011001,22,2.445391792744589e-06,0.9999975546082073,cache,True,0.0,0.029591266997158527,0.02959384210407734,True
2456,000110011001,24,0.9999982510859597,1.748914040256011e-06,cache,True,0.0,0.025863321963697672,0.025866237934678793,True
2457,100110011001,26,0.9999977272120705,2.272787929524789e-06,cache,True,0.0,0.03149043209850788,0.03149315807968378,True
2458,010110011001,26,2.0952688306795613e-06,0.9999979047311693,cache,True,0.0,0.031109903939068317,0.031112358905375004,True
2459,110110011001,24,1.5757396091191125e-06,0.9999984242603909,cache,True,0.0,0.03434994095005095,0.03435291815549135,True
2460,001110011001,26,1.2309136223606088e-06,0.9999987690863776,cache,True,0.0,0.02752208197489381,0.02752484707161784,True
2461,101110011001,26,2.4456030490032385e-06,0.999997554396951,cache,True,0.0,0.033802689984440804,0.03380494378507137,True
2462,011110011001,26,0.9999977274280293,2.2725719707183956e-06,cache,True,0.0,0.03031571302562952,0.03031817707233131,True
2463,111110011001,26,0.9999982488419374,1.751158062557323e-06,cache,True,0.0,0.05401112791150808,0.05401376308873296,True
2464,000001011001,22,1.7522479070917086e-06,0.9999982477520929,cache,True,0.0,0.029978458071127534,0.02998088300228119,True
2465,100001011001,28,1.5747325289828091e-06,0.9999984252674711,cache,True,0.0,0.029052722034975886,0.029055216116830707,True
2466,010001011001,24,0.9999979015439635,2.09845603649228e-06,cache,True,0.0,0.03329488402232528,0.033297138987109065,True
2467,110001011001,26,0.9999977275029021,2.2724970979437487e-06,cache,True,0.0,0.031832295935600996,0.03183486103080213,True
2468,001001011001,28,0.9999977268491144,2.2731508856344007e-06,cache,True,0.0,0.029394303914159536,0.029396980069577694,True
2469,101001011001,28,0.9999979016157258,2.098384274229481e-06,cache,True,0.0,0.0319360070861876,0.03193845180794597,True
2470,011001011001,24,1.924630779953383e-06,0.99999807536922,cache,True,0.0,0.03082150500267744,0.030823918990790844,True
2471,111001011001,24,1.4046648798334093e-06,0.9999985953351201,cache,True,0.0,0.03143527498468757,0.03143776999786496,True
2472,000101011001,26,0.9999979017616092,2.098238390813023e-06,cache,True,0.0,0.035529131069779396,0.035532076144590974,True
2473,100101011001,26,0.9999977274291434,2.2725708566095904e-06,cache,True,0.0,0.026457516010850668,0.026460360968485475,True
2474,010101011001,26,1.7501510561095503e-06,0.9999982498489439,cache,True,0.0,0.030949703184887767,0.030952467815950513,True
2475,110101011001,26,1.577552943850008e-06,0.9999984224470562,cache,True,0.0,0.038338471902534366,0.03834121790714562,True
2476,001101011001,26,1.9241249907422687e-06,0.9999980758750092,cache,True,0.0,0.027750744950026274,0.027753609931096435,True
2477,101101011001,28,1.4027152327556016e-06,0.9999985972847673,cache,True,0.0,0.029370919102802873,0.029373234137892723,True
2478,011101011001,28,0.9999977280768402,2.271923159824496e-06,cache,True,0.0,0.029811264015734196,0.02981357811950147,True
2479,111101011001,26,0.9999979031343582,2.09686564178746e-06,cache,True,0.0,0.031087670009583235,0.03109033592045307,True
2480,000011011001,24,1.92441431063133e-06,0.9999980755856893,cache,True,0.0,0.029427788918837905,0.02943055401556194,True
2481,100011011001,28,1.7509474306006024e-06,0.9999982490525694,cache,True,0.0,0.02908536489121616,0.02908809995278716,True
2482,010011011001,24,0.999998423386265,1.5766137350103904e-06,cache,True,0.0,0.028498757164925337,0.028501432156190276,True
2483,110011011001,28,0.9999975546126375,2.445387362493001e-06,cache,True,0.0,0.02979064406827092,0.029794500907883048,True
2484,001011011001,28,0.9999975542497155,2.445750284518766e-06,cache,True,0.0,0.033930857898667455,0.03393374406732619,True
2485,101011011001,30,0.9999984249105259,1.575089474070701e-06,cache,True,0.0,0.027061658212915063,0.027064263122156262,True
2486,011011011001,26,1.4000296951321433e-06,0.9999985999703048,cache,True,0.0,0.026127032935619354,0.026129538891837,True
2487,111011011001,24,2.271851331857053e-06,0.9999977281486682,cache,True,0.0,0.026809869101271033,0.026812374126166105,True
2488,000111011001,26,0.9999984223044354,1.5776955646362723e-06,cache,True,0.0,0.026542579988017678,0.026544745080173016,True
2489,100111011001,28,0.999997554105882,2.4458941180194316e-06,cache,True,0.0,0.028976312838494778,0.028978848829865456,True
2490,010111011001,28,1.923038480332149e-06,0.9999980769615197,cache,True,0.0,0.02667387598194182,0.02667613886296749,True
2491,110111011001,26,1.749564477959484e-06,0.999998250435522,cache,True,0.0,0.028214715886861086,0.028217280050739646,True
2492,001111011001,28,1.4045919484211595e-06,0.9999985954080516,cache,True,0.0,0.02724319905973971,0.027245524106547236,True
2493,101111011001,28,2.2706206634971664e-06,0.9999977293793365,cache,True,0.0,0.02935994789004326,0.02936263382434845,True
2494,011111011001,28,0.999997555622533,2.4443774669924423e-06,cache,True,0.0,0.0408270419575274,0.04082968691363931,True
2495,111111011001,28,0.9999984222285643,1.577771435723463e-06,cache,True,0.0,0.029075175058096647,0.029077599989250302,True
2496,000000111001,22,1.7516712548069664e-06,0.9999982483287452,cache,True,0.0,0.03330938285216689,0.03331187693402171,True
2497,100000111001,28,1.9244127738749844e-06,0.9999980755872261,cache,True,0.0,0.0281191598623991,0.028121635084971786,True
2498,010000111001,24,0.9999979021208537,2.097879146290005e-06,cache,True,0.0,0.028461704961955547,0.028464159928262234,True
2499,110000111001,26,0.9999980748642395,1.925135760472152e-06,cache,True,0.0,0.03612589789554477,0.03612814284861088,True
2500,001000111001,28,0.9999980736373644,1.926362635629175e-06,cache,True,0.0,0.03681372292339802,0.03681615786626935,True
2501,101000111001,28,0.9999979013255937,2.0986744062589935e-06,cache,True,0.0,0.028442607959732413,0.0284450629260391,True
2502,011000111001,24,1.5781316485342641e-06,0.9999984218683514,cache,True,0.0,0.028146933997049928,0.028149999910965562,True
2503,111000111001,24,2.0982408299008787e-06,0.9999979017591701,cache,True,0.0,0.03166843787766993,0.03167082299478352,True
2504,000100111001,26,0.9999979011859849,2.0988140151390056e-06,cache,True,0.0,0.028441975824534893,0.028444452211260796,True
2505,100100111001,26,0.9999980745038445,1.9254961555192907e-06,cache,True,0.0,0.0291328770108521,0.029135542921721935,True
2506,010100111001,26,1.7521751216398711e-06,0.9999982478248783,cache,True,0.0,0.026946634985506535,0.026949369814246893,True
2507,110100111001,26,1.9249214517051536e-06,0.9999980750785483,cache,True,0.0,0.02723097614943981,0.02723387209698558,True
2508,001100111001,26,1.5753142432491322e-06,0.9999984246857567,cache,True,0.0,0.027755985036492348,0.02775864116847515,True
2509,101100111001,28,2.0988903365501424e-06,0.9999979011096635,cache,True,0.0,0.029349347110837698,0.02935219299979508,True
2510,011100111001,28,0.9999980757342821,1.924265717878626e-06,cache,True,0.0,0.02847466990351677,0.028477083891630173,True
2511,111100111001,26,0.9999979028492328,2.0971507671552203e-06,cache,True,0.0,0.026163754984736443,0.026166400872170925,True
2512,000010111001,26,1.9238368768426034e-06,0.9999980761631232,cache,True,0.0,0.02983885700814426,0.02984137204475701,True
2513,100010111001,30,2.0977331458348214e-06,0.9999979022668541,cache,True,0.0,0.030348756816238165,0.030351180816069245,True
2514,010010111001,26,0.9999977277898053,2.2722101946648365e-06,cache,True,0.0,0.02772144810296595,0.027724484214559197,True
2515,110010111001,30,0.9999985941047435,1.405895256545442e-06,cache,True,0.0,0.027034394908696413,0.027036999817937613,True
2516,001010111001,30,0.999998595767452,1.4042325480190243e-06,cache,True,0.0,0.027906666975468397,0.027909002033993602,True
2517,101010111001,32,0.9999977281520088,2.271847991175413e-06,cache,True,0.0,0.027373522985726595,0.027375707169994712,True
2518,011010111001,28,2.4438703198941466e-06,0.9999975561296801,cache,True,0.0,0.035747324116528034,0.035749637987464666,True
2519,111010111001,26,1.576830505771077e-06,0.9999984231694943,cache,True,0.0,0.03103877604007721,0.03104112111032009,True
2520,000110111001,28,0.9999977287287827,2.271271217324511e-06,cache,True,0.0,0.029091978212818503,0.02909505390562117,True
2521,100110111001,30,0.999998594757013,1.4052429869737537e-06,cache,True,0.0,0.030357755022123456,0.03036057995632291,True
2522,010110111001,30,1.926507675861496e-06,0.9999980734923242,cache,True,0.0,0.0310617508366704,0.031064205104485154,True
2523,110110111001,28,2.097229878312328e-06,0.9999979027701217,cache,True,0.0,0.03374656103551388,0.03374949702993035,True
2524,001110111001,30,2.443511373161607e-06,0.9999975564886269,cache,True,0.0,0.026451854966580868,0.026454037986695766,True
2525,101110111001,30,1.576176543139844e-06,0.9999984238234568,cache,True,0.0,0.027226217091083527,0.027228772174566984,True
2526,011110111001,30,0.9999985959877513,1.404012248684694e-06,cache,True,0.0,0.029337915126234293,0.029340530978515744,True
2527,111110111001,30,0.9999977275001555,2.2724998445244893e-06,cache,True,0.0,0.029053302947431803,0.029055696912109852,True
2528,000001111001,24,1.577264259208383e-06,0.9999984227357408,cache,True,0.0,0.03009388200007379,0.030096677830442786,True
2529,100001111001,30,2.096646213656775e-06,0.9999979033537864,cache,True,0.0,0.026052528992295265,0.026054903864860535,True
2530,010001111001,26,0.9999980766759015,1.9233240985405686e-06,cache,True,0.0,0.028006752021610737,0.028009086847305298,True
2531,110001111001,28,0.9999979021924414,2.0978075585542655e-06,cache,True,0.0,0.03211243893019855,0.03211632720194757,True
2532,001001111001,30,0.9999979005312376,2.099468762395418e-06,cache,True,0.0,0.03129967208951712,0.03130285791121423,True
2533,101001111001,30,0.9999980745759738,1.92542402621676e-06,cache,True,0.0,0.026993755949661136,0.026996681932359934,True
2534,011001111001,26,1.7508026628188693e-06,0.9999982491973372,cache,True,0.0,0.029640101129189134,0.029643449001014233,True
2535,111001111001,26,1.924553414699719e-06,0.9999980754465853,cache,True,0.0,0.027094341116026044,0.027097146026790142,True
2536,000101111001,28,0.999998074865384,1.925134616054258e-06,cache,True,0.0,0.026574663119390607,0.026577298063784838,True
2537,100101111001,28,0.9999979012540718,2.0987459281585075e-06,cache,True,0.0,0.02745605306699872,0.027458507101982832,True
2538,010101111001,28,1.5777719763023632e-06,0.9999984222280237,cache,True,0.0,0.02587920310907066,0.025881406851112843,True
2539,110101111001,28,2.0974448506996724e-06,0.9999979025551493,cache,True,0.0,0.029708313988521695,0.029710929142311215,True
2540,001101111001,28,1.7505850824365588e-06,0.9999982494149176,cache,True,0.0,0.0344947618432343,0.034497307846322656,True
2541,101101111001,30,1.923466190844731e-06,0.9999980765338091,cache,True,0.0,0.028936254791915417,0.028939080890268087,True
2542,011101111001,30,0.9999979003156391,2.0996843609344396e-06,cache,True,0.0,0.02900277404114604,0.0290052299387753,True
2543,111101111001,28,0.9999980752250536,1.9247749464268438e-06,cache,True,0.0,0.028176480904221535,0.028178785927593708,True
2544,000011111001,26,1.750441698247678e-06,0.9999982495583017,cache,True,0.0,0.03126269089989364,0.031265085097402334,True
2545,100011111001,30,2.2718491070713104e-06,0.9999977281508929,cache,True,0.0,0.02865439816378057,0.02865667291916907,True
2546,010011111001,26,0.9999979004601623,2.099539837652209e-06,cache,True,0.0,0.031491464003920555,0.03149401885457337,True
2547,110011111001,30,0.9999984238909129,1.57610908713135e-06,cache,True,0.0,0.03373303497210145,0.03373577003367245,True
2548,001011111001,30,0.9999984216517898,1.5783482102404989e-06,cache,True,0.0,0.028765575028955936,0.028768139891326427,True
2549,101011111001,32,0.9999979041488788,2.0958511212088027e-06,cache,True,0.0,0.027758280048146844,0.027761064004153013,True
2550,011011111001,28,2.618420125847637e-06,0.9999973815798742,cache,True,0.0,0.03121384489350021,0.03121634083800018,True
2551,111011111001,26,1.4041591269948106e-06,0.999998595840873,cache,True,0.0,0.029277748195454478,0.029280634131282568,True
2552,000111111001,28,0.9999979040071504,2.095992849615591e-06,cache,True,0.0,0.02864268608391285,0.028645400889217854,True
2553,100111111001,30,0.9999984228079253,1.5771920747198465e-06,cache,True,0.0,0.028005329193547368,0.028007813962176442,True
2554,010111111001,30,1.7531150262018254e-06,0.9999982468849739,cache,True,0.0,0.02648639096878469,0.02648900682106614,True
2555,110111111001,28,2.2716342288205035e-06,0.9999977283657712,cache,True,0.0,0.031045630108565092,0.031048203818500042,True
2556,001111111001,30,2.6195017888879736e-06,0.9999973804982111,cache,True,0.0,0.0351274199783802,0.035130416974425316,True
2557,101111111001,30,1.4040898852854438e-06,0.9999985959101148,cache,True,0.0,0.027164046885445714,0.027166741900146008,True
2558,011111111001,30,0.9999984218675094,1.5781324905761451e-06,cache,True,0.0,0.027597217122092843,0.027599571039900184,True
2559,111111111001,30,0.9999979014709601,2.098529039873398e-06,cache,True,0.0,0.03394954511895776,0.03395180986262858,True
2560,000000000101,10,1.4041592718577746e-06,0.9999985958407281,cache,True,0.0,0.027907509123906493,0.027910225093364716,True
2561,100000000101,14,1.5773319240784711e-06,0.9999984226680759,cache,True,0.0,0.02731251483783126,0.027314948849380016,True
2562,010000000101,14,0.9999975537470218,2.4462529781832387e-06,cache,True,0.0,0.027392820920795202,0.027395335026085377,True
2563,110000000101,18,0.9999977277880294,2.2722119705775867e-06,cache,True,0.0,0.031199036864563823,0.031201391015201807,True
2564,001000000101,16,0.9999977278609379,2.2721390621205373e-06,cache,True,0.0,0.02749157208018005,0.02749436697922647,True
2565,101000000101,14,0.9999975548292876,2.4451707123507305e-06,cache,True,0.0,0.026710866950452328,0.026713171042501926,True
2566,011000000101,14,1.2277210777434417e-06,0.9999987722789223,cache,True,0.0,0.02742374106310308,0.027426405111327767,True
2567,111000000101,16,1.7502965137845975e-06,0.9999982497034862,cache,True,0.0,0.0280351669061929,0.028037380892783403,True
2568,000100000101,16,0.9999975549733023,2.4450266976616675e-06,cache,True,0.0,0.027855188120156527,0.027857873123139143,True
2569,100100000101,14,0.9999977267062468,2.2732937532410347e-06,cache,True,0.0,0.02779225492849946,0.02779441000893712,True
2570,010100000101,14,1.4039451189669726e-06,0.9999985960548811,cache,True,0.0,0.02696942910552025,0.02697172318585217,True
2571,110100000101,16,1.5765408857564748e-06,0.9999984234591143,cache,True,0.0,0.03052337607368827,0.03052590019069612,True
2572,001100000101,16,1.2299724533310266e-06,0.9999987700275467,cache,True,0.0,0.030744514893740416,0.030746959848329425,True
2573,101100000101,16,1.7508027251817132e-06,0.9999982491972749,cache,True,0.0,0.026566657004877925,0.026568912202492356,True
2574,011100000101,16,0.9999977280775029,2.2719224971323726e-06,cache,True,0.0,0.026708433171734214,0.026710656937211752,True
2575,111100000101,16,0.9999975538896527,2.4461103472761536e-06,cache,True,0.0,0.03008000599220395,0.03008228982798755,True
2576,000010000101,14,1.924412924242601e-06,0.9999980755870758,cache,True,0.0,0.02621354185976088,0.026216066908091307,True
2577,100010000101,16,1.4019872365098255e-06,0.9999985980127635,cache,True,0.0,0.029346251161769032,0.02935020881704986,True
2578,010010000101,16,0.9999970345040546,2.9654959453617735e-06,cache,True,0.0,0.030967378057539463,0.0309702530503273,True
2579,110010000101,22,0.9999972065247846,2.793475215367991e-06,cache,True,0.0,0.0270938400644809,0.027096375124529004,True
2580,001010000101,18,0.9999979007514981,2.0992485019188933e-06,cache,True,0.0,0.026156941894441843,0.026159315835684538,True
2581,101010000101,18,0.9999977274276056,2.2725723943795018e-06,cache,True,0.0,0.026926195016130805,0.02692860900424421,True
2582,011010000101,18,1.0564353387152317e-06,0.9999989435646612,cache,True,0.0,0.028362581972032785,0.028364856960251927,True
2583,111010000101,18,8.834029063178143e-07,0.9999991165970937,cache,True,0.0,0.028801353881135583,0.028803888941183686,True
2584,000110000101,18,0.9999977285835053,2.2714164946702198e-06,cache,True,0.0,0.026817223988473415,0.02681980817578733,True
2585,100110000101,18,0.999997900316687,2.0996833129949266e-06,cache,True,0.0,0.031866732984781265,0.0318691770080477,True
2586,010110000101,18,1.2319228580302852e-06,0.9999987680771419,cache,True,0.0,0.027341962093487382,0.027344827074557543,True
2587,110110000101,18,7.086361171062411e-07,0.9999992913638829,cache,True,0.0,0.028758710948750377,0.028761526104062796,True
2588,001110000101,20,1.7480516227482235e-06,0.9999982519483772,cache,True,0.0,0.03295517503283918,0.03295746888034046,True
2589,101110000101,18,1.577048028972932e-06,0.999998422951971,cache,True,0.0,0.029121374944224954,0.02912416006438434,True
2590,011110000101,18,0.9999972063791485,2.7936208515377814e-06,cache,True,0.0,0.026946814032271504,0.026949209859594703,True
2591,111110000101,20,0.9999970345040546,2.9654959453617735e-06,cache,True,0.0,0.026260784128680825,0.026263207895681262,True
2592,000001000101,16,1.2307673507633496e-06,0.9999987692326492,cache,True,0.0,0.02796550211496651,0.02796777617186308,True
2593,100001000101,20,1.7520303236173834e-06,0.9999982479696764,cache,True,0.0,0.03186275507323444,0.031865020049735904,True
2594,010001000101,20,0.9999977293111284,2.270688871597315e-06,cache,True,0.0,0.02684394479729235,0.026846268912777305,True
2595,110001000101,24,0.9999975552625298,2.4447374702418756e-06,cache,True,0.0,0.02633376489393413,0.026336319977417588,True
2596,001001000101,22,0.9999975537429913,2.4462570087369073e-06,cache,True,0.0,0.026633447036147118,0.026635881047695875,True
2597,101001000101,20,0.9999977290911303,2.2709088697281388e-06,cache,True,0.0,0.029509688960388303,0.0295119930524379,True
2598,011001000101,20,1.4028565957350998e-06,0.9999985971434042,cache,True,0.0,0.033078353852033615,0.03308078902773559,True
2599,111001000101,22,1.5776258504738964e-06,0.9999984223741495,cache,True,0.0,0.02608388988301158,0.026086335070431232,True
2600,000101000101,22,0.9999977290893239,2.270910676061e-06,cache,True,0.0,0.03060981398448348,0.030612197937443852,True
2601,100101000101,20,0.9999975553352615,2.4446647385323317e-06,cache,True,0.0,0.027286695083603263,0.02728950884193182,True
2602,010101000101,20,1.2299706473866847e-06,0.9999987700293527,cache,True,0.0,0.027342652902007103,0.027345658978447318,True
2603,110101000101,22,1.750946917343946e-06,0.9999982490530827,cache,True,0.0,0.026413500076159835,0.026415953878313303,True
2604,001101000101,22,1.4048084790260296e-06,0.999998595191521,cache,True,0.0,0.028319308068603277,0.028321823105216026,True
2605,101101000101,22,1.578132668149341e-06,0.9999984218673319,cache,True,0.0,0.028039596043527126,0.02804242097772658,True
2606,011101000101,22,0.9999975545415055,2.445458494482189e-06,cache,True,0.0,0.03474324499256909,0.034745699958875775,True
2607,111101000101,22,0.9999977278602189,2.272139781100968e-06,cache,True,0.0,0.031681513879448175,0.031683888053521514,True
2608,000011000101,18,1.056435338993948e-06,0.999998943564661,cache,True,0.0,0.0275391039904207,0.027541377814486623,True
2609,100011000101,20,8.806447867753305e-07,0.9999991193552132,cache,True,0.0,0.0280696339905262,0.02807187894359231,True
2610,010011000101,20,0.9999979049479994,2.095052000550268e-06,cache,True,0.0,0.026634638896211982,0.026637303875759244,True
2611,110011000101,26,0.9999977285835053,2.2714164946702198e-06,cache,True,0.0,0.02667286293581128,0.026675428031012416,True
2612,001011000101,22,0.999997033493194,2.9665068059792077e-06,cache,True,0.0,0.02665451797656715,0.02665706304833293,True
2613,101011000101,22,0.9999972076812832,2.7923187168044095e-06,cache,True,0.0,0.025962754851207137,0.025965309934690595,True
2614,011011000101,22,1.9244148490595825e-06,0.999998075585151,cache,True,0.0,0.02766440692357719,0.027666572015732527,True
2615,111011000101,22,1.405028800333716e-06,0.9999985949711997,cache,True,0.0,0.028902590041980147,0.02890493511222303,True
2616,000111000101,22,0.9999972086916005,2.7913083995301236e-06,cache,True,0.0,0.02563963900320232,0.02564218291081488,True
2617,100111000101,22,0.9999970334931944,2.9665068056461408e-06,cache,True,0.0,0.02873422298580408,0.028736728942021728,True
2618,010111000101,22,1.749934217853792e-06,0.9999982500657821,cache,True,0.0,0.028897089883685112,0.028899514116346836,True
2619,110111000101,22,1.5770481483333245e-06,0.9999984229518517,cache,True,0.0,0.027244511991739273,0.02724680700339377,True
2620,001111000101,24,1.2280135953657059e-06,0.9999987719864046,cache,True,0.0,0.027513675158843398,0.027516058878973126,True
2621,101111000101,22,7.086361166881671e-07,0.9999992913638833,cache,True,0.0,0.026097585912793875,0.026099821086972952,True
2622,011111000101,22,0.9999977274276058,2.272572394157457e-06,cache,True,0.0,0.02835233206860721,0.028354536974802613,True
2623,111111000101,24,0.999997902196816,2.097803184053504e-06,cache,True,0.0,0.02814807603135705,0.028150549856945872,True
2624,000000100101,16,1.924342693716341e-06,0.9999980756573063,cache,True,0.0,0.029416017001494765,0.029418240999802947,True
2625,100000100101,20,1.4026317625627623e-06,0.9999985973682375,cache,True,0.0,0.02806159807369113,0.028063833015039563,True
2626,010000100101,20,0.9999977275733959,2.2724266041107555e-06,cache,True,0.0,0.027999437879770994,0.028003134997561574,True
2627,110000100101,24,0.9999979006029426,2.099397057420127e-06,cache,True,0.0,0.032433683052659035,0.03243655897676945,True
2628,001000100101,22,0.9999979013994676,2.098600532352002e-06,cache,True,0.0,0.02609053300693631,0.02609330788254738,True
2629,101000100101,20,0.9999977276444982,2.2723555017645225e-06,cache,True,0.0,0.030001253122463822,0.030004037776961923,True
2630,011000100101,20,1.7502246853759556e-06,0.9999982497753146,cache,True,0.0,0.030607499182224274,0.030609773006290197,True
2631,111000100101,22,1.5776274206936572e-06,0.9999984223725793,cache,True,0.0,0.02649259311147034,0.026495157973840833,True
2632,000100100101,22,0.9999977293833753,2.270616624722166e-06,cache,True,0.0,0.028052631067112088,0.02805511513724923,True
2633,100100100101,20,0.9999979012529862,2.0987470138456032e-06,cache,True,0.0,0.029423331143334508,0.02942561497911811,True
2634,010100100101,20,1.924697304106022e-06,0.9999980753026959,cache,True,0.0,0.027109741000458598,0.027111825067549944,True
2635,110100100101,22,1.4024218989813899e-06,0.9999985975781011,cache,True,0.0,0.02873654803261161,0.02873877203091979,True
2636,001100100101,22,1.7507291536793274e-06,0.9999982492708464,cache,True,0.0,0.026371097192168236,0.026373342145234346,True
2637,101100100101,22,1.5769768947777115e-06,0.9999984230231053,cache,True,0.0,0.031491655157878995,0.0314944910351187,True
2638,011100100101,22,0.9999979016148788,2.0983851212186266e-06,cache,True,0.0,0.02851559896953404,0.02851821412332356,True
2639,111100100101,22,0.9999977272823006,2.272717699369764e-06,cache,True,0.0,0.02707763807848096,0.027079852996394038,True
2640,000010100101,20,1.0561408074350612e-06,0.9999989438591925,cache,True,0.0,0.02779301698319614,0.02779553201980889,True
2641,100010100101,22,1.2280135950173134e-06,0.999998771986405,cache,True,0.0,0.02829846809618175,0.028300672071054578,True
2642,010010100101,22,0.9999979049479993,2.0950520006612905e-06,cache,True,0.0,0.02753216098062694,0.027534455992281437,True
2643,110010100101,28,0.9999980750798066,1.924920193352442e-06,cache,True,0.0,0.025740813929587603,0.025743278907611966,True
2644,001010100101,24,0.9999973802795112,2.6197204887612457e-06,cache,True,0.0,0.029017652850598097,0.029020258923992515,True
2645,101010100101,24,0.9999972065247846,2.793475215367991e-06,cache,True,0.0,0.03262061602436006,0.03262312011793256,True
2646,011010100101,24,1.5770480289032525e-06,0.999998422951971,cache,True,0.0,0.027251917170360684,0.027254611952230334,True
2647,111010100101,24,2.0991809222481554e-06,0.9999979008190778,cache,True,0.0,0.029084533918648958,0.029086767928674817,True
2648,000110100101,24,0.9999972063791485,2.7936208515377814e-06,cache,True,0.0,0.025860666995868087,0.025862811133265495,True
2649,100110100101,24,0.9999973802795107,2.6197204893163573e-06,cache,True,0.0,0.03415775904431939,0.03415998304262757,True
2650,010110100101,24,1.7493479753482144e-06,0.9999982506520246,cache,True,0.0,0.02928435103967786,0.02928655594587326,True
2651,110110100101,24,1.9244129242426004e-06,0.9999980755870758,cache,True,0.0,0.028688414953649044,0.028690868988633156,True
2652,001110100101,26,8.806447871934063e-07,0.9999991193552128,cache,True,0.0,0.028259663144126534,0.028261956991627812,True
2653,101110100101,24,1.4048117009204832e-06,0.999998595188299,cache,True,0.0,0.026647252961993217,0.02664974913932383,True
2654,011110100101,24,0.9999980756631455,1.9243368545307504e-06,cache,True,0.0,0.026749260956421494,0.026751516154035926,True
2655,111110100101,26,0.999997902196816,2.097803184053504e-06,cache,True,0.0,0.026176438899710774,0.026178634027019143,True
2656,000001100101,16,1.7521032967151874e-06,0.9999982478967033,cache,True,0.0,0.02697358699515462,0.026975960936397314,True
2657,100001100101,20,1.5779154455433655e-06,0.9999984220845545,cache,True,0.0,0.027638587867841125,0.027640771120786667,True
2658,010001100101,20,0.999997901976779,2.0980232210421335e-06,cache,True,0.0,0.026812714990228415,0.0268151699565351,True
2659,110001100101,24,0.9999977286546354,2.271345364568411e-06,cache,True,0.0,0.029397491132840514,0.02939975494518876,True
2660,001001100101,22,0.9999977290181566,2.2709818433552798e-06,cache,True,0.0,0.02740670694038272,0.027408902067691088,True
2661,101001100101,20,0.9999979053763293,2.094623670734208e-06,cache,True,0.0,0.02910431195050478,0.02910671615973115,True
2662,011001100101,20,1.925352411217378e-06,0.9999980746475888,cache,True,0.0,0.02697525010444224,0.026977543951943517,True
2663,111001100101,22,1.404377161502306e-06,0.9999985956228385,cache,True,0.0,0.028742478927597404,0.028744713868945837,True
2664,000101100101,22,0.9999979014723136,2.0985276864005087e-06,cache,True,0.0,0.02630743384361267,0.026310008950531483,True
2665,100101100101,20,0.9999977278613021,2.272138697856363e-06,cache,True,0.0,0.03509892616420984,0.03510189102962613,True
2666,010101100101,20,1.753333664479199e-06,0.9999982466663355,cache,True,0.0,0.029923451133072376,0.02992602693848312,True
2667,110101100101,22,1.5782766831871615e-06,0.9999984217233168,cache,True,0.0,0.026674526976421475,0.026677021058276296,True
2668,001101100101,22,1.9264372592919257e-06,0.9999980735627407,cache,True,0.0,0.038069108966737986,0.03807169501669705,True
2669,101101100101,22,1.404016585044009e-06,0.999998595983415,cache,True,0.0,0.02924165898002684,0.029244183097034693,True
2670,011101100101,22,0.9999977283668535,2.271633146477825e-06,cache,True,0.0,0.02835511788725853,0.02835758193396032,True
2671,111101100101,22,0.9999979015469715,2.098453028454017e-06,cache,True,0.0,0.029550528153777122,0.02955289208330214,True
2672,000011100101,18,1.5770481482636452e-06,0.9999984229518517,cache,True,0.0,0.03118936810642481,0.031192985828965902,True
2673,100011100101,20,2.0978772755645298e-06,0.9999979021227244,cache,True,0.0,0.028991532046347857,0.028994888998568058,True
2674,010011100101,20,0.9999973824483749,2.6175516251170095e-06,cache,True,0.0,0.028508334886282682,0.028511221054941416,True
2675,110011100101,26,0.9999972076812831,2.7923187169154318e-06,cache,True,0.0,0.032088031992316246,0.03209046716801822,True
2676,001011100101,22,0.9999979007515005,2.0992484994764027e-06,cache,True,0.0,0.028696830850094557,0.028699375921860337,True
2677,101011100101,22,0.9999980756631454,1.9243368546417727e-06,cache,True,0.0,0.02561910799704492,0.025621772976592183,True
2678,011011100101,22,1.05614080750474e-06,0.9999989438591925,cache,True,0.0,0.02697855606675148,0.026980940951034427,True
2679,111011100101,22,1.2319228580738351e-06,0.9999987680771419,cache,True,0.0,0.0283390071708709,0.02834136108867824,True
2680,000111100101,22,0.9999980750798068,1.9249201932414195e-06,cache,True,0.0,0.02796380897052586,0.02796621387824416,True
2681,100111100101,22,0.9999979003166881,2.0996833118847036e-06,cache,True,0.0,0.028334117028862238,0.02833672217093408,True
2682,010111100101,22,8.83402906178456e-07,0.9999991165970938,cache,True,0.0,0.02810053387656808,0.028103349031880498,True
2683,110111100101,22,1.4048117009901618e-06,0.999998595188299,cache,True,0.0,0.028851400827988982,0.02885374496690929,True
2684,001111100101,24,1.7503698694906403e-06,0.9999982496301305,cache,True,0.0,0.031018397072330117,0.03102122200652957,True
2685,101111100101,22,1.9244148498260516e-06,0.9999980755851502,cache,True,0.0,0.02856178884394467,0.028564533917233348,True
2686,011111100101,22,0.9999972086916004,2.791308399641146e-06,cache,True,0.0,0.02824023482389748,0.02824254985898733,True
2687,111111100101,24,0.9999973824483748,2.6175516252280318e-06,cache,True,0.0,0.027150089154019952,0.027152503840625286,True
2688,000000010101,16,1.4024218992601071e-06,0.9999985975781007,cache,True,0.0,0.03227669885382056,0.03227903298102319,True
2689,100000010101,20,1.5773319240784711e-06,0.9999984226680759,cache,True,0.0,0.027283807983621955,0.027286444092169404,True
2690,010000010101,18,0.9999975538896528,2.4461103471651313e-06,cache,True,0.0,0.026918099028989673,0.02692023292183876,True
2691,110000010101,22,0.9999977276444982,2.2723555017645225e-06,cache,True,0.0,0.02694262587465346,0.02694494090974331,True
2692,001000010101,22,0.9999977290181566,2.2709818433552798e-06,cache,True,0.0,0.028680779971182346,0.02868322399444878,True
2693,101000010101,20,0.9999975545415055,2.445458494482189e-06,cache,True,0.0,0.02935347519814968,0.02935608080588281,True
2694,011000010101,18,1.2307673508678681e-06,0.9999987692326492,cache,True,0.0,0.030478507978841662,0.030480712885037065,True
2695,111000010101,20,1.7533336646185572e-06,0.9999982466663354,cache,True,0.0,0.02674340014345944,0.026746014831587672,True
2696,000100010101,22,0.9999975552625299,2.4447374701308533e-06,cache,True,0.0,0.029768079053610563,0.02977067488245666,True
2697,100100010101,20,0.9999977278613017,2.272138698300452e-06,cache,True,0.0,0.029935584869235754,0.0299375478643924,True
2698,010100010101,18,1.4043771608751934e-06,0.9999985956228391,cache,True,0.0,0.03148986119776964,0.03149207611568272,True
2699,110100010101,20,1.5781326683583783e-06,0.9999984218673317,cache,True,0.0,0.02665630099363625,0.026658825809136033,True
2700,001100010101,22,1.2299724531916683e-06,0.9999987700275468,cache,True,0.0,0.03090495616197586,0.030907310778275132,True
2701,101100010101,22,1.7502246853759554e-06,0.9999982497753146,cache,True,0.0,0.026493404991924763,0.02649574913084507,True
2702,011100010101,20,0.9999977293833754,2.2706166246111437e-06,cache,True,0.0,0.02722875215113163,0.027230796171352267,True
2703,111100010101,20,0.9999975537470219,2.4462529780722164e-06,cache,True,0.0,0.02666571899317205,0.02666799398139119,True
2704,000010010101,20,1.230110526827292e-06,0.9999987698894732,cache,True,0.0,0.02725738799199462,0.027259571943432093,True
2705,100010010101,22,7.076846668476453e-07,0.9999992923153331,cache,True,0.0,0.28498838818632066,0.28499059192836285,True
2706,010010010101,20,0.9999977277889615,2.2722110385453576e-06,cache,True,0.0,0.027312124148011208,0.02731452789157629,True
2707,110010010101,26,0.9999979006758806,2.099324119431145e-06,cache,True,0.0,0.02809196710586548,0.02809467213228345,True
2708,001010010101,24,0.9999972073188422,2.792681157770538e-06,cache,True,0.0,0.0272100861184299,0.02721241000108421,True
2709,101010010101,24,0.999997033128651,2.966871349041611e-06,cache,True,0.0,0.025759520009160042,0.025761765195056796,True
2710,011010010101,22,1.7517426891103077e-06,0.9999982482573109,cache,True,0.0,0.02868351503275335,0.0286858300678432,True
2711,111010010101,22,1.5775512233061805e-06,0.9999984224487767,cache,True,0.0,0.02657603519037366,0.026578631019219756,True
2712,000110010101,24,0.9999970328397141,2.9671602859160373e-06,cache,True,0.0,0.02837871410883963,0.02838110807351768,True
2713,100110010101,24,0.999997207751368,2.7922486319775786e-06,cache,True,0.0,0.025289628887549043,0.02529199398122728,True
2714,010110010101,22,1.924918835670953e-06,0.9999980750811643,cache,True,0.0,0.026767636882141232,0.02676996192894876,True
2715,110110010101,22,1.4033662139551454e-06,0.9999985966337861,cache,True,0.0,0.025763629004359245,0.025766303995624185,True
2716,001110010101,26,1.0569391481325131e-06,0.9999989430608519,cache,True,0.0,0.028337202966213226,0.028341050958260894,True
2717,101110010101,24,8.830357021176416e-07,0.9999991169642979,cache,True,0.0,0.030391810927540064,0.03039499605074525,True
2718,011110010101,22,0.9999979005328888,2.0994671111607133e-06,cache,True,0.0,0.030935175018385053,0.030938521027565002,True
2719,111110010101,24,0.9999977277889618,2.2722110382122906e-06,cache,True,0.0,0.025405013002455235,0.025407426990568638,True
2720,000001010101,20,1.2277210777434417e-06,0.9999987722789223,cache,True,0.0,0.026020877994596958,0.026023213053122163,True
2721,100001010101,24,1.7507291536619075e-06,0.9999982492708464,cache,True,0.0,0.0257092728279531,0.025711547816172242,True
2722,010001010101,22,0.9999977275733961,2.272426603888711e-06,cache,True,0.0,0.027111354982480407,0.027113568037748337,True
2723,110001010101,26,0.9999975549733017,2.4450266983278013e-06,cache,True,0.0,0.025985048850998282,0.025987162021920085,True
2724,001001010101,26,0.9999975553352619,2.4446647380882425e-06,cache,True,0.0,0.02448031911626458,0.024482653010636568,True
2725,101001010101,24,0.9999977286546352,2.271345364790456e-06,cache,True,0.0,0.02754204999655485,0.027544193901121616,True
2726,011001010101,22,1.404016585113688e-06,0.9999985959834149,cache,True,0.0,0.026681600138545036,0.02668392495252192,True
2727,111001010101,24,1.5776258503084086e-06,0.9999984223741497,cache,True,0.0,0.02541938005015254,0.0254218359477818,True
2728,000101010101,26,0.9999977283668534,2.2716331465888473e-06,cache,True,0.0,0.027600833913311362,0.027603758964687586,True
2729,100101010101,24,0.9999975537429913,2.4462570087369073e-06,cache,True,0.0,0.030067300889641047,0.030069794971495867,True
2730,010101010101,22,1.2299706473170055e-06,0.9999987700293527,cache,True,0.0,0.02754193008877337,0.027544314973056316,True
2731,110101010101,24,1.7521032967848656e-06,0.9999982478967032,cache,True,0.0,0.030590185895562172,0.030592410126700997,True
2732,001101010101,26,1.4026317625627631e-06,0.9999985973682375,cache,True,0.0,0.029461205005645752,0.029463618993759155,True
2733,101101010101,26,1.5765408859655117e-06,0.999998423459114,cache,True,0.0,0.028004577849060297,0.028006721986457705,True
2734,011101010101,24,0.9999975548292879,2.445170712128686e-06,cache,True,0.0,0.025646951980888844,0.02564915595576167,True
2735,111101010101,24,0.9999977272823006,2.272717699369764e-06,cache,True,0.0,0.029972216114401817,0.02997470088303089,True
2736,000011010101,22,1.7517426889709494e-06,0.999998248257311,cache,True,0.0,0.028907900908961892,0.028910496039316058,True
2737,100011010101,24,1.5759575136836934e-06,0.9999984240424863,cache,True,0.0,0.029882121132686734,0.029884414980188012,True
2738,010011010101,22,0.999997207753286,2.7922467139562812e-06,cache,True,0.0,0.023988604079931974,0.023990919115021825,True
2739,110011010101,28,0.9999970328397136,2.9671602863601265e-06,cache,True,0.0,0.027127715991809964,0.0271307909861207,True
2740,001011010101,26,0.9999977273568065,2.2726431935238267e-06,cache,True,0.0,0.026965309865772724,0.02696798602119088,True
2741,101011010101,26,0.9999979012544031,2.098745596867957e-06,cache,True,0.0,0.027298907982185483,0.027301483089104295,True
2742,011011010101,24,1.2321395974810037e-06,0.9999987678604025,cache,True,0.0,0.024958857102319598,0.02496110089123249,True
2743,111011010101,24,7.104419332385541e-07,0.9999992895580667,cache,True,0.0,0.03161777905188501,0.03162001399323344,True
2744,000111010101,26,0.999997901112137,2.098887862955756e-06,cache,True,0.0,0.024641791824251413,0.024644827004522085,True
2745,100111010101,26,0.9999977273568055,2.2726431945230274e-06,cache,True,0.0,0.026101534022018313,0.026103758020326495,True
2746,010111010101,24,1.0556391175879986e-06,0.9999989443608824,cache,True,0.0,0.02650066907517612,0.026503204135224223,True
2747,110111010101,24,8.833295147270064e-07,0.9999991166704852,cache,True,0.0,0.029799240874126554,0.029801934957504272,True
2748,001111010101,28,1.9233292128068636e-06,0.9999980766707872,cache,True,0.0,0.032770487014204264,0.03277295106090605,True
2749,101111010101,26,1.403366213815788e-06,0.9999985966337862,cache,True,0.0,0.028076746966689825,0.02807923313230276,True
2750,011111010101,24,0.9999970331286516,2.966871348375477e-06,cache,True,0.0,0.02633342519402504,0.026336229871958494,True
2751,111111010101,26,0.9999972076086734,2.7923913266114653e-06,cache,True,0.0,0.03090811287984252,0.030910386936739087,True
2752,000000110101,20,1.9253524112173784e-06,0.9999980746475888,cache,True,0.0,0.02745727519504726,0.027459359960630536,True
2753,100000110101,24,1.4048084789563507e-06,0.999998595191521,cache,True,0.0,0.031548085156828165,0.03155028820037842,True
2754,010000110101,22,0.9999977293111285,2.2706888714862927e-06,cache,True,0.0,0.029381058877334,0.029383362969383597,True
2755,110000110101,26,0.9999979014723132,2.098527686844598e-06,cache,True,0.0,0.02883778396062553,0.028840149054303765,True
2756,001000110101,26,0.9999979012529862,2.0987470138456032e-06,cache,True,0.0,0.029825991950929165,0.029828436905518174,True
2757,101000110101,24,0.9999977277880294,2.2722119705775867e-06,cache,True,0.0,0.028196179075166583,0.028198604006320238,True
2758,011000110101,22,1.7508027251817136e-06,0.9999982491972749,cache,True,0.0,0.03000222402624786,0.03000490996055305,True
2759,111000110101,24,1.5776274207633358e-06,0.9999984223725792,cache,True,0.0,0.03137137205339968,0.03137397579848766,True
2760,000100110101,26,0.9999977280775026,2.271922497354417e-06,cache,True,0.0,0.028557199984788895,0.028559684054926038,True
2761,100100110101,24,0.9999979013994678,2.0986005322409795e-06,cache,True,0.0,0.026234682882204652,0.02623720816336572,True
2762,010100110101,22,1.924697303896986e-06,0.9999980753026961,cache,True,0.0,0.02740020491182804,0.027402519015595317,True
2763,110100110101,24,1.4041592718577746e-06,0.9999985958407281,cache,True,0.0,0.03016562107950449,0.030168135883286595,True
2764,001100110101,26,1.7520303236870643e-06,0.9999982479696763,cache,True,0.0,0.029674258083105087,0.029677123064175248,True
2765,101100110101,26,1.5782766829084455e-06,0.9999984217233171,cache,True,0.0,0.03020456712692976,0.03020697203464806,True
2766,011100110101,24,0.9999979053763293,2.094623670734208e-06,cache,True,0.0,0.0384996950160712,0.03850360284559429,True
2767,111100110101,24,0.9999977278602195,2.2721397805458565e-06,cache,True,0.0,0.03314851992763579,0.03315150598064065,True
2768,000010110101,24,1.752032041626633e-06,0.9999982479679583,cache,True,0.0,0.029029557015746832,0.029032993130385876,True
2769,100010110101,26,1.923329212844142e-06,0.9999980766707871,cache,True,0.0,0.029009436955675483,0.029011843027547002,True
2770,010010110101,24,0.999997207753286,2.7922467139562812e-06,cache,True,0.0,0.027285862946882844,0.02728842804208398,True
2771,110010110101,30,0.9999973804947496,2.619505250378573e-06,cache,True,0.0,0.027243891032412648,0.027246535988524556,True
2772,001010110101,28,0.9999980747195371,1.9252804629443787e-06,cache,True,0.0,0.0322188560385257,0.03222125116735697,True
2773,101010110101,28,0.9999979006758806,2.099324119431145e-06,cache,True,0.0,0.026182380970567465,0.026184705086052418,True
2774,011010110101,26,8.830357019782835e-07,0.999999116964298,cache,True,0.0,0.028531039133667946,0.02853330411016941,True
2775,111010110101,26,1.4045934511740762e-06,0.9999985954065488,cache,True,0.0,0.026037520030513406,0.026039924006909132,True
2776,000110110101,28,0.9999979005328888,2.0994671111607133e-06,cache,True,0.0,0.03140830295160413,0.03141054813750088,True
2777,100110110101,28,0.9999980747195364,1.9252804636105125e-06,cache,True,0.0,0.0273530432023108,0.027355166850611567,True
2778,010110110101,26,1.0538905200965197e-06,0.9999989461094799,cache,True,0.0,0.037744378903880715,0.03774651302956045,True
2779,110110110101,26,1.2301105268969708e-06,0.9999987698894731,cache,True,0.0,0.029866972006857395,0.0298693859949708,True
2780,001110110101,30,1.575957514380483e-06,0.9999984240424856,cache,True,0.0,0.03278052690438926,0.032782980939373374,True
2781,101110110101,28,2.0978082232431035e-06,0.9999979021917768,cache,True,0.0,0.030609101988375187,0.030611687107011676,True
2782,011110110101,26,0.9999973813585189,2.618641481100248e-06,cache,True,0.0,0.03411902394145727,0.03412162885069847,True
2783,111110110101,28,0.9999972076086735,2.792391326500443e-06,cache,True,0.0,0.03189842402935028,0.03190113906748593,True
2784,000001110101,22,1.7509469172742668e-06,0.9999982490530828,cache,True,0.0,0.028869685949757695,0.02887236187234521,True
2785,100001110101,26,1.577915446379511e-06,0.9999984220845536,cache,True,0.0,0.02735918597318232,0.02736172010190785,True
2786,010001110101,24,0.9999979015469714,2.0984530285650393e-06,cache,True,0.0,0.027397259138524532,0.0273995331954211,True
2787,110001110101,28,0.9999977290911303,2.2709088697281388e-06,cache,True,0.0,0.05032543512061238,0.05032741907052696,True
2788,001001110101,28,0.9999977278609375,2.272139062453604e-06,cache,True,0.0,0.02750873495824635,0.0275112499948591,True
2789,101001110101,26,0.9999979016148791,2.0983851208855597e-06,cache,True,0.0,0.027406267123296857,0.027408550959080458,True
2790,011001110101,24,1.9243426935073055e-06,0.9999980756573065,cache,True,0.0,0.030136775923892856,0.03013891982845962,True
2791,111001110101,26,1.4039451188276153e-06,0.9999985960548812,cache,True,0.0,0.032696743961423635,0.03269928810186684,True
2792,000101110101,28,0.9999979006029429,2.09939705708706e-06,cache,True,0.0,0.027423329884186387,0.02742567495442927,True
2793,100101110101,26,0.9999977267062469,2.2732937531300124e-06,cache,True,0.0,0.02756950305774808,0.02757190796546638,True
2794,010101110101,24,1.7502965131574843e-06,0.9999982497034868,cache,True,0.0,0.031183757120743394,0.031186141073703766,True
2795,110101110101,26,1.5769768947777113e-06,0.9999984230231053,cache,True,0.0,0.028441826114431024,0.028444571187719703,True
2796,001101110101,28,1.9264372601280442e-06,0.9999980735627398,cache,True,0.0,0.028853975934907794,0.028856351040303707,True
2797,101101110101,28,1.4028565968499663e-06,0.9999985971434031,cache,True,0.0,0.027170788962394,0.027173314942047,True
2798,011101110101,26,0.9999977290893223,2.2709106777263344e-06,cache,True,0.0,0.028210446937009692,0.02821300202049315,True
2799,111101110101,26,0.999997901976779,2.0980232210421335e-06,cache,True,0.0,0.0376463090069592,0.03764924383722246,True
2800,000011110101,24,8.833295146573272e-07,0.9999991166704854,cache,True,0.0,0.029432257870212197,0.029434572905302048,True
2801,100011110101,26,1.404738249335922e-06,0.9999985952617506,cache,True,0.0,0.026339546078816056,0.02634209208190441,True
2802,010011110101,24,0.9999980763137941,1.923686205884678e-06,cache,True,0.0,0.02896111411973834,0.028963959077373147,True
2803,110011110101,30,0.9999979012544025,2.0987455975340907e-06,cache,True,0.0,0.02630136185325682,0.02630375698208809,True
2804,001011110101,28,0.9999972073188421,2.7926811578815602e-06,cache,True,0.0,0.032322908053174615,0.032325231935828924,True
2805,101011110101,28,0.9999973813585196,2.618641480434114e-06,cache,True,0.0,0.03137150197289884,0.031374086858704686,True
2806,011011110101,26,1.752032041556954e-06,0.9999982479679584,cache,True,0.0,0.02630609110929072,0.026308286003768444,True
2807,111011110101,26,1.924918835270298e-06,0.9999980750811648,cache,True,0.0,0.028647745959460735,0.028649860061705112,True
2808,000111110101,28,0.9999973804947493,2.61950525071164e-06,cache,True,0.0,0.028350149048492312,0.028352443128824234,True
2809,100111110101,28,0.9999972077513679,2.792248632088601e-06,cache,True,0.0,0.04345721495337784,0.04346113302744925,True
2810,010111110101,26,1.577551223262631e-06,0.9999984224487768,cache,True,0.0,0.02828109497204423,0.02828451106324792,True
2811,110111110101,26,2.0978082228076138e-06,0.9999979021917772,cache,True,0.0,0.02900165319442749,0.029004447860643268,True
2812,001111110101,30,1.056940049432384e-06,0.9999989430599505,cache,True,0.0,0.031228974927216768,0.031231489963829517,True
2813,101111110101,28,1.2321395975506826e-06,0.9999987678604024,cache,True,0.0,0.028599943034350872,0.028602798003703356,True
2814,011111110101,26,0.999997901112137,2.098887862955756e-06,cache,True,0.0,0.02649780292995274,0.026500499108806252,True
2815,111111110101,28,0.9999980763137941,1.923686205884678e-06,cache,True,0.0,0.026764972135424614,0.026767597068101168,True
2816,000000001101,16,2.0976631237973045e-06,0.9999979023368762,cache,True,0.0,0.03255394706502557,0.032556391088292,True
2817,100000001101,20,1.5752316546369627e-06,0.9999984247683453,cache,True,0.0,0.027792044915258884,0.027794419089332223,True
2818,010000001101,18,0.9999982479688295,1.75203117047662e-06,cache,True,0.0,0.03486650390550494,0.0348691800609231,True
2819,110000001101,22,0.9999977287266707,2.2712733293017706e-06,cache,True,0.0,0.031073231948539615,0.031075928127393126,True
2820,001000001101,22,0.9999984212169857,1.578783014322127e-06,cache,True,0.0,0.03674386814236641,0.03674657200463116,True
2821,101000001101,20,0.9999975543228651,2.445677134921276e-06,cache,True,0.0,0.027055816957727075,0.02705850196070969,True
2822,011000001101,18,1.9220957700693355e-06,0.9999980779042299,cache,True,0.0,0.051600410137325525,0.05160271399654448,True
2823,111000001101,20,1.7513788653943453e-06,0.9999982486211346,cache,True,0.0,0.02832666295580566,0.028329416876658797,True
2824,000100001101,20,0.9999975544677172,2.4455322827909853e-06,cache,True,0.0,0.026851469883695245,0.026853644056245685,True
2825,100100001101,18,0.9999984212195692,1.5787804308331488e-06,cache,True,0.0,0.02778362901881337,0.02778618293814361,True
2826,010100001101,20,1.4003868848351068e-06,0.9999985996131152,cache,True,0.0,0.02932009007781744,0.029322504997253418,True
2827,110100001101,22,2.2703335961784114e-06,0.9999977296664038,cache,True,0.0,0.028584653977304697,0.028587327804416418,True
2828,001100001101,20,1.2313447565584752e-06,0.9999987686552434,cache,True,0.0,0.029917770996689796,0.02991995494812727,True
2829,101100001101,20,2.4460399050442848e-06,0.9999975539600949,cache,True,0.0,0.029404375003650784,0.02940649795345962,True
2830,011100001101,22,0.9999977272820869,2.2727179130876962e-06,cache,True,0.0,0.02798277512192726,0.027985020074993372,True
2831,111100001101,22,0.9999982463805329,1.7536194670819683e-06,cache,True,0.0,0.031860501039773226,0.03186303609982133,True
2832,000010001101,20,1.924921451774832e-06,0.9999980750785482,cache,True,0.0,0.02793893008492887,0.027941294945776463,True
2833,100010001101,22,1.3998872818090616e-06,0.9999986001127182,cache,True,0.0,0.029317114036530256,0.029319328954443336,True
2834,010010001101,20,0.9999977278603979,2.2721396021330165e-06,cache,True,0.0,0.02799964789301157,0.028001893078908324,True
2835,110010001101,26,0.9999979013255937,2.0986744062589935e-06,cache,True,0.0,0.028787267161533237,0.02878938987851143,True
2836,001010001101,24,0.9999979005312375,2.09946876250644e-06,cache,True,0.0,0.030396168818697333,0.030398612841963768,True
2837,101010001101,24,0.9999977280768404,2.2719231596024514e-06,cache,True,0.0,0.02867446793243289,0.028676843037828803,True
2838,011010001101,22,1.7522479070220302e-06,0.999998247752093,cache,True,0.0,0.026742758927866817,0.026745064184069633,True
2839,111010001101,22,1.57777197574493e-06,0.9999984222280243,cache,True,0.0,0.02554015489295125,0.025542389135807753,True
2840,000110001101,22,0.9999977275029018,2.2724970981657933e-06,cache,True,0.0,0.027406197041273117,0.027408710913732648,True
2841,100110001101,22,0.9999979012540721,2.098745927936463e-06,cache,True,0.0,0.028703894931823015,0.02870614011771977,True
2842,010110001101,24,1.924553414769398e-06,0.9999980754465853,cache,True,0.0,0.028889705194160342,0.02889212011359632,True
2843,110110001101,24,1.4027152325465644e-06,0.9999985972847675,cache,True,0.0,0.030640282901003957,0.03064263705164194,True
2844,001110001101,24,1.7511645630417553e-06,0.999998248835437,cache,True,0.0,0.025653525022789836,0.02565606008283794,True
2845,101110001101,22,1.5781316485342643e-06,0.9999984218683514,cache,True,0.0,0.030087048886343837,0.03008923283778131,True
2846,011110001101,24,0.9999979011859842,2.0988140158051394e-06,cache,True,0.0,0.03087490820325911,0.030877392971888185,True
2847,111110001101,26,0.9999977284398188,2.2715601811773567e-06,cache,True,0.0,0.02604455384425819,0.026047138962894678,True
2848,000001001101,22,1.2309830381285049e-06,0.9999987690169618,cache,True,0.0,0.031315373023971915,0.03131790808402002,True
2849,100001001101,26,2.4464030052118995e-06,0.9999975535969948,cache,True,0.0,0.03331553400494158,0.033317708875983953,True
2850,010001001101,24,0.9999977293793644,2.270620635624887e-06,cache,True,0.0,0.03208076790906489,0.032083032885566354,True
2851,110001001101,28,0.9999982483321723,1.7516678276763287e-06,cache,True,0.0,0.02982874703593552,0.029831163119524717,True
2852,001001001101,28,0.9999975555513133,2.444448686689249e-06,cache,True,0.0,0.03284720587544143,0.03285081195645034,True
2853,101001001101,26,0.9999984233131158,1.5766868841637915e-06,cache,True,0.0,0.027683174004778266,0.027686409885063767,True
2854,011001001101,24,1.4036527944256468e-06,0.9999985963472056,cache,True,0.0,0.030428631929680705,0.03043093695305288,True
2855,111001001101,26,2.2725729066809326e-06,0.9999977274270934,cache,True,0.0,0.029461354948580265,0.029463729122653604,True
2856,000101001101,26,0.9999984215788221,1.5784211778724355e-06,cache,True,0.0,0.026069842977449298,0.026071987114846706,True
2857,100101001101,24,0.9999975548326331,2.4451673669156904e-06,cache,True,0.0,0.029959151055663824,0.02996154618449509,True
2858,010101001101,26,1.92318496452051e-06,0.9999980768150355,cache,True,0.0,0.03084468888118863,0.030847034184262156,True
2859,110101001101,28,1.7511612762063292e-06,0.9999982488387238,cache,True,0.0,0.029852773994207382,0.02985502895899117,True
2860,001101001101,26,2.1009141380661456e-06,0.9999978990858619,cache,True,0.0,0.026550555834546685,0.026552760042250156,True
2861,101101001101,26,1.578922958883682e-06,0.9999984210770411,cache,True,0.0,0.02729099290445447,0.027293217135593295,True
2862,011101001101,28,0.9999982487646939,1.7512353061022168e-06,cache,True,0.0,0.033471887931227684,0.03347428306005895,True
2863,111101001101,28,0.9999977285114962,2.2714885038466193e-06,cache,True,0.0,0.028400516137480736,0.028402761090546846,True
2864,000011001101,24,1.7505129538936652e-06,0.9999982494870461,cache,True,0.0,0.026387940160930157,0.02639042492955923,True
2865,100011001101,26,1.5753142431794525e-06,0.9999984246857568,cache,True,0.0,0.026980970986187458,0.0269835670478642,True
2866,010011001101,24,0.9999979021208538,2.0978791461789825e-06,cache,True,0.0,0.027353995013982058,0.027356520062312484,True
2867,110011001101,30,0.9999977280772013,2.271922798668946e-06,cache,True,0.0,0.026454580016434193,0.026456903899088502,True
2868,001011001101,28,0.9999977274291434,2.2725708566095904e-06,cache,True,0.0,0.02669732109643519,0.02669995604082942,True
2869,101011001101,28,0.9999979021924417,2.097807558332221e-06,cache,True,0.0,0.02678974997252226,0.026792224030941725,True
2870,011011001101,26,1.923466190775051e-06,0.9999980765338092,cache,True,0.0,0.03271909710019827,0.03272124193608761,True
2871,111011001101,26,1.404664880896014e-06,0.9999985953351191,cache,True,0.0,0.02547455788590014,0.025476661045104265,True
2872,000111001101,26,0.9999979003156388,2.099684361156484e-06,cache,True,0.0,0.02711059316061437,0.02711325720883906,True
2873,100111001101,26,0.9999977268491146,2.273150885412356e-06,cache,True,0.0,0.026977404952049255,0.026979749090969563,True
2874,010111001101,28,1.7501510562489065e-06,0.9999982498489437,cache,True,0.0,0.0364457790274173,0.036448154132813215,True
2875,110111001101,28,1.5772642590690255e-06,0.9999984227357409,cache,True,0.0,0.025685087079182267,0.025687610963359475,True
2876,001111001101,28,1.924412773944663e-06,0.9999980755872261,cache,True,0.0,0.026483144843950868,0.026485599810257554,True
2877,101111001101,26,1.4015487136737095e-06,0.9999985984512864,cache,True,0.0,0.028251055860891938,0.02825367101468146,True
2878,011111001101,28,0.9999977269202234,2.2730797766268296e-06,cache,True,0.0,0.026839295867830515,0.026842181803658605,True
2879,111111001101,30,0.9999979028492327,2.0971507672662426e-06,cache,True,0.0,0.027780954027548432,0.027783459052443504,True
2880,000000101101,22,2.619289741422522e-06,0.9999973807102586,cache,True,0.0,0.02634932496584952,0.026352401124313474,True
2881,100000101101,26,1.4048818427451756e-06,0.9999985951181573,cache,True,0.0,0.02702023694291711,0.027022731956094503,True
2882,010000101101,24,0.9999984212188486,1.5787811513678918e-06,cache,True,0.0,0.03523187292739749,0.035234418930485845,True
2883,110000101101,28,0.9999979003876126,2.099612387396199e-06,cache,True,0.0,0.03453258704394102,0.03453491092659533,True
2884,001000101101,28,0.9999985982376741,1.401762325881073e-06,cache,True,0.0,0.026528663001954556,0.02653152891434729,True
2885,101000101101,26,0.9999977277159912,2.2722840088418295e-06,cache,True,0.0,0.03225270193070173,0.032255647936835885,True
2886,011000101101,24,2.4454606046903517e-06,0.9999975545393953,cache,True,0.0,0.02994259912520647,0.02994481404311955,True
2887,111000101101,26,1.5778425064489916e-06,0.9999984221574936,cache,True,0.0,0.027604962000623345,0.02760722697712481,True
2888,000100101101,26,0.9999977291614177,2.270838582285606e-06,cache,True,0.0,0.03196243895217776,0.03196488320827484,True
2889,100100101101,24,0.9999985954797885,1.4045202114676414e-06,cache,True,0.0,0.033918053843081,0.033920527901500463,True
2890,010100101101,26,1.9263632403099738e-06,0.9999980736367597,cache,True,0.0,0.027510237880051136,0.027512833010405302,True
2891,110100101101,28,2.09737377280521e-06,0.9999979026262272,cache,True,0.0,0.03423492796719074,0.03423776384443045,True
2892,001100101101,26,1.7509467692757403e-06,0.9999982490532308,cache,True,0.0,0.025992742972448468,0.0259953779168427,True
2893,101100101101,26,2.2716338714361175e-06,0.9999977283661285,cache,True,0.0,0.027690107002854347,0.02769250306300819,True
2894,011100101101,28,0.9999979016848076,2.0983151923781307e-06,cache,True,0.0,0.02708395104855299,0.027086705900728703,True
2895,111100101101,28,0.9999984223766745,1.5776233255326844e-06,cache,True,0.0,0.028426606208086014,0.028429241850972176,True
2896,000010101101,26,1.7508026594045976e-06,0.9999982491973406,cache,True,0.0,0.03146068495698273,0.03146323002874851,True
2897,100010101101,28,1.9241249907422683e-06,0.9999980758750092,cache,True,0.0,0.03215836896561086,0.03216195618733764,True
2898,010010101101,26,0.9999979015439638,2.098456036159213e-06,cache,True,0.0,0.032065809005871415,0.032068694941699505,True
2899,110010101101,32,0.9999980748653838,1.9251346161652805e-06,cache,True,0.0,0.03220742312259972,0.03221048996783793,True
2900,001010101101,30,0.9999980745038445,1.9254961555192907e-06,cache,True,0.0,0.03561440599150956,0.03561730100773275,True
2901,101010101101,30,0.9999979010371471,2.098962852858932e-06,cache,True,0.0,0.02801417699083686,0.02801634999923408,True
2902,011010101101,28,1.575813283197925e-06,0.9999984241867168,cache,True,0.0,0.029372492106631398,0.029374676989391446,True
2903,111010101101,28,2.0982408298050712e-06,0.9999979017591702,cache,True,0.0,0.02839264110662043,0.02839510515332222,True
2904,000110101101,28,0.9999978994492116,2.1005507884197527e-06,cache,True,0.0,0.02817076095379889,0.0281729141715914,True
2905,100110101101,28,0.9999980736373655,1.926362634518952e-06,cache,True,0.0,0.02987153106369078,0.029874286148697138,True
2906,010110101101,30,1.7521751217095504e-06,0.9999982478248783,cache,True,0.0,0.033686194103211164,0.033689029049128294,True
2907,110110101101,30,1.924631563286445e-06,0.9999980753684368,cache,True,0.0,0.03002779302187264,0.030031821923330426,True
2908,001110101101,30,1.574732528738932e-06,0.9999984252674713,cache,True,0.0,0.03227111813612282,0.032274162862449884,True
2909,101110101101,28,2.097444850839032e-06,0.9999979025551492,cache,True,0.0,0.029115132056176662,0.029117908095940948,True
2910,011110101101,30,0.9999980745759737,1.925424026327782e-06,cache,True,0.0,0.03143271990120411,0.031435455894097686,True
2911,111110101101,32,0.9999979031343583,2.0968656416764375e-06,cache,True,0.0,0.03328615799546242,0.03328931308351457,True
2912,000001101101,22,1.7514519570163894e-06,0.999998248548043,cache,True,0.0,0.03556772484444082,0.03557111183181405,True
2913,100001101101,26,2.2714171282924024e-06,0.9999977285828717,cache,True,0.0,0.035914318170398474,0.03591758501715958,True
2914,010001101101,24,0.9999979014720408,2.098527959182306e-06,cache,True,0.0,0.0315012838691473,0.0315039181150496,True
2915,110001101101,28,0.9999984234635774,1.5765364226316692e-06,cache,True,0.0,0.02719234093092382,0.027194795897230506,True
2916,001001101101,28,0.9999977285122195,2.2714877805363187e-06,cache,True,0.0,0.032666445011273026,0.03266933001577854,True
2917,101001101101,26,0.999998598451214,1.4015487860286058e-06,cache,True,0.0,0.03573501901701093,0.03573825606144965,True
2918,011001101101,24,1.9258572713266385e-06,0.9999980741427287,cache,True,0.0,0.030703155091032386,0.030705689918249846,True
2919,111001101101,26,2.0978789645524097e-06,0.9999979021210355,cache,True,0.0,0.030129772145301104,0.03013202711008489,True
2920,000101101101,26,0.9999985959839527,1.4040160473127727e-06,cache,True,0.0,0.028933039167895913,0.028940023155882955,True
2921,100101101101,24,0.9999977282259377,2.2717740623123817e-06,cache,True,0.0,0.02808849001303315,0.028090894920751452,True
2922,010101101101,26,2.4453898015233784e-06,0.9999975546101985,cache,True,0.0,0.028303758008405566,0.028306072810664773,True
2923,110101101101,28,1.578495679894109e-06,0.9999984215043201,cache,True,0.0,0.029614541912451386,0.0296169170178473,True
2924,001101101101,26,2.6196477906178637e-06,0.9999973803522094,cache,True,0.0,0.032938783057034016,0.032941136974841356,True
2925,101101101101,26,1.404233183046041e-06,0.9999985957668169,cache,True,0.0,0.03169376705773175,0.031696501886472106,True
2926,011101101101,28,0.999998420567424,1.579432575948836e-06,cache,True,0.0,0.027253579813987017,0.02725630602799356,True
2927,111101101101,28,0.9999979001697294,2.099830270552161e-06,cache,True,0.0,0.02790072583593428,0.0279033409897238,True
2928,000011101101,24,1.5775529437803291e-06,0.9999984224470562,cache,True,0.0,0.030585847096517682,0.030588882975280285,True
2929,100011101101,26,2.0966462136916145e-06,0.9999979033537864,cache,True,0.0,0.030866882065311074,0.030869527952745557,True
2930,010011101101,24,0.9999980752250536,1.9247749464268438e-06,cache,True,0.0,0.030966965947300196,0.030970453983172774,True
2931,110011101101,30,0.9999979016157254,2.098384274562548e-06,cache,True,0.0,0.03073945501819253,0.03074267110787332,True
2932,001011101101,28,0.9999979002446512,2.0997553488166787e-06,cache,True,0.0,0.0366387739777565,0.036641818936914206,True
2933,101011101101,28,0.999998075734282,1.9242657179896483e-06,cache,True,0.0,0.03262579604052007,0.032628651009872556,True
2934,011011101101,26,1.7516712546676085e-06,0.9999982483287453,cache,True,0.0,0.03096873010508716,0.030971906147897243,True
2935,111011101101,26,1.9245517263041117e-06,0.9999980754482737,cache,True,0.0,0.03731407504528761,0.037316709058359265,True
2936,000111101101,26,0.9999980748642394,1.9251357605831743e-06,cache,True,0.0,0.03242324315942824,0.0324259779881686,True
2937,100111101101,26,0.9999979006750087,2.0993249912892864e-06,cache,True,0.0,0.03127705794759095,0.03128014481626451,True
2938,010111101101,28,1.5774819036519693e-06,0.9999984225180963,cache,True,0.0,0.030939963879063725,0.030942540150135756,True
2939,110111101101,28,2.0988903364804634e-06,0.9999979011096635,cache,True,0.0,0.029434412019327283,0.029436785960569978,True
2940,001111101101,28,1.7505850825497865e-06,0.9999982494149174,cache,True,0.0,0.027681821025907993,0.027684206143021584,True
2941,101111101101,26,1.924630780023062e-06,0.99999807536922,cache,True,0.0,0.032271287869662046,0.032273692078888416,True
2942,011111101101,28,0.9999979017616104,2.0982383895917778e-06,cache,True,0.0,0.03298457199707627,0.03298730682581663,True
2943,111111101101,30,0.9999980766759015,1.9233240985405686e-06,cache,True,0.0,0.028987033991143107,0.028989418176934123,True
2944,000000011101,22,2.0972298781729694e-06,0.9999979027701218,cache,True,0.0,0.038828692864626646,0.03883140883408487,True
2945,100000011101,26,1.5759598627160805e-06,0.9999984240401373,cache,True,0.0,0.032071489840745926,0.03207522793672979,True
2946,010000011101,22,0.9999982488419376,1.7511580624463008e-06,cache,True,0.0,0.03341181110590696,0.0334146770182997,True
2947,110000011101,26,0.999997728152008,2.271847991952569e-06,cache,True,0.0,0.039928016951307654,0.039931043051183224,True
2948,001000011101,28,0.9999984216517896,1.5783482103515212e-06,cache,True,0.0,0.029381369007751346,0.029383995104581118,True
2949,101000011101,26,0.999997555622533,2.4443774669924423e-06,cache,True,0.0,0.03859745501540601,0.03859984898008406,True
2950,011000011101,22,1.924414310509391e-06,0.9999980755856895,cache,True,0.0,0.03109495504759252,0.031097359023988247,True
2951,111000011101,24,1.7531150262715032e-06,0.9999982468849737,cache,True,0.0,0.026594379916787148,0.02659709588624537,True
2952,000100011101,26,0.9999975546126375,2.445387362493001e-06,cache,True,0.0,0.033771879971027374,0.03377413493581116,True
2953,100100011101,24,0.9999984228079253,1.5771920747198465e-06,cache,True,0.0,0.03193665808066726,0.03193914401344955,True
2954,010100011101,24,1.4041591270644898e-06,0.9999985958408729,cache,True,0.0,0.035156837897375226,0.03515929193235934,True
2955,110100011101,26,2.270620663706204e-06,0.9999977293793363,cache,True,0.0,0.03135179402306676,0.031354608945548534,True
2956,001100011101,26,1.2309136229877207e-06,0.999998769086377,cache,True,0.0,0.029061459004878998,0.029063733061775565,True
2957,101100011101,26,2.44387031961543e-06,0.9999975561296803,cache,True,0.0,0.035744146909564734,0.035746691981330514,True
2958,011100011101,26,0.9999977287287825,2.2712712175465555e-06,cache,True,0.0,0.0332574020139873,0.033260266995057464,True
2959,111100011101,26,0.9999982469575492,1.7530424507583575e-06,cache,True,0.0,0.028166632866486907,0.02816937700845301,True
2960,000010011101,26,1.9240530433913093e-06,0.9999980759469566,cache,True,0.0,0.028458097018301487,0.02846054290421307,True
2961,100010011101,28,1.4013381882100452e-06,0.9999985986618118,cache,True,0.0,0.029135813005268574,0.029138326877728105,True
2962,010010011101,24,0.9999977274282392,2.2725717607752216e-06,cache,True,0.0,0.03038219199515879,0.03038456616923213,True
2963,110010011101,30,0.9999979000265297,2.099973470337524e-06,cache,True,0.0,0.02762283687479794,0.02762526203878224,True
2964,001010011101,30,0.9999979008208276,2.099179172376786e-06,cache,True,0.0,0.045199427055194974,0.04520207201130688,True
2965,101010011101,30,0.999997728080637,2.271919362972774e-06,cache,True,0.0,0.03094042488373816,0.03094318090006709,True
2966,011010011101,26,1.750078685274815e-06,0.9999982499213147,cache,True,0.0,0.02630080096423626,0.026303455932065845,True
2967,111010011101,26,1.5779150816091341e-06,0.9999984220849184,cache,True,0.0,0.030028295004740357,0.030030949972569942,True
2968,000110011101,28,0.9999977260556011,2.2739443988895047e-06,cache,True,0.0,0.029383643995970488,0.029386328998953104,True
2969,100110011101,28,0.9999979018310841,2.098168915942722e-06,cache,True,0.0,0.026296152034774423,0.026298526907339692,True
2970,010110011101,28,1.9241228853169185e-06,0.9999980758771146,cache,True,0.0,0.04190395190380514,0.04190658708103001,True
2971,110110011101,28,1.4034383085381607e-06,0.9999985965616914,cache,True,0.0,0.03503207489848137,0.0350344511680305,True
2972,001110011101,30,1.7517435621204415e-06,0.9999982482564379,cache,True,0.0,0.028408331098034978,0.028411126928403974,True
2973,101110011101,28,1.5775511294744884e-06,0.9999984224488705,cache,True,0.0,0.0285556570161134,0.028557992074638605,True
2974,011110011101,28,0.9999979010387746,2.0989612253830003e-06,cache,True,0.0,0.030995131004601717,0.030997345922514796,True
2975,111110011101,30,0.9999977274277573,2.2725722427230366e-06,cache,True,0.0,0.031399695901200175,0.031402050983160734,True
2976,000001011101,26,1.226349079153259e-06,0.9999987736509208,cache,True,0.0,0.028768480056896806,0.02877087378874421,True
2977,100001011101,30,2.443511373161607e-06,0.9999975564886269,cache,True,0.0,0.033248915104195476,0.033251390093937516,True
2978,010001011101,26,0.9999977277898054,2.2722101945538142e-06,cache,True,0.0,0.0323707009665668,0.03237306512892246,True
2979,110001011101,30,0.9999982510859581,1.7489140419213456e-06,cache,True,0.0,0.02783849509432912,0.027841049944981933,True
2980,001001011101,32,0.999997554105882,2.4458941180194316e-06,cache,True,0.0,0.03216932900249958,0.03217201493680477,True
2981,101001011101,30,0.9999984238909131,1.5761090869093053e-06,cache,True,0.0,0.03703822894021869,0.0370404738932848,True
2982,011001011101,26,1.4040898847280114e-06,0.9999985959101153,cache,True,0.0,0.026828014058992267,0.026830269023776054,True
2983,111001011101,28,2.271851331717695e-06,0.9999977281486683,cache,True,0.0,0.03206309396773577,0.03206578898243606,True
2984,000101011101,30,0.9999984218675093,1.5781324906871674e-06,cache,True,0.0,0.03268250613473356,0.03268516110256314,True
2985,100101011101,28,0.9999975542497154,2.4457502846297885e-06,cache,True,0.0,0.028240955900400877,0.028244002955034375,True
2986,010101011101,28,1.9230384804715075e-06,0.9999980769615195,cache,True,0.0,0.027443499071523547,0.027446614811196923,True
2987,110101011101,30,1.750441698177999e-06,0.9999982495583019,cache,True,0.0,0.027513344073668122,0.027516250032931566,True
2988,001101011101,30,2.0977331459480485e-06,0.999997902266854,cache,True,0.0,0.03387567098252475,0.033879328053444624,True
2989,101101011101,30,1.5757396091278226e-06,0.9999984242603909,cache,True,0.0,0.02656975295394659,0.026572918985038996,True
2990,011101011101,30,0.9999982486230399,1.7513769601240625e-06,cache,True,0.0,0.032298770966008306,0.03230177704244852,True
2991,111101011101,30,0.9999977275001554,2.2724998446355116e-06,cache,True,0.0,0.029002384981140494,0.029005029005929828,True
2992,000011011101,28,1.750946800979757e-06,0.999998249053199,cache,True,0.0,0.027528494130820036,0.027531008003279567,True
2993,100011011101,30,1.5763245633354995e-06,0.9999984236754367,cache,True,0.0,0.027919523185119033,0.027922437991946936,True
2994,010011011101,26,0.9999979018309021,2.0981690979082757e-06,cache,True,0.0,0.025096022989600897,0.025098446989431977,True
2995,110011011101,32,0.9999977269203422,2.273079657832966e-06,cache,True,0.0,0.027518775081261992,0.027521339943632483,True
2996,001011011101,32,0.9999977272811538,2.2727188462301484e-06,cache,True,0.0,0.030456475913524628,0.0304588011931628,True
2997,101011011101,32,0.9999979017598573,2.098240142744956e-06,cache,True,0.0,0.02771555702202022,0.027717930963262916,True
2998,011011011101,28,1.924916585034244e-06,0.999998075083415,cache,True,0.0,0.02820066804997623,0.028203804045915604,True
2999,111011011101,28,1.4032190358320797e-06,0.9999985967809641,cache,True,0.0,0.027313465951010585,0.027315931161865592,True
3000,000111011101,30,0.9999979016150675,2.0983849324807125e-06,cache,True,0.0,0.026925383135676384,0.026927818078547716,True
3001,100111011101,30,0.9999977278590119,2.2721409881354404e-06,cache,True,0.0,0.03256407589651644,0.03256689105182886,True
3002,010111011101,30,1.7489952801597925e-06,0.9999982510047198,cache,True,0.0,0.02734116092324257,0.027343895053490996,True
3003,110111011101,30,1.5766819409283051e-06,0.9999984233180591,cache,True,0.0,0.026202088920399547,0.026204654946923256,True
3004,001111011101,32,1.9242659258917545e-06,0.9999980757340741,cache,True,0.0,0.02963476092554629,0.02963742706924677,True
3005,101111011101,30,1.4031452759314118e-06,0.999998596854724,cache,True,0.0,0.030966435093432665,0.030969020910561085,True
3006,011111011101,30,0.9999977277890574,2.2722109426220882e-06,cache,True,0.0,0.03306248295120895,0.03306497889570892,True
3007,111111011101,32,0.9999979005323827,2.09946761731139e-06,cache,True,0.0,0.03209813102148473,0.03210068680346012,True
3008,000000111101,26,2.618420125847638e-06,0.9999973815798742,cache,True,0.0,0.03104684199206531,0.03104919590987265,True
3009,100000111101,30,1.4045919484734189e-06,0.9999985954080515,cache,True,0.0,0.030603931983932853,0.030606186017394066,True
3010,010000111101,26,0.999998423386265,1.5766137350103904e-06,cache,True,0.0,0.028883493039757013,0.028885646956041455,True
3011,110000111101,30,0.9999979040071504,2.095992849615591e-06,cache,True,0.0,0.026790181174874306,0.026792475953698158,True
3012,001000111101,32,0.999998594757013,1.4052429869737537e-06,cache,True,0.0,0.031172916060313582,0.031175391050055623,True
3013,101000111101,30,0.9999977280058847,2.271994115288223e-06,cache,True,0.0,0.029736228054389358,0.029738762881606817,True
3014,011000111101,26,2.4456030490729167e-06,0.9999975543969509,cache,True,0.0,0.028144709998741746,0.028147203847765923,True
3015,111000111101,28,1.5768305057710762e-06,0.9999984231694943,cache,True,0.0,0.027939921943470836,0.027942356886342168,True
3016,000100111101,30,0.9999977274280295,2.272571970496351e-06,cache,True,0.0,0.028661733027547598,0.028664218029007316,True
3017,100100111101,28,0.999998595767452,1.4042325480190243e-06,cache,True,0.0,0.02758838003501296,0.027590794023126364,True
3018,010100111101,28,1.9265076759311756e-06,0.9999980734923241,cache,True,0.0,0.030561659950762987,0.030563903972506523,True
3019,110100111101,30,2.098098047347954e-06,0.9999979019019527,cache,True,0.0,0.02924661780707538,0.029248933074995875,True
3020,001100111101,30,1.7509474308096396e-06,0.9999982490525692,cache,True,0.0,0.03376408480107784,0.03376690996810794,True
3021,101100111101,30,2.2716342336109284e-06,0.9999977283657664,cache,True,0.0,0.0268083771225065,0.026810870971530676,True
3022,011100111101,30,0.9999979041488786,2.0958511214308473e-06,cache,True,0.0,0.04365286510437727,0.04365555103868246,True
3023,111100111101,30,0.9999984222285653,1.5777714347242622e-06,cache,True,0.0,0.030673527158796787,0.03067617304623127,True
3024,000010111101,30,1.7521031131802923e-06,0.9999982478968868,cache,True,0.0,0.03224400500766933,0.032246760092675686,True
3025,100010111101,32,1.9248460798153376e-06,0.9999980751539201,cache,True,0.0,0.027940151980146766,0.027942907996475697,True
3026,010010111101,28,0.9999979021200053,2.0978799947224402e-06,cache,True,0.0,0.026719994843006134,0.026722439099103212,True
3027,110010111101,34,0.9999980751550325,1.924844967526873e-06,cache,True,0.0,0.03935235016979277,0.039355064975097775,True
3028,001010111101,34,0.9999980752260786,1.924773921357925e-06,cache,True,0.0,0.03241273295134306,0.032415277091786265,True
3029,101010111101,34,0.9999979008971703,2.0991028296668546e-06,cache,True,0.0,0.030393142951652408,0.030395478010177612,True
3030,011010111101,30,1.5763930706265728e-06,0.9999984236069294,cache,True,0.0,0.03227506508119404,0.03227784996852279,True
3031,111010111101,30,2.0970831340813607e-06,0.999997902916866,cache,True,0.0,0.029822655022144318,0.029824929777532816,True
3032,000110111101,32,0.9999979016156039,2.0983843961319693e-06,cache,True,0.0,0.030858386075124145,0.030860869912430644,True
3033,100110111101,32,0.9999980749375732,1.925062426799684e-06,cache,True,0.0,0.027950973948463798,0.027953518088907003,True
3034,010110111101,32,1.7507304736115626e-06,0.9999982492695264,cache,True,0.0,0.033470465103164315,0.03347348119132221,True
3035,110110111101,32,1.924920552077581e-06,0.9999980750794479,cache,True,0.0,0.028443790040910244,0.02844742708839476,True
3036,001110111101,34,1.5748700803731678e-06,0.9999984251299197,cache,True,0.0,0.031958871986716986,0.031961647095158696,True
3037,101110111101,32,2.09816611886559e-06,0.9999979018338812,cache,True,0.0,0.029582712100818753,0.029585707001388073,True
3038,011110111101,32,0.9999980751552238,1.924844776235446e-06,cache,True,0.0,0.02809093100950122,0.02809358504600823,True
3039,111110111101,34,0.9999979011089137,2.0988910862662635e-06,cache,True,0.0,0.029650497948750854,0.029653233010321856,True
3040,000001111101,28,1.7495644778898049e-06,0.9999982504355222,cache,True,0.0,0.029271692037582397,0.029274187050759792,True
3041,100001111101,32,2.271849106914532e-06,0.999997728150893,cache,True,0.0,0.027857687789946795,0.027859862195327878,True
3042,010001111101,28,0.9999979014709598,2.098529040206465e-06,cache,True,0.0,0.03533165389671922,0.03533398802392185,True
3043,110001111101,32,0.9999984249105259,1.575089474070701e-06,cache,True,0.0,0.029123864835128188,0.029126259963959455,True
3044,001001111101,34,0.9999977269232632,2.273076736836188e-06,cache,True,0.0,0.03537407494150102,0.035376691026613116,True
3045,101001111101,32,0.9999985959877495,1.4040122504610508e-06,cache,True,0.0,0.031767024891451,0.031769749941304326,True
3046,011001111101,28,1.9238368765813078e-06,0.9999980761631234,cache,True,0.0,0.03222942282445729,0.03223178698681295,True
3047,111001111101,30,2.095268830888599e-06,0.9999979047311691,cache,True,0.0,0.027559369103983045,0.027562012895941734,True
3048,000101111101,32,0.9999985941047421,1.4058952578777095e-06,cache,True,0.0,0.03256577579304576,0.03256872086785734,True
3049,100101111101,30,0.9999977272120727,2.2727879273043428e-06,cache,True,0.0,0.03692016704007983,0.03692271118052304,True
3050,010101111101,30,2.4453917923961965e-06,0.9999975546082076,cache,True,0.0,0.03025932889431715,0.030261673964560032,True
3051,110101111101,32,1.5761765431398436e-06,0.9999984238234568,cache,True,0.0,0.030969426967203617,0.030972033040598035,True
3052,001101111101,32,2.619501788957652e-06,0.9999973804982111,cache,True,0.0,0.03707862412557006,0.03708117897622287,True
3053,101101111101,32,1.4000296950624642e-06,0.9999985999703049,cache,True,0.0,0.029478815151378512,0.02948149899020791,True
3054,011101111101,32,0.9999984223044353,1.5776955647472946e-06,cache,True,0.0,0.034796243999153376,0.03479881980456412,True
3055,111101111101,32,0.9999979004601623,2.099539837652209e-06,cache,True,0.0,0.028164002113044262,0.02816641586832702,True
3056,000011111101,30,1.57580935141224e-06,0.9999984241906485,cache,True,0.0,0.02620518091134727,0.026207434944808483,True
3057,100011111101,32,2.0995407392733422e-06,0.9999979004592607,cache,True,0.0,0.027326846960932016,0.02732925210148096,True
3058,010011111101,28,0.9999980756590198,1.9243409802305322e-06,cache,True,0.0,0.028482441091910005,0.02848477498628199,True
3059,110011111101,34,0.9999979017599229,2.098240077130775e-06,cache,True,0.0,0.028252293821424246,0.028254867997020483,True
3060,001011111101,34,0.9999979014016979,2.09859830213599e-06,cache,True,0.0,0.02700748690403998,0.027010444086045027,True
3061,101011111101,34,0.9999980760274265,1.923972573480981e-06,cache,True,0.0,0.027943263994529843,0.027950257062911987,True
3062,011011111101,30,1.750369604361455e-06,0.9999982496303956,cache,True,0.0,0.02683190698735416,0.0268343819770962,True
3063,111011111101,30,1.9232571188185607e-06,0.9999980767428812,cache,True,0.0,0.0268678970169276,0.026870291912928224,True
3064,000111111101,32,0.9999980742864429,1.9257135570605044e-06,cache,True,0.0,0.03445340902544558,0.03445567307062447,True
3065,100111111101,32,0.9999979015439002,2.0984560997749924e-06,cache,True,0.0,0.026960246032103896,0.02696338202804327,True
3066,010111111101,32,1.5784919834149304e-06,0.9999984215080165,cache,True,0.0,0.02583067398518324,0.025832907995209098,True
3067,110111111101,32,2.098744877690549e-06,0.9999979012551223,cache,True,0.0,0.026841615792363882,0.02684431103989482,True
3068,001111111101,34,1.7497134708064657e-06,0.9999982502865292,cache,True,0.0,0.025535250082612038,0.025537956040352583,True
3069,101111111101,32,1.9249189286229453e-06,0.9999980750810714,cache,True,0.0,0.02727002720348537,0.02727275202050805,True
3070,011111111101,32,0.9999979013244539,2.098675546124973e-06,cache,True,0.0,0.02699417108669877,0.026996677042916417,True
3071,111111111101,34,0.999998075952956,1.924047044021826e-06,cache,True,0.0,0.025903986068442464,0.025906631024554372,True
3072,000000000011,6,3.585884989025848e-07,0.9999996414115011,cache,True,0.0,0.027270767837762833,0.027273102896288037,True
3073,100000000011,12,2.2726450022394546e-06,0.9999977273549978,cache,True,0.0,0.029026265954598784,0.029028719989582896,True
3074,010000000011,12,0.9999975540334225,2.44596657750229e-06,cache,True,0.0,0.027311277110129595,0.02731397212482989,True
3075,110000000011,14,0.9999987696015217,1.2303984783246236e-06,cache,True,0.0,0.02952036401256919,0.029523751931264997,True
3076,001000000011,12,0.9999973810732401,2.6189267599008303e-06,cache,True,0.0,0.029502399964258075,0.02950524492189288,True
3077,101000000011,12,0.9999975530950528,2.446904947217554e-06,cache,True,0.0,0.034616185119375587,0.034619061043486,True
3078,011000000011,12,1.9253542776083868e-06,0.9999980746457224,cache,True,0.0,0.028281120117753744,0.02828356414102018,True
3079,111000000011,12,2.0988183287176763e-06,0.9999979011816713,cache,True,0.0,0.027298281900584698,0.027300736866891384,True
3080,000100000011,12,0.9999975535275742,2.4464724257544646e-06,cache,True,0.0,0.026400659000501037,0.026403225027024746,True
3081,100100000011,12,0.9999973807852722,2.6192147277726008e-06,cache,True,0.0,0.02753245597705245,0.027535152155905962,True
3082,010100000011,12,1.7498641153281403e-06,0.9999982501358847,cache,True,0.0,0.02731497399508953,0.02731750998646021,True
3083,110100000011,12,2.273295768827202e-06,0.9999977267042311,cache,True,0.0,0.028853591065853834,0.02885629516094923,True
3084,001100000011,12,1.924413260461944e-06,0.9999980755867396,cache,True,0.0,0.029520123964175582,0.029522408032789826,True
3085,101100000011,14,7.10145975277683e-07,0.9999992898540248,cache,True,0.0,0.02665894106030464,0.0266614961437881,True
3086,011100000011,14,0.9999987701799805,1.229820019488237e-06,cache,True,0.0,0.027876965003088117,0.02787958993576467,True
3087,111100000011,12,0.9999975533117371,2.4466882628804143e-06,cache,True,0.0,0.027832137886434793,0.0278349039144814,True
3088,000010000011,12,1.9244119639244853e-06,0.9999980755880361,cache,True,0.0,0.027103063883259892,0.02710533794015646,True
3089,100010000011,16,1.7513803732512615e-06,0.9999982486196267,cache,True,0.0,0.031408249167725444,0.031410403084009886,True
3090,010010000011,16,0.9999980754444102,1.9245555897828837e-06,cache,True,0.0,0.029059178894385695,0.0290618350263685,True
3091,110010000011,20,0.9999979021198027,2.0978801973381422e-06,cache,True,0.0,0.03005124512128532,0.03005388006567955,True
3092,001010000011,16,0.999997902192534,2.0978074659616652e-06,cache,True,0.0,0.027819544076919556,0.027821867959573865,True
3093,101010000011,18,0.9999980759520181,1.9240479819382372e-06,cache,True,0.0,0.02777858404442668,0.027781368931755424,True
3094,011010000011,18,2.0991083671556054e-06,0.9999979008916329,cache,True,0.0,0.030352670000866055,0.030355636030435562,True
3095,111010000011,16,1.5778411859593181e-06,0.9999984221588141,cache,True,0.0,0.02818876993842423,0.02819193690083921,True
3096,000110000011,16,0.999998074793705,1.92520629505033e-06,cache,True,0.0,0.028386422898620367,0.02838941989466548,True
3097,100110000011,18,0.9999979011837188,2.098816281215221e-06,cache,True,0.0,0.030567717039957643,0.03057024278678,True
3098,010110000011,18,1.92346990857605e-06,0.9999980765300914,cache,True,0.0,0.027834453154355288,0.02783685806207359,True
3099,110110000011,16,1.7501523509137401e-06,0.9999982498476491,cache,True,0.0,0.027555390959605575,0.027557524852454662,True
3100,001110000011,18,2.0991792923133594e-06,0.9999979008207077,cache,True,0.0,0.026977018918842077,0.026979593094438314,True
3101,101110000011,18,1.5764663095503511e-06,0.9999984235336904,cache,True,0.0,0.030103627126663923,0.03010590118356049,True
3102,011110000011,18,0.9999979025599741,2.0974400258833015e-06,cache,True,0.0,0.02763959509320557,0.02764221909455955,True
3103,111110000011,18,0.9999980748641485,1.92513585151044e-06,cache,True,0.0,0.034853214863687754,0.03485580114647746,True
3104,000001000011,12,1.9249185699843356e-06,0.99999807508143,cache,True,0.0,0.02478541503660381,0.024787930073216558,True
3105,100001000011,18,2.097084999113626e-06,0.9999979029150009,cache,True,0.0,0.027304623974487185,0.027306768810376525,True
3106,010001000011,18,0.9999973802075365,2.6197924635207315e-06,cache,True,0.0,0.026623722864314914,0.0266261778306216,True
3107,110001000011,20,0.9999975541050732,2.445894926816905e-06,cache,True,0.0,0.028881895123049617,0.02888431097380817,True
3108,001001000011,18,0.9999989455258947,1.0544741052553874e-06,cache,True,0.0,0.029276251094415784,0.029279077192768455,True
3109,101001000011,18,0.9999973799903127,2.620009687315239e-06,cache,True,0.0,0.028555150842294097,0.028557376004755497,True
3110,011001000011,18,1.7528288946044446e-06,0.9999982471711054,cache,True,0.0,0.029660677071660757,0.029662881046533585,True
3111,111001000011,18,8.831779258437428e-07,0.9999991168220742,cache,True,0.0,0.027309724129736423,0.027312180027365685,True
3112,000101000011,18,0.9999973805692517,2.619430748307394e-06,cache,True,0.0,0.029386034002527595,0.029388068011030555,True
3113,100101000011,18,0.9999989442216493,1.0557783507447738e-06,cache,True,0.0,0.027015834115445614,0.02701780805364251,True
3114,010101000011,18,5.343675976275026e-07,0.9999994656324024,cache,True,0.0,0.027689551934599876,0.02769166510552168,True
3115,110101000011,18,2.0997571236390844e-06,0.9999979002428764,cache,True,0.0,0.03256334108300507,0.03256544517353177,True
3116,001101000011,18,1.7521761445608974e-06,0.9999982478238555,cache,True,0.0,0.028208499075844884,0.02821131399832666,True
3117,101101000011,20,2.272861743989585e-06,0.999997727138256,cache,True,0.0,0.027144724037498236,0.027147228829562664,True
3118,011101000011,20,0.9999975545391572,2.4454608428259306e-06,cache,True,0.0,0.02614007401280105,0.02614267892204225,True
3119,111101000011,18,0.9999973804967041,2.6195032959419606e-06,cache,True,0.0,0.026674913009628654,0.026677306974306703,True
3120,000011000011,16,2.0979495272740393e-06,0.9999979020504727,cache,True,0.0,0.027436119969934225,0.027438574004918337,True
3121,100011000011,20,1.5762507083086312e-06,0.9999984237492917,cache,True,0.0,0.02755668293684721,0.027560871094465256,True
3122,010011000011,20,0.9999979006051389,2.0993948610659174e-06,cache,True,0.0,0.028615790186449885,0.028618565062060952,True
3123,110011000011,24,0.9999980753704826,1.9246295174246697e-06,cache,True,0.0,0.028427815064787865,0.028430309146642685,True
3124,001011000011,20,0.9999980752979942,1.9247020057733266e-06,cache,True,0.0,0.02647335105575621,0.026475646067410707,True
3125,101011000011,22,0.9999979018318366,2.098168163433556e-06,cache,True,0.0,0.03508206899277866,0.035084293922409415,True
3126,011011000011,22,1.924702757266381e-06,0.9999980752972427,cache,True,0.0,0.02959229494445026,0.029594498919323087,True
3127,111011000011,20,1.7506607279128666e-06,0.9999982493392721,cache,True,0.0,0.02720931894145906,0.02721156389452517,True
3128,000111000011,20,0.9999979008214007,2.0991785992796608e-06,cache,True,0.0,0.030025525018572807,0.030028039822354913,True
3129,100111000011,22,0.999998075590596,1.924409404052696e-06,cache,True,0.0,0.02885188814252615,0.028854321921244264,True
3130,010111000011,22,2.09758401094688e-06,0.9999979024159891,cache,True,0.0,0.030695315217599273,0.03069787099957466,True
3131,110111000011,20,1.5770458522658055e-06,0.9999984229541478,cache,True,0.0,0.028406101977452636,0.028408607002347708,True
3132,001111000011,22,1.9250639928198057e-06,0.9999980749360072,cache,True,0.0,0.028875873889774084,0.028878198005259037,True
3133,101111000011,22,1.7510182304752368e-06,0.9999982489817695,cache,True,0.0,0.02790412795729935,0.027906832983717322,True
3134,011111000011,22,0.9999980756619453,1.92433805468184e-06,cache,True,0.0,0.026144643081352115,0.026147178141400218,True
3135,111111000011,22,0.9999979021940915,2.0978059085408063e-06,cache,True,0.0,0.02692441688850522,0.02692758198827505,True
3136,000000100011,12,2.2722843069085194e-06,0.9999977277156931,cache,True,0.0,0.026394076878204942,0.026396743021905422,True
3137,100000100011,18,2.098529760718958e-06,0.9999979014702393,cache,True,0.0,0.029069639975205064,0.02907191403210163,True
3138,010000100011,18,0.9999977281494467,2.2718505533481093e-06,cache,True,0.0,0.03100083814933896,0.031003293115645647,True
3139,110000100011,20,0.999997553817466,2.4461825339772147e-06,cache,True,0.0,0.02700659609399736,0.027008971199393272,True
3140,001000100011,18,0.9999975543237963,2.4456762036662028e-06,cache,True,0.0,0.026808041147887707,0.026810524985194206,True
3141,101000100011,18,0.9999991162363971,8.837636028546925e-07,cache,True,0.0,0.029073738027364016,0.02907620300538838,True
3142,011000100011,18,1.0572252800782892e-06,0.9999989427747199,cache,True,0.0,0.030489034950733185,0.03049148991703987,True
3143,111000100011,18,1.9244148822428458e-06,0.9999980755851178,cache,True,0.0,0.25882486207410693,0.2588275270536542,True
3144,000100100011,18,0.9999991162379617,8.837620383284062e-07,cache,True,0.0,0.02681858092546463,0.02682130690664053,True
3145,100100100011,18,0.9999975536017457,2.4463982543077023e-06,cache,True,0.0,0.02555351611226797,0.025556050008162856,True
3146,010100100011,18,2.2714912708851364e-06,0.9999977285087291,cache,True,0.0,0.026875109877437353,0.026877766009420156,True
3147,110100100011,18,7.105849584839766e-07,0.9999992894150416,cache,True,0.0,0.026617651106789708,0.02661992609500885,True
3148,001100100011,18,2.4466148454515448e-06,0.9999975533851545,cache,True,0.0,0.02729962393641472,0.027302048867568374,True
3149,101100100011,20,1.925497688493093e-06,0.9999980745023115,cache,True,0.0,0.02681448287330568,0.026816988131031394,True
3150,011100100011,20,0.9999975548289262,2.4451710738393473e-06,cache,True,0.0,0.024508397793397307,0.02451092191040516,True
3151,111100100011,18,0.9999977272837433,2.2727162567459658e-06,cache,True,0.0,0.025587682146579027,0.025590026983991265,True
3152,000010100011,18,1.7505852908904612e-06,0.9999982494147092,cache,True,0.0,0.029940990963950753,0.029943455010652542,True
3153,100010100011,22,2.2724296721193276e-06,0.9999977275703279,cache,True,0.0,0.02508324314840138,0.025085587985813618,True
3154,010010100011,22,0.9999982482573982,1.7517426017521487e-06,cache,True,0.0,0.025062382919713855,0.025065078167244792,True
3155,110010100011,26,0.9999980765312623,1.923468737730083e-06,cache,True,0.0,0.028561463812366128,0.02856417908333242,True
3156,001010100011,22,0.9999980758751905,1.9241248094825636e-06,cache,True,0.0,0.03048838395625353,0.030490858014672995,True
3157,101010100011,24,0.9999982497736295,1.750226370500485e-06,cache,True,0.0,0.025717854965478182,0.025720298988744617,True
3158,011010100011,24,1.924700528230208e-06,0.9999980752994718,cache,True,0.0,0.02511603687889874,0.025118510937318206,True
3159,111010100011,22,2.0986027595980477e-06,0.9999979013972404,cache,True,0.0,0.024903162848204374,0.02490544691681862,True
3160,000110100011,22,0.9999982487637932,1.7512362068261567e-06,cache,True,0.0,0.02280713594518602,0.022809510119259357,True
3161,100110100011,24,0.9999980750107575,1.924989242452213e-06,cache,True,0.0,0.023935585981234908,0.023938030004501343,True
3162,010110100011,24,1.7519589490987594e-06,0.9999982480410509,cache,True,0.0,0.024589684791862965,0.02459231996908784,True
3163,110110100011,22,2.2740906337890385e-06,0.9999977259093662,cache,True,0.0,0.027420107973739505,0.027422433020547032,True
3164,001110100011,24,1.9253494862954846e-06,0.9999980746505137,cache,True,0.0,0.027447731932625175,0.0274503780528903,True
3165,101110100011,24,2.098964175620484e-06,0.9999979010358244,cache,True,0.0,0.025944974971935153,0.025947601068764925,True
3166,011110100011,24,0.9999980750819139,1.924918086149141e-06,cache,True,0.0,0.026403073919937015,0.026407012017443776,True
3167,111110100011,24,0.9999982498488862,1.7501511138107162e-06,cache,True,0.0,0.02663295087404549,0.026635685935616493,True
3168,000001100011,12,2.4459659429205544e-06,0.9999975540340571,cache,True,0.0,0.025940837804228067,0.025943562854081392,True
3169,100001100011,18,5.349455156079672e-07,0.9999994650544843,cache,True,0.0,0.02666736696846783,0.026669871993362904,True
3170,010001100011,18,0.9999989452363647,1.0547636353219758e-06,cache,True,0.0,0.025896861916407943,0.02589964703656733,True
3171,110001100011,20,0.9999977280772604,2.271922739605081e-06,cache,True,0.0,0.027368177892640233,0.027370612835511565,True
3172,001001100011,18,0.9999977278596772,2.2721403227787818e-06,cache,True,0.0,0.02562676789239049,0.025629092939198017,True
3173,101001100011,18,0.9999975533839814,2.446616018558778e-06,cache,True,0.0,0.02733080484904349,0.027333158999681473,True
3174,011001100011,18,2.272140112655911e-06,0.9999977278598874,cache,True,0.0,0.02735820901580155,0.02736049285158515,True
3175,111001100011,18,2.098528199000055e-06,0.999997901471801,cache,True,0.0,0.026550351176410913,0.026552844792604446,True
3176,000101100011,18,0.9999975532381649,2.44676183513981e-06,cache,True,0.0,0.02753178495913744,0.027534360997378826,True
3177,100101100011,18,0.9999977287261018,2.2712738981800484e-06,cache,True,0.0,0.024861722951754928,0.024864078033715487,True
3178,010101100011,18,2.446037471430113e-06,0.9999975539625285,cache,True,0.0,0.028480787994340062,0.028482981026172638,True
3179,110101100011,18,1.9265104097231455e-06,0.9999980734895902,cache,True,0.0,0.026940276846289635,0.026942661963403225,True
3180,001101100011,18,8.837562034644569e-07,0.9999991162437966,cache,True,0.0,0.027890230994671583,0.02789284591563046,True
3181,101101100011,20,2.0993250206919248e-06,0.9999979006749793,cache,True,0.0,0.026922992896288633,0.02692543901503086,True
3182,011101100011,20,0.9999977292345372,2.2707654627751594e-06,cache,True,0.0,0.025771919172257185,0.02577431406825781,True
3183,111101100011,18,0.9999989439334398,1.0560665602010744e-06,cache,True,0.0,0.02366116293706,0.023663487983867526,True
3184,000011100011,16,1.9244139476900303e-06,0.9999980755860524,cache,True,0.0,0.027868539094924927,0.027870913967490196,True
3185,100011100011,20,2.0981689757806284e-06,0.9999979018310242,cache,True,0.0,0.03743900405243039,0.03744178917258978,True
3186,010011100011,20,0.9999980754408643,1.924559135724202e-06,cache,True,0.0,0.025550128892064095,0.025552273960784078,True
3187,110011100011,24,0.9999982477524498,1.752247550168562e-06,cache,True,0.0,0.02644854295067489,0.02645088778808713,True
3188,001011100011,20,0.9999982481154364,1.7518845636388392e-06,cache,True,0.0,0.024116266053169966,0.02411853102967143,True
3189,101011100011,22,0.999998075370664,1.9246293360142275e-06,cache,True,0.0,0.027006625896319747,0.027008990989997983,True
3190,011011100011,22,1.7505852886607274e-06,0.9999982494147114,cache,True,0.0,0.031208871863782406,0.031211517052724957,True
3191,111011100011,20,2.272283067525387e-06,0.9999977277169325,cache,True,0.0,0.03050257102586329,0.030504904920235276,True
3192,000111100011,20,0.9999980747911837,1.9252088162557968e-06,cache,True,0.0,0.02934496500529349,0.029347138945013285,True
3193,100111100011,22,0.9999982494133548,1.7505866451994478e-06,cache,True,0.0,0.027161174919456244,0.027163631049916148,True
3194,010111100011,22,1.9243398994428656e-06,0.9999980756601006,cache,True,0.0,0.02728832303546369,0.027291398961097002,True
3195,110111100011,20,2.0980944338566496e-06,0.9999979019055661,cache,True,0.0,0.028661037096753716,0.028664133977144957,True
3196,001111100011,22,1.750078285290335e-06,0.9999982499217147,cache,True,0.0,0.02769883000291884,0.027701334096491337,True
3197,101111100011,22,2.271197620697891e-06,0.9999977288023792,cache,True,0.0,0.026562483981251717,0.02656549005769193,True
3198,011111100011,22,0.9999982505051429,1.7494948570950797e-06,cache,True,0.0,0.02624487690627575,0.026247181929647923,True
3199,111111100011,22,0.9999980748652939,1.9251347060933455e-06,cache,True,0.0,0.03401585016399622,0.034018465084955096,True
3200,000000010011,10,1.0563570338381603e-06,0.9999989436429662,cache,True,0.0,0.02648873091675341,0.026491726050153375,True
3201,100000010011,16,2.9654967884146815e-06,0.9999970345032115,cache,True,0.0,0.02764284098520875,0.02764566708356142,True
3202,010000010011,14,0.9999968598787206,3.1401212794435196e-06,cache,True,0.0,0.03170002601109445,0.0317028712015599,True
3203,110000010011,16,0.9999980737083463,1.9262916537421404e-06,cache,True,0.0,0.026940498035401106,0.02694305288605392,True
3204,001000010011,16,0.999998075370994,1.9246290059449223e-06,cache,True,0.0,0.026659442111849785,0.026661968091502786,True
3205,101000010011,16,0.999998248549066,1.7514509339511264e-06,cache,True,0.0,0.033681690925732255,0.03368429699912667,True
3206,011000010011,14,1.2300408386835776e-06,0.9999987699591614,cache,True,0.0,0.03000357304699719,0.03000629786401987,True
3207,111000010011,14,1.4043780635686475e-06,0.9999985956219364,cache,True,0.0,0.02610001713037491,0.026102140080183744,True
3208,000100010011,16,0.9999982484019238,1.751598076249472e-06,cache,True,0.0,0.03245208412408829,0.03245441894978285,True
3209,100100010011,16,0.999998074502644,1.925497356003447e-06,cache,True,0.0,0.039521886967122555,0.0395243710372597,True
3210,010100010011,14,1.0557047583483097e-06,0.9999989442952416,cache,True,0.0,0.029109036084264517,0.02911130106076598,True
3211,110100010011,14,1.578851834861619e-06,0.9999984211481652,cache,True,0.0,0.028380522038787603,0.02838304708711803,True
3212,001100010011,16,2.6189994590378718e-06,0.9999973810005409,cache,True,0.0,0.027851375984027982,0.027853920124471188,True
3213,101100010011,18,1.4044475979304661e-06,0.9999985955524021,cache,True,0.0,0.03088318882510066,0.03088700701482594,True
3214,011100010011,16,0.9999980745780792,1.925421920789816e-06,cache,True,0.0,0.030357670038938522,0.030360996956005692,True
3215,111100010011,14,0.999996859444692,3.140555308034365e-06,cache,True,0.0,0.029109758092090487,0.0291126340162009,True
3216,000010010011,16,1.923252264759579e-06,0.9999980767477352,cache,True,0.0,0.028095429064705968,0.02809804491698742,True
3217,100010010011,20,1.7505120211684955e-06,0.9999982494879789,cache,True,0.0,0.02768374001607299,0.02768637496046722,True
3218,010010010011,18,0.9999980761670074,1.923832992578589e-06,cache,True,0.0,0.028098826063796878,0.028101511066779494,True
3219,110010010011,22,0.9999979011082835,2.0988917165398746e-06,cache,True,0.0,0.029701767023652792,0.02970429090783,True
3220,001010010011,20,0.9999979019034223,2.098096577696218e-06,cache,True,0.0,0.026740640169009566,0.026743104215711355,True
3221,101010010011,22,0.9999980785608263,1.921439173657724e-06,cache,True,0.0,0.02828396507538855,0.02828632900491357,True
3222,011010010011,20,2.098384695755628e-06,0.9999979016153042,cache,True,0.0,0.027920960914343596,0.027923465007916093,True
3223,111010010011,18,1.5791422969488105e-06,0.9999984208577031,cache,True,0.0,0.02739188401028514,0.02739445911720395,True
3224,000110010011,20,0.99999807536886,1.92463114001562e-06,cache,True,0.0,0.02728920499794185,0.027291628997772932,True
3225,100110010011,22,0.999997900604776,2.099395223997824e-06,cache,True,0.0,0.031645428854972124,0.03164771292358637,True
3226,010110010011,20,1.9259281901435903e-06,0.9999980740718099,cache,True,0.0,0.026686273980885744,0.026688979007303715,True
3227,110110010011,18,1.7517408245657964e-06,0.9999982482591754,cache,True,0.0,0.027650797041133046,0.0276530000846833,True
3228,001110010011,22,2.096863707802422e-06,0.9999979031362922,cache,True,0.0,0.028613253962248564,0.02861597901210189,True
3229,101110010011,22,1.5773369002153329e-06,0.9999984226630998,cache,True,0.0,0.027580789988860488,0.02758342493325472,True
3230,011110010011,20,0.9999979021216101,2.097878389895058e-06,cache,True,0.0,0.02994624199345708,0.029948455980047584,True
3231,111110010011,20,0.9999980744315077,1.9255684923225047e-06,cache,True,0.0,0.030336037976667285,0.03033853298984468,True
3232,000001010011,14,1.2284421650222722e-06,0.999998771557835,cache,True,0.0,0.027340994216501713,0.027343278983607888,True
3233,100001010011,20,1.4014798547119427e-06,0.9999985985201453,cache,True,0.0,0.028091292129829526,0.02809351496398449,True
3234,010001010011,18,0.999998074216179,1.925783820966309e-06,cache,True,0.0,0.02862811298109591,0.028630326967686415,True
3235,110001010011,20,0.9999982481118525,1.751888147549785e-06,cache,True,0.0,0.031904350966215134,0.03190678684040904,True
3236,001001010011,20,0.9999982484735703,1.7515264296719124e-06,cache,True,0.0,0.027777773095294833,0.027780357049778104,True
3237,101001010011,20,0.9999966869928264,3.3130071735998357e-06,cache,True,0.0,0.028732997132465243,0.02873545093461871,True
3238,011001010011,18,2.444521058470873e-06,0.9999975554789415,cache,True,0.0,0.026924256002530456,0.026926480000838637,True
3239,111001010011,18,1.576898017834777e-06,0.9999984231019822,cache,True,0.0,0.0268399219494313,0.026843530125916004,True
3240,000101010011,20,0.9999966855467993,3.3144532006756933e-06,cache,True,0.0,0.02865396300330758,0.02865626709535718,True
3241,100101010011,20,0.9999982486218534,1.751378146619409e-06,cache,True,0.0,0.027108754962682724,0.027115477016195655,True
3242,010101010011,18,1.2292446145601415e-06,0.9999987707553855,cache,True,0.0,0.02689013979397714,0.026892535155639052,True
3243,110101010011,18,2.7908753979992717e-06,0.999997209124602,cache,True,0.0,0.02829545713029802,0.028297922108322382,True
3244,001101010011,20,1.0568692735273795e-06,0.9999989431307265,cache,True,0.0,0.027753425063565373,0.02775603113695979,True
3245,101101010011,22,1.5784197295453699e-06,0.9999984215802704,cache,True,0.0,0.030105340061709285,0.03010824485681951,True
3246,011101010011,20,0.9999982462352286,1.7537647714060967e-06,cache,True,0.0,0.028036965988576412,0.028039831900969148,True
3247,111101010011,18,0.99999807334723,1.926652769990156e-06,cache,True,0.0,0.027796239126473665,0.02779897302389145,True
3248,000011010011,18,2.0963589998724354e-06,0.9999979036410002,cache,True,0.0,0.027647429844364524,0.027651096927002072,True
3249,100011010011,22,1.5749483929846215e-06,0.999998425051607,cache,True,0.0,0.027916181134060025,0.02791876601986587,True
3250,010011010011,20,0.9999979003165091,2.099683490852655e-06,cache,True,0.0,0.02775874501094222,0.02776158112101257,True
3251,110011010011,24,0.9999980750811931,1.9249188069059286e-06,cache,True,0.0,0.026135644875466824,0.02613831078633666,True
3252,001011010011,22,0.9999980757360613,1.924263938746229e-06,cache,True,0.0,0.028553548036143184,0.028556494042277336,True
3253,101011010011,24,0.999997901109665,2.0988903349783428e-06,cache,True,0.0,0.027381583815440536,0.027384037850424647,True
3254,011011010011,22,1.9247014314114172e-06,0.9999980752985685,cache,True,0.0,0.03340655704960227,0.03340907208621502,True
3255,111011010011,20,1.7526817846275917e-06,0.9999982473182154,cache,True,0.0,0.02899090712890029,0.028993932995945215,True
3256,000111010011,22,0.9999979035760259,2.0964239740850488e-06,cache,True,0.0,0.027807581005617976,0.027809925843030214,True
3257,100111010011,24,0.999998074286292,1.9257137080508357e-06,cache,True,0.0,0.03091945988126099,0.03092296700924635,True
3258,010111010011,22,2.0993227037206593e-06,0.9999979006772963,cache,True,0.0,0.03036813996732235,0.030370875960215926,True
3259,110111010011,20,1.576758559813699e-06,0.9999984232414402,cache,True,0.0,0.02992926794104278,0.029932394856587052,True
3260,001111010011,24,1.924343024065218e-06,0.999998075656976,cache,True,0.0,0.02774310507811606,0.02774589112959802,True
3261,101111010011,24,1.7500068907041133e-06,0.9999982499931093,cache,True,0.0,0.026870792964473367,0.026873226976022124,True
3262,011111010011,22,0.9999980745048398,1.925495160204349e-06,cache,True,0.0,0.02900264016352594,0.029005496064200997,True
3263,111111010011,22,0.9999979016175584,2.0983824415843344e-06,cache,True,0.0,0.029859503032639623,0.02986210910603404,True
3264,000000110011,14,1.5781314057024083e-06,0.9999984218685943,cache,True,0.0,0.02809280389919877,0.028095338959246874,True
3265,100000110011,20,1.404085035755607e-06,0.9999985959149642,cache,True,0.0,0.02664339100010693,0.026645574951544404,True
3266,010000110011,18,0.9999984233139297,1.5766860702592922e-06,cache,True,0.0,0.025865080999210477,0.02586758485995233,True
3267,110000110011,20,0.9999982495586615,1.750441338543851e-06,cache,True,0.0,0.028254979057237506,0.028257153928279877,True
3268,001000110011,20,0.9999968607487595,3.1392512405137296e-06,cache,True,0.0,0.02669618302024901,0.026698679197579622,True
3269,101000110011,20,0.999998422662979,1.5773370209970494e-06,cache,True,0.0,0.027672919910401106,0.02767515298910439,True
3270,011000110011,18,1.750654376379162e-06,0.9999982493456236,cache,True,0.0,0.027027576928958297,0.027029799995943904,True
3271,111000110011,18,2.6175526510951125e-06,0.9999973824473489,cache,True,0.0,0.02977966796606779,0.02978227287530899,True
3272,000100110011,20,0.9999984223739936,1.577626006388222e-06,cache,True,0.0,0.028355994960293174,0.028358129085972905,True
3273,100100110011,20,0.999996862050229,3.137949771025994e-06,cache,True,0.0,0.028197938110679388,0.02820059284567833,True
3274,010100110011,18,2.9652082193011065e-06,0.9999970347917807,cache,True,0.0,0.029596261912956834,0.02959854598157108,True
3275,110100110011,18,1.4051712164439646e-06,0.9999985948287835,cache,True,0.0,0.02763120806775987,0.027633943129330873,True
3276,001100110011,20,1.7530403435956322e-06,0.9999982469596564,cache,True,0.0,0.028238347033038735,0.028240961022675037,True
3277,101100110011,22,1.2316322066945085e-06,0.9999987683677933,cache,True,0.0,0.03308820980601013,0.03309083404019475,True
3278,011100110011,20,0.9999982476814362,1.7523185638079752e-06,cache,True,0.0,0.02764507499523461,0.027647558832541108,True
3279,111100110011,18,0.9999984218692861,1.5781307138862388e-06,cache,True,0.0,0.02658282406628132,0.026585257844999433,True
3280,000010110011,20,1.7518871868156351e-06,0.9999982481128132,cache,True,0.0,0.029948354931548238,0.029950550058856606,True
3281,100010110011,24,2.2728639415743284e-06,0.9999977271360584,cache,True,0.0,0.027036304119974375,0.027038969099521637,True
3282,010010110011,22,0.9999982508639653,1.7491360346788554e-06,cache,True,0.0,0.02905484102666378,0.029057255946099758,True
3283,110010110011,26,0.9999980762387121,1.9237612879363652e-06,cache,True,0.0,0.026951198000460863,0.026953662978485227,True
3284,001010110011,24,0.9999980734186581,1.9265813419044875e-06,cache,True,0.0,0.029375253012403846,0.029377958038821816,True
3285,101010110011,26,0.999998249053864,1.750946135969933e-06,cache,True,0.0,0.02715844102203846,0.027160915778949857,True
3286,011010110011,24,1.9223887335685163e-06,0.9999980776112665,cache,True,0.0,0.02622830495238304,0.026230951072648168,True
3287,111010110011,22,2.0994706313127168e-06,0.9999979005293687,cache,True,0.0,0.029699994018301368,0.029702327912673354,True
3288,000110110011,24,0.9999982497801292,1.7502198708108097e-06,cache,True,0.0,0.026810594834387302,0.02681287983432412,True
3289,100110110011,26,0.9999980737106591,1.9262893409255355e-06,cache,True,0.0,0.028704921016469598,0.028708267025649548,True
3290,010110110011,24,1.7519604524962095e-06,0.9999982480395475,cache,True,0.0,0.029781669843941927,0.029784445883706212,True
3291,110110110011,22,2.272068437889807e-06,0.9999977279315622,cache,True,0.0,0.02699184394441545,0.02699417807161808,True
3292,001110110011,26,1.925787366829149e-06,0.9999980742126332,cache,True,0.0,0.029704400105401874,0.02970662503503263,True
3293,101110110011,26,2.099108427009999e-06,0.999997900891573,cache,True,0.0,0.028028396889567375,0.028035430004820228,True
3294,011110110011,24,0.9999980756617562,1.924338243752821e-06,cache,True,0.0,0.0334197839256376,0.03342242888174951,True
3295,111110110011,24,0.9999982492706652,1.750729334837331e-06,cache,True,0.0,0.02966957283206284,0.02967215795069933,True
3296,000001110011,16,3.1396851175158332e-06,0.9999968603148824,cache,True,0.0,0.027769974898546934,0.02777252998203039,True
3297,100001110011,22,1.2295327014242947e-06,0.9999987704672986,cache,True,0.0,0.02642884198576212,0.026431295787915587,True
3298,010001110011,20,0.9999982476084671,1.7523915328832018e-06,cache,True,0.0,0.02671506581827998,0.026717802044004202,True
3299,110001110011,22,0.999997032767985,2.9672320149831677e-06,cache,True,0.0,0.02759312209673226,0.027595315827056766,True
3300,001001110011,22,0.9999984210018354,1.5789981645530915e-06,cache,True,0.0,0.03201311291195452,0.03201555693522096,True
3301,101001110011,22,0.9999982471028571,1.7528971428815154e-06,cache,True,0.0,0.026780423941090703,0.026783169014379382,True
3302,011001110011,20,1.575667831306247e-06,0.9999984243321687,cache,True,0.0,0.02767174388282001,0.027674017939716578,True
3303,111001110011,20,1.4006035360720146e-06,0.999998599396464,cache,True,0.0,0.036832839949056506,0.03683665697462857,True
3304,000101110011,22,0.9999982481151586,1.75188484141664e-06,cache,True,0.0,0.0273749481420964,0.027377882972359657,True
3305,100101110011,22,0.9999984218656153,1.5781343847276474e-06,cache,True,0.0,0.027009668992832303,0.02701223292388022,True
3306,010101110011,20,1.7513065285369082e-06,0.9999982486934714,cache,True,0.0,0.027024618117138743,0.02702741278335452,True
3307,110101110011,20,1.2291775481643175e-06,0.9999987708224518,cache,True,0.0,0.02889045001938939,0.028893416980281472,True
3308,001101110011,22,1.5771900754352619e-06,0.9999984228099246,cache,True,0.0,0.025672983145341277,0.025675509124994278,True
3309,101101110011,24,2.791307858330818e-06,0.9999972086921417,cache,True,0.0,0.027079404098913074,0.02708176919259131,True
3310,011101110011,22,0.9999970336313324,2.9663686675895917e-06,cache,True,0.0,0.02699374803341925,0.026996172033250332,True
3311,111101110011,20,0.9999982471743225,1.7528256774923534e-06,cache,True,0.0,0.027393163880333304,0.027395437937229872,True
3312,000011110011,20,1.9255693022899386e-06,0.9999980744306977,cache,True,0.0,0.026216798927634954,0.0262192040681839,True
3313,100011110011,24,2.099613377658613e-06,0.9999979003866224,cache,True,0.0,0.028958040988072753,0.028960295021533966,True
3314,010011110011,22,0.9999980767471028,1.923252897162442e-06,cache,True,0.0,0.029953805031254888,0.029956419952213764,True
3315,110011110011,26,0.9999982490528406,1.750947159373517e-06,cache,True,0.0,0.028842746978625655,0.028845282969996333,True
3316,001011110011,24,0.9999982472444938,1.7527555061791489e-06,cache,True,0.0,0.02724067703820765,0.027243333170190454,True
3317,101011110011,26,0.9999980756592298,1.924340770176336e-06,cache,True,0.0,0.025655890116468072,0.025658395141363144,True
3318,011011110011,24,1.7481162131649504e-06,0.9999982518837869,cache,True,0.0,0.0279536210000515,0.027956035919487476,True
3319,111011110011,22,2.271848323180815e-06,0.9999977281516769,cache,True,0.0,0.03147921594791114,0.03148167091421783,True
3320,000111110011,24,0.9999980747935313,1.925206468689211e-06,cache,True,0.0,0.03130839508958161,0.03131070896051824,True
3321,100111110011,26,0.9999982476830364,1.7523169636435298e-06,cache,True,0.0,0.028125634882599115,0.028127990197390318,True
3322,010111110011,24,1.9244831287088537e-06,0.9999980755168713,cache,True,0.0,0.02715759607963264,0.02716048201546073,True
3323,110111110011,22,2.0985299688652926e-06,0.9999979014700311,cache,True,0.0,0.027166954008862376,0.027169309090822935,True
3324,001111110011,26,1.7494977206778126e-06,0.9999982505022793,cache,True,0.0,0.03229986899532378,0.03230233397334814,True
3325,101111110011,26,2.2726449695338015e-06,0.9999977273550305,cache,True,0.0,0.025478896917775273,0.025481261080130935,True
3326,011111110011,24,0.9999982506471679,1.7493528321477214e-06,cache,True,0.0,0.026494467863813043,0.02649666299112141,True
3327,111111110011,24,0.9999980755877647,1.9244122353434534e-06,cache,True,0.0,0.027342434972524643,0.02734503010287881,True
3328,000000001011,12,1.7497194062162558e-06,0.9999982502805937,cache,True,0.0,0.02786612114869058,0.027868396136909723,True
3329,100000001011,18,2.271415438921289e-06,0.999997728584561,cache,True,0.0,0.0288519358728081,0.028854399919509888,True
3330,010000001011,16,0.9999982494150375,1.7505849625454317e-06,cache,True,0.0,0.027534798020496964,0.027537273010239005,True
3331,110000001011,18,0.9999980743596236,1.9256403763767693e-06,cache,True,0.0,0.029611880891025066,0.029614295111969113,True
3332,001000001011,18,0.9999980741431801,1.925856819906535e-06,cache,True,0.0,0.03771683597005904,0.037719412008300424,True
3333,101000001011,18,0.9999982490533268,1.7509466732068546e-06,cache,True,0.0,0.026482996065169573,0.026485522044822574,True
3334,011000001011,16,1.923547585434897e-06,0.9999980764524146,cache,True,0.0,0.027285745134577155,0.027288250159472227,True
3335,111000001011,16,2.097590094250677e-06,0.9999979024099057,cache,True,0.0,0.027779093012213707,0.027781367069110274,True
3336,000100001011,16,0.9999982480411392,1.7519588607628478e-06,cache,True,0.0,0.027909826021641493,0.027912260964512825,True
3337,100100001011,16,0.9999980752972724,1.9247027276403372e-06,cache,True,0.0,0.025795561959967017,0.025797826005145907,True
3338,010100001011,18,1.750078886691122e-06,0.9999982499211133,cache,True,0.0,0.025344114983454347,0.025346379028633237,True
3339,110100001011,18,2.2717722790439304e-06,0.9999977282277209,cache,True,0.0,0.02725447411648929,0.027256757952272892,True
3340,001100001011,16,1.9240516304374015e-06,0.9999980759483695,cache,True,0.0,0.029286578996106982,0.029288772959262133,True
3341,101100001011,18,2.0975144682584037e-06,0.9999979024855318,cache,True,0.0,0.026986594079062343,0.026988859055563807,True
3342,011100001011,20,0.9999980746466871,1.9253533128926748e-06,cache,True,0.0,0.025696038035675883,0.025698372861370444,True
3343,111100001011,18,0.9999982478244597,1.7521755403260286e-06,cache,True,0.0,0.02765333908610046,0.027655522106215358,True
3344,000010001011,18,2.619939396279349e-06,0.9999973800606037,cache,True,0.0,0.04023120808415115,0.04023355292156339,True
3345,100010001011,22,1.7515972657174037e-06,0.9999982484027343,cache,True,0.0,0.030461441027000546,0.030463534174486995,True
3346,010010001011,20,0.9999987719962855,1.2280037144929423e-06,cache,True,0.0,0.026120451977476478,0.026123798917979002,True
3347,110010001011,24,0.9999979021956322,2.0978043677732927e-06,cache,True,0.0,0.029962671920657158,0.029964907094836235,True
3348,001010001011,22,0.9999979002419467,2.0997580533199667e-06,cache,True,0.0,0.03208919009193778,0.03209193586371839,True
3349,101010001011,24,0.9999987698885098,1.2301114902246724e-06,cache,True,0.0,0.026699095964431763,0.026701971888542175,True
3350,011010001011,22,2.0984563700339785e-06,0.99999790154363,cache,True,0.0,0.030706144869327545,0.03070899099111557,True
3351,111010001011,20,2.2725003260161317e-06,0.999997727499674,cache,True,0.0,0.028590237023308873,0.028593864990398288,True
3352,000110001011,20,0.9999987695960815,1.2304039185284665e-06,cache,True,0.0,0.03207110590301454,0.03207451198250055,True
3353,100110001011,22,0.9999979024097206,2.097590279359629e-06,cache,True,0.0,0.030325056053698063,0.03032774105668068,True
3354,010110001011,24,2.6184217920155948e-06,0.9999973815782079,cache,True,0.0,0.03766566701233387,0.03766844281926751,True
3355,110110001011,22,1.7515270047413556e-06,0.9999982484729952,cache,True,0.0,0.028744868002831936,0.028747411910444498,True
3356,001110001011,22,2.099107558668369e-06,0.9999979008924413,cache,True,0.0,0.028501486172899604,0.028504341142252088,True
3357,101110001011,22,2.271127388987088e-06,0.999997728872611,cache,True,0.0,0.029638533014804125,0.02964157797396183,True
3358,011110001011,24,0.9999979023377848,2.0976622151502866e-06,cache,True,0.0,0.030662711011245847,0.03066500509157777,True
3359,111110001011,24,0.9999987687998014,1.2312001985703702e-06,cache,True,0.0,0.026989359874278307,0.026991623919457197,True
3360,000001001011,18,1.926291172971509e-06,0.999998073708827,cache,True,0.0,0.026564314030110836,0.026574983960017562,True
3361,100001001011,24,2.0975883519930824e-06,0.999997902411648,cache,True,0.0,0.027060597902163863,0.027062881970778108,True
3362,010001001011,22,0.9999980755858391,1.9244141609142673e-06,cache,True,0.0,0.027143839048221707,0.02714616386219859,True
3363,110001001011,24,0.9999982503520254,1.7496479746137439e-06,cache,True,0.0,0.027579434914514422,0.027582140872254968,True
3364,001001001011,24,0.9999982494138403,1.7505861596989192e-06,cache,True,0.0,0.027245928067713976,0.027247970923781395,True
3365,101001001011,24,0.9999980759533462,1.924046653778433e-06,cache,True,0.0,0.027603071182966232,0.027605204842984676,True
3366,011001001011,22,1.7515992775636489e-06,0.9999982484007225,cache,True,0.0,0.027552744140848517,0.027555608889088035,True
3367,111001001011,22,2.2717024443649532e-06,0.9999977282975556,cache,True,0.0,0.02685885620303452,0.026861621998250484,True
3368,000101001011,22,0.9999980756584487,1.924341551329256e-06,cache,True,0.0,0.027308780001476407,0.02731140493415296,True
3369,100101001011,22,0.999998250719294,1.7492807059538151e-06,cache,True,0.0,0.030975759029388428,0.030978343216702342,True
3370,010101001011,24,1.9249214252967534e-06,0.9999980750785747,cache,True,0.0,0.02923455904237926,0.029237043112516403,True
3371,110101001011,24,2.0988170906584483e-06,0.9999979011829093,cache,True,0.0,0.026794971898198128,0.026797456899657845,True
3372,001101001011,22,1.7518155381792133e-06,0.9999982481844618,cache,True,0.0,0.026109780883416533,0.026112046092748642,True
3373,101101001011,24,2.2716323669238003e-06,0.9999977283676331,cache,True,0.0,0.024651420069858432,0.024653814965859056,True
3374,011101001011,26,0.9999982487662077,1.7512337923131227e-06,cache,True,0.0,0.028982738964259624,0.02898517483845353,True
3375,111101001011,24,0.9999980750115335,1.924988466517341e-06,cache,True,0.0,0.028960986994206905,0.028963823104277253,True
3376,000011001011,22,2.7923202200861094e-06,0.99999720767978,cache,True,0.0,0.02731824805960059,0.027320983121171594,True
3377,100011001011,26,1.5755919015128564e-06,0.9999984244080985,cache,True,0.0,0.035277029033750296,0.03527957480400801,True
3378,010011001011,24,0.9999985956937905,1.4043062095403513e-06,cache,True,0.0,0.02797079482115805,0.027973559917882085,True
3379,110011001011,28,0.9999980754456513,1.9245543486645644e-06,cache,True,0.0,0.2879549190402031,0.28795719402842224,True
3380,001011001011,26,0.9999980739250827,1.9260749173355407e-06,cache,True,0.0,0.029756070813164115,0.029758837074041367,True
3381,101011001011,28,0.9999985943206718,1.4056793281591595e-06,cache,True,0.0,0.026568533154204488,0.026571308029815555,True
3382,011011001011,26,1.924340043609037e-06,0.9999980756599564,cache,True,0.0,0.024960350012406707,0.02496272511780262,True
3383,111011001011,24,2.4447388224142077e-06,0.9999975552611776,cache,True,0.0,0.027152084978297353,0.02715476998127997,True
3384,000111001011,24,0.9999985953355652,1.4046644347676107e-06,cache,True,0.0,0.025766595965251327,0.025769019965082407,True
3385,100111001011,26,0.9999980756590191,1.924340980896666e-06,cache,True,0.0,0.03306232998147607,0.03306500497274101,True
3386,010111001011,28,2.7919573575244124e-06,0.9999972080426425,cache,True,0.0,0.02521314099431038,0.02521547512151301,True
3387,110111001011,26,1.576971167987312e-06,0.999998423028832,cache,True,0.0,0.027058001840487123,0.027060376945883036,True
3388,001111001011,26,1.925278417459312e-06,0.9999980747215825,cache,True,0.0,0.025686220033094287,0.025689374888315797,True
3389,101111001011,26,2.445100662294947e-06,0.9999975548993377,cache,True,0.0,0.026534956879913807,0.026537381811067462,True
3390,011111001011,28,0.99999807544162,1.924558379995389e-06,cache,True,0.0,0.024322701850906014,0.024325056001544,True
3391,111111001011,28,0.9999985952629548,1.4047370452408003e-06,cache,True,0.0,0.02913431404158473,0.029136728961020708,True
3392,000000101011,18,2.2719167160587158e-06,0.9999977280832839,cache,True,0.0,0.02489342982880771,0.024896154878661036,True
3393,100000101011,24,2.098745447317642e-06,0.9999979012545527,cache,True,0.0,0.03906261897645891,0.03906539501622319,True
3394,010000101011,22,0.9999984217956244,1.5782043756296105e-06,cache,True,0.0,0.041346452897414565,0.041349038016051054,True
3395,110000101011,24,0.9999982486201995,1.7513798005186487e-06,cache,True,0.0,0.032410775078460574,0.032413069158792496,True
3396,001000101011,24,0.9999982485468714,1.7514531286400015e-06,cache,True,0.0,0.025985389947891235,0.025987684028223157,True
3397,101000101011,24,0.9999984227352577,1.5772647422584996e-06,cache,True,0.0,0.02841532789170742,0.028417971916496754,True
3398,011000101011,22,2.446904771496995e-06,0.9999975530952285,cache,True,0.0,0.028163128066807985,0.028167666867375374,True
3399,111000101011,22,1.9228956725553697e-06,0.9999980771043274,cache,True,0.0,0.027779243187978864,0.027781998040154576,True
3400,000100101011,22,0.9999984215794281,1.5784205719127087e-06,cache,True,0.0,0.024235381977632642,0.0242380378767848,True
3401,100100101011,22,0.9999982484008707,1.751599129296011e-06,cache,True,0.0,0.024932184955105186,0.024934870889410377,True
3402,010100101011,24,2.2722813253374712e-06,0.9999977277186747,cache,True,0.0,0.027807396836578846,0.027809933060780168,True
3403,110100101011,24,2.0979491627126996e-06,0.9999979020508373,cache,True,0.0,0.027593522099778056,0.02759632794186473,True
3404,001100101011,22,2.445098526419804e-06,0.9999975549014736,cache,True,0.0,0.025675709126517177,0.02567804278805852,True
3405,101100101011,24,1.924558865421306e-06,0.9999980754411346,cache,True,0.0,0.025251696119084954,0.0252542810048908,True
3406,011100101011,26,0.9999982484742632,1.7515257367817227e-06,cache,True,0.0,0.02529545105062425,0.025298246182501316,True
3407,111100101011,24,0.9999984226669919,1.577333008095927e-06,cache,True,0.0,0.03069446189329028,0.03069718787446618,True
3408,000010101011,24,1.7496427896651126e-06,0.9999982503572103,cache,True,0.0,0.025852583115920424,0.025854896986857057,True
3409,100010101011,28,2.9656402012155644e-06,0.9999970343597988,cache,True,0.0,0.031475318828597665,0.03147789393551648,True
3410,010010101011,26,0.9999982480426176,1.7519573823898682e-06,cache,True,0.0,0.027617397950962186,0.02761968318372965,True
3411,110010101011,30,0.9999987693054667,1.23069453328295e-06,cache,True,0.0,0.024664526106789708,0.0246667901519686,True
3412,001010101011,28,0.9999987695241918,1.2304758082448686e-06,cache,True,0.0,0.025861319852992892,0.025864195078611374,True
3413,101010101011,30,0.9999982486892269,1.7513107730682265e-06,cache,True,0.0,0.024986861972138286,0.02498917607590556,True
3414,011010101011,28,2.619940726175704e-06,0.9999973800592739,cache,True,0.0,0.025096443947404623,0.02509859809651971,True
3415,111010101011,26,2.0985292771456216e-06,0.9999979014707229,cache,True,0.0,0.02696364908479154,0.02696597413159907,True
3416,000110101011,26,0.9999982494163344,1.7505836655828944e-06,cache,True,0.0,0.025912078097462654,0.025914422003552318,True
3417,100110101011,28,0.9999987680756401,1.2319243598568619e-06,cache,True,0.0,0.025949199916794896,0.02595132403075695,True
3418,010110101011,30,1.752461641001751e-06,0.999998247538359,cache,True,0.0,0.0262308269739151,0.026233771815896034,True
3419,110110101011,28,2.9670173515340793e-06,0.9999970329826484,cache,True,0.0,0.025073318975046277,0.02507565403357148,True
3420,001110101011,28,2.61856471141838e-06,0.9999973814352886,cache,True,0.0,0.03114354400895536,0.03114622994326055,True
3421,101110101011,28,2.0997554953069095e-06,0.9999979002445047,cache,True,0.0,0.026902380865067244,0.026904864935204387,True
3422,011110101011,30,0.9999987684409675,1.231559032532914e-06,cache,True,0.0,0.026802186155691743,0.026804529828950763,True
3423,111110101011,30,0.9999982502138886,1.7497861114490476e-06,cache,True,0.0,0.033766095992177725,0.03376825083978474,True
3424,000001101011,18,2.445892100000439e-06,0.9999975541079,cache,True,0.0,0.02972651389427483,0.029729379108175635,True
3425,100001101011,24,1.9240519305629417e-06,0.9999980759480694,cache,True,0.0,0.035246521001681685,0.03524874499998987,True
3426,010001101011,22,0.9999982488428452,1.7511571548389782e-06,cache,True,0.0,0.026457457104697824,0.026459741173312068,True
3427,110001101011,24,0.9999984225903435,1.577409656450257e-06,cache,True,0.0,0.029909588862210512,0.029912294121459126,True
3428,001001101011,24,0.9999984229551986,1.5770448014151839e-06,cache,True,0.0,0.027198123978450894,0.027201031101867557,True
3429,101001101011,24,0.9999982493457519,1.7506542481227072e-06,cache,True,0.0,0.02685372601263225,0.026856411015614867,True
3430,011001101011,22,2.272356943943756e-06,0.9999977276430561,cache,True,0.0,0.02914659702219069,0.02914925292134285,True
3431,111001101011,22,2.097300924642133e-06,0.9999979026990754,cache,True,0.0,0.034006893169134855,0.034010060131549835,True
3432,000101101011,22,0.9999982474646641,1.752535335852734e-06,cache,True,0.0,0.027077320031821728,0.0270801258739084,True
3433,100101101011,22,0.9999984232408718,1.5767591281523607e-06,cache,True,0.0,0.028147248085588217,0.02814989211037755,True
3434,010101101011,24,2.446544489920881e-06,0.9999975534555101,cache,True,0.0,0.02831924194470048,0.028321966994553804,True
3435,110101101011,24,1.924414488678991e-06,0.9999980755855113,cache,True,0.0,0.0330657868180424,0.033068250864744186,True
3436,001101101011,22,2.2728612916325106e-06,0.9999977271387084,cache,True,0.0,0.028747001895681024,0.028749706922098994,True
3437,101101101011,24,2.0975188119058695e-06,0.9999979024811881,cache,True,0.0,0.35006402200087905,0.3500670378562063,True
3438,011101101011,26,0.9999984243329606,1.5756670393995975e-06,cache,True,0.0,0.047634680988267064,0.04763749707490206,True
3439,111101101011,24,0.999998249266033,1.7507339670208566e-06,cache,True,0.0,0.027397291967645288,0.027399806072935462,True
3440,000011101011,22,1.9246307182873314e-06,0.9999980753692818,cache,True,0.0,0.028255005832761526,0.02825773204676807,True
3441,100011101011,26,2.7934030896906947e-06,0.9999972065969103,cache,True,0.0,0.0316201897803694,0.03162267501465976,True
3442,010011101011,24,0.9999980760945512,1.9239054488418006e-06,cache,True,0.0,0.029321546899154782,0.02932406193576753,True
3443,110011101011,28,0.9999989422657132,1.057734286824541e-06,cache,True,0.0,0.029565571108832955,0.029568767873570323,True
3444,001011101011,26,0.9999989423375426,1.0576624573932492e-06,cache,True,0.0,0.02727308007888496,0.02727545495145023,True
3445,101011101011,28,0.9999980757297037,1.9242702963273572e-06,cache,True,0.0,0.03254822199232876,0.032552098855376244,True
3446,011011101011,26,2.446113325551942e-06,0.9999975538866744,cache,True,0.0,0.029523479053750634,0.029526724945753813,True
3447,111011101011,24,2.273366811812407e-06,0.9999977266331882,cache,True,0.0,0.028067402075976133,0.028070409083738923,True
3448,000111101011,24,0.99999807573181,1.924268190012235e-06,cache,True,0.0,0.02754806401208043,0.027550728991627693,True
3449,100111101011,26,0.9999989448066183,1.055193381671593e-06,cache,True,0.0,0.028360561933368444,0.02836298616603017,True
3450,010111101011,28,1.926003297165517e-06,0.9999980739967028,cache,True,0.0,0.02835044194944203,0.028353118104860187,True
3451,110111101011,26,2.79304354476261e-06,0.9999972069564552,cache,True,0.0,0.026530387811362743,0.026533384108915925,True
3452,001111101011,26,2.4441603044700883e-06,0.9999975558396955,cache,True,0.0,0.02873723185621202,0.02873973804526031,True
3453,101111101011,26,2.2725717915357343e-06,0.9999977274282085,cache,True,0.0,0.02704413584433496,0.027047010837122798,True
3454,011111101011,28,0.9999989455990388,1.0544009612090122e-06,cache,True,0.0,0.02668425696901977,0.02668668096885085,True
3455,111111101011,28,0.9999980755175377,1.9244824622788315e-06,cache,True,0.0,0.026943090138956904,0.026945824967697263,True
3456,000000011011,16,1.7517426286984802e-06,0.9999982482573713,cache,True,0.0,0.028901029843837023,0.028903726022690535,True
3457,100000011011,22,2.2708337309957682e-06,0.9999977291662691,cache,True,0.0,0.03053354099392891,0.030536326114088297,True
3458,010000011011,18,0.9999982495579126,1.7504420873892812e-06,cache,True,0.0,0.03021960100159049,0.03022223594598472,True
3459,110000011011,20,0.9999980745026716,1.925497328358894e-06,cache,True,0.0,0.026819440070539713,0.026821704115718603,True
3460,001000011011,22,0.9999980752977556,1.9247022443602546e-06,cache,True,0.0,0.030868310015648603,0.030870393849909306,True
3461,101000011011,22,0.9999982496317807,1.7503682192554493e-06,cache,True,0.0,0.028241429943591356,0.02824424603022635,True
3462,011000011011,18,1.924557301193954e-06,0.9999980754426988,cache,True,0.0,0.02767250593751669,0.027674901066347957,True
3463,111000011011,18,2.099466839651814e-06,0.9999979005331604,cache,True,0.0,0.028225980000570416,0.028228626120835543,True
3464,000100011011,20,0.9999982497770068,1.7502229932020441e-06,cache,True,0.0,0.03407066687941551,0.034073222894221544,True
3465,100100011011,20,0.9999980758750671,1.924124932939364e-06,cache,True,0.0,0.03175722621381283,0.03175993217155337,True
3466,010100011011,20,1.7476141664909354e-06,0.9999982523858335,cache,True,0.0,0.027956736972555518,0.027959252940490842,True
3467,110100011011,20,2.2730788152524393e-06,0.9999977269211847,cache,True,0.0,0.04677808890119195,0.04678120487369597,True
3468,001100011011,20,1.9252067430416035e-06,0.999998074793257,cache,True,0.0,0.025923300068825483,0.025925594149157405,True
3469,101100011011,22,2.0989606831618726e-06,0.9999979010393168,cache,True,0.0,0.02733110310509801,0.027333687990903854,True
3470,011100011011,22,0.9999980756621311,1.924337868941528e-06,cache,True,0.0,0.032458466943353415,0.03246158408001065,True
3471,111100011011,20,0.9999982482571576,1.7517428424485004e-06,cache,True,0.0,0.027616276871412992,0.027619041968137026,True
3472,000010011011,22,2.6192166185145363e-06,0.9999973807833815,cache,True,0.0,0.02881947299465537,0.02882205694913864,True
3473,100010011011,26,1.7482620703802732e-06,0.9999982517379297,cache,True,0.0,0.031197418924421072,0.03119995491579175,True
3474,010010011011,22,0.9999987719901958,1.2280098041772547e-06,cache,True,0.0,0.026056909002363682,0.026059133931994438,True
3475,110010011011,26,0.9999979027708398,2.0972291602250337e-06,cache,True,0.0,0.02904792595654726,0.029050380922853947,True
3476,001010011011,26,0.999997900674648,2.099325352000747e-06,cache,True,0.0,0.02923035016283393,0.029233186040073633,True
3477,101010011011,28,0.9999987732156301,1.2267843698676728e-06,cache,True,0.0,0.02678856998682022,0.026790924137458205,True
3478,011010011011,24,2.099032960304273e-06,0.9999979009670397,cache,True,0.0,0.030342108802869916,0.03034469299018383,True
3479,111010011011,22,2.27336813446213e-06,0.9999977266318656,cache,True,0.0,0.027931989869102836,0.0279344639275223,True
3480,000110011011,24,0.9999987720614202,1.2279385798175113e-06,cache,True,0.0,0.02644466212950647,0.026447256095707417,True
3481,100110011011,26,0.9999979031373184,2.0968626815998093e-06,cache,True,0.0,0.026084952987730503,0.02608784893527627,True
3482,010110011011,26,2.6187101684663146e-06,0.9999973812898315,cache,True,0.0,0.03006690484471619,0.03006947902031243,True
3483,110110011011,24,1.7509481163131679e-06,0.9999982490518837,cache,True,0.0,0.029720150865614414,0.02972312713973224,True
3484,001110011011,26,2.0983808753172336e-06,0.9999979016191247,cache,True,0.0,0.028395789908245206,0.028398694936186075,True
3485,101110011011,26,2.271272904147437e-06,0.9999977287270958,cache,True,0.0,0.030042766826227307,0.030045883962884545,True
3486,011110011011,26,0.9999979023383834,2.097661616629054e-06,cache,True,0.0,0.02526755607686937,0.025270311860367656,True
3487,111110011011,26,0.9999987693806047,1.2306193952760225e-06,cache,True,0.0,0.028028096072375774,0.02803068095818162,True
3488,000001011011,20,1.925280129963907e-06,0.99999807471987,cache,True,0.0,0.026953390100970864,0.026955924928188324,True
3489,100001011011,26,2.0968627363356416e-06,0.9999979031372637,cache,True,0.0,0.0267181231174618,0.026720718014985323,True
3490,010001011011,22,0.9999980750111737,1.9249888263406234e-06,cache,True,0.0,0.02772118989378214,0.027723795035853982,True
3491,110001011011,24,0.9999982474644253,1.7525355746617066e-06,cache,True,0.0,0.029381744097918272,0.0293845699634403,True
3492,001001011011,26,0.9999982498543714,1.7501456286428407e-06,cache,True,0.0,0.02909781294874847,0.029100497951731086,True
3493,101001011011,26,0.9999980746487896,1.9253512103523107e-06,cache,True,0.0,0.02927195094525814,0.029275687877088785,True
3494,011001011011,22,1.750152349912102e-06,0.9999982498476501,cache,True,0.0,0.030337068950757384,0.0303400750271976,True
3495,111001011011,22,2.271704611735073e-06,0.9999977282953882,cache,True,0.0,0.03725802502594888,0.037261381978169084,True
3496,000101011011,24,0.9999980734913874,1.9265086126374342e-06,cache,True,0.0,0.02787500899285078,0.02787743299268186,True
3497,100101011011,24,0.9999982485465077,1.7514534923490643e-06,cache,True,0.0,0.028000242076814175,0.02800289704464376,True
3498,010101011011,24,1.924342242125739e-06,0.9999980756577579,cache,True,0.0,0.029160775942727923,0.02916332008317113,True
3499,110101011011,24,2.097951750338352e-06,0.9999979020482497,cache,True,0.0,0.0348589678760618,0.03486160305328667,True
3500,001101011011,24,1.750804919935741e-06,0.9999982491950801,cache,True,0.0,0.02718179300427437,0.027184829115867615,True
3501,101101011011,26,2.2714891360551916e-06,0.999997728510864,cache,True,0.0,0.02615620195865631,0.02615882596001029,True
3502,011101011011,26,0.9999982470287752,1.752971224844302e-06,cache,True,0.0,0.028080087155103683,0.02808274212293327,True
3503,111101011011,24,0.9999980750095484,1.924990451596109e-06,cache,True,0.0,0.028503939975053072,0.02850607386790216,True
3504,000011011011,24,2.792321362615217e-06,0.9999972076786374,cache,True,0.0,0.02955462015233934,0.029557164991274476,True
3505,100011011011,28,1.5747258976872967e-06,0.9999984252741023,cache,True,0.0,0.030992720974609256,0.030995597131550312,True
3506,010011011011,24,0.9999985946829915,1.4053170085404076e-06,cache,True,0.0,0.031367288902401924,0.03136947308667004,True
3507,110011011011,28,0.9999980750089147,1.9249910853114116e-06,cache,True,0.0,0.026790883857756853,0.026793519966304302,True
3508,001011011011,28,0.9999980756602872,1.9243397127999273e-06,cache,True,0.0,0.02556036482565105,0.02556308009661734,True
3509,101011011011,30,0.9999985954773505,1.4045226495174035e-06,cache,True,0.0,0.025722410064190626,0.025724963983520865,True
3510,011011011011,26,1.925063181127328e-06,0.9999980749368189,cache,True,0.0,0.028322959085926414,0.028325302992016077,True
3511,111011011011,24,2.4474842197971943e-06,0.9999975525157802,cache,True,0.0,0.02756923483684659,0.02757166000083089,True
3512,000111011011,26,0.9999985970670899,1.4029329100662125e-06,cache,True,0.0,0.028041852870956063,0.028044587932527065,True
3513,100111011011,28,0.9999980756614878,1.9243385122047485e-06,cache,True,0.0,0.03380105388350785,0.033803508849814534,True
3514,010111011011,28,2.794417258644555e-06,0.9999972055827414,cache,True,0.0,0.026675218949094415,0.026677665067836642,True
3515,110111011011,26,1.5768320392002436e-06,0.9999984231679608,cache,True,0.0,0.027286576107144356,0.027288940967991948,True
3516,001111011011,28,1.9249915942963167e-06,0.9999980750084057,cache,True,0.0,0.02710285992361605,0.027105303946882486,True
3517,101111011011,28,2.443943439945287e-06,0.99999755605656,cache,True,0.0,0.030936212046071887,0.03093887702561915,True
3518,011111011011,28,0.9999980747184223,1.9252815777193177e-06,cache,True,0.0,0.0289296458940953,0.02893212204799056,True
3519,111111011011,28,0.9999985985962775,1.4014037225118514e-06,cache,True,0.0,0.03098383406177163,0.030986469937488437,True
3520,000000111011,20,2.27235544180053e-06,0.9999977276445582,cache,True,0.0,0.027189017040655017,0.027191602159291506,True
3521,100000111011,26,2.098891510156152e-06,0.9999979011084899,cache,True,0.0,0.027903013164177537,0.027905648108571768,True
3522,010000111011,22,0.9999984232413508,1.576758649202148e-06,cache,True,0.0,0.02983333100564778,0.029835595982149243,True
3523,110000111011,24,0.9999982489083449,1.7510916551222167e-06,cache,True,0.0,0.027518416987732053,0.027520541101694107,True
3524,001000111011,26,0.9999982515943436,1.7484056563654704e-06,cache,True,0.0,0.026540798833593726,0.02654303191229701,True
3525,101000111011,26,0.9999984228798738,1.5771201261616241e-06,cache,True,0.0,0.02893709996715188,0.0289393849670887,True
3526,011000111011,22,2.4457479068626993e-06,0.9999975542520931,cache,True,0.0,0.032747468911111355,0.03275028383359313,True
3527,111000111011,22,1.9237626380229503e-06,0.999998076237362,cache,True,0.0,0.031568238977342844,0.03157100500538945,True
3528,000100111011,24,0.9999984220145947,1.577985405343263e-06,cache,True,0.0,0.027987056178972125,0.02798945107497275,True
3529,100100111011,24,0.9999982488362188,1.7511637812051006e-06,cache,True,0.0,0.02741661900654435,0.027419314021244645,True
3530,010100111011,24,2.2725734439072176e-06,0.9999977274265561,cache,True,0.0,0.02720085997134447,0.027203174075111747,True
3531,110100111011,24,2.0996862903532966e-06,0.9999979003137096,cache,True,0.0,0.02808156982064247,0.02808400383219123,True
3532,001100111011,24,2.446111430557637e-06,0.9999975538885695,cache,True,0.0,0.034981586039066315,0.03498429199680686,True
3533,101100111011,26,1.924697391623041e-06,0.9999980753026084,cache,True,0.0,0.02966592600569129,0.029668451054021716,True
3534,011100111011,26,0.9999982487652977,1.7512347022519137e-06,cache,True,0.0,0.030873741023242474,0.030875955009832978,True
3535,111100111011,24,0.9999984246972192,1.5753027807763331e-06,cache,True,0.0,0.028639734024181962,0.028642197838053107,True
3536,000010111011,26,1.7510906938003395e-06,0.9999982489093062,cache,True,0.0,0.027899706969037652,0.027902232017368078,True
3537,100010111011,30,2.965639476273635e-06,0.9999970343605237,cache,True,0.0,0.028923985082656145,0.028926671016961336,True
3538,010010111011,26,0.9999982502191403,1.749780859650052e-06,cache,True,0.0,0.02865447197109461,0.028656816110014915,True
3539,110010111011,30,0.9999987697391893,1.23026081066957e-06,cache,True,0.0,0.0400831401348114,0.04008631710894406,True
3540,001010111011,30,0.9999987692349032,1.230765096837949e-06,cache,True,0.0,0.030716825975105166,0.030720263021066785,True
3541,101010111011,32,0.9999982489813457,1.7510186542946116e-06,cache,True,0.0,0.028115766122937202,0.028119163122028112,True
3542,011010111011,28,2.6186387648218026e-06,0.9999973813612352,cache,True,0.0,0.030872588977217674,0.030875354073941708,True
3543,111010111011,26,2.0986741362418873e-06,0.9999979013258637,cache,True,0.0,0.030307471053674817,0.030310226837173104,True
3544,000110111011,28,0.9999982479694611,1.7520305388707413e-06,cache,True,0.0,0.027109332149848342,0.02711180690675974,True
3545,100110111011,30,0.9999987683657758,1.2316342241636136e-06,cache,True,0.0,0.029845374170690775,0.029847629135474563,True
3546,010110111011,30,1.7523197970270452e-06,0.999998247680203,cache,True,0.0,0.029730790993198752,0.029733937932178378,True
3547,110110111011,28,2.9660028208757276e-06,0.9999970339971791,cache,True,0.0,0.027254424057900906,0.027257099049165845,True
3548,001110111011,30,2.6191438904783235e-06,0.9999973808561096,cache,True,0.0,0.029236451955512166,0.02923904685303569,True
3549,101110111011,30,2.0988895553074563e-06,0.9999979011104447,cache,True,0.0,0.02966029499657452,0.029663170920684934,True
3550,011110111011,30,0.9999987697384091,1.2302615909343118e-06,cache,True,0.0,0.029204620979726315,0.0292069751303643,True
3551,111110111011,30,0.9999982532534071,1.7467465929232873e-06,cache,True,0.0,0.030522709945216775,0.030525044072419405,True
3552,000001111011,22,2.445893243801191e-06,0.9999975541067562,cache,True,0.0,0.02852446003817022,0.028526924084872007,True
3553,100001111011,28,1.9231795435519217e-06,0.9999980768204565,cache,True,0.0,0.028124442789703608,0.02812697784975171,True
3554,010001111011,24,0.9999982481168191,1.751883180856062e-06,cache,True,0.0,0.03406744101084769,0.034070036141201854,True
3555,110001111011,26,0.9999984218677501,1.5781322498797934e-06,cache,True,0.0,0.028586440021172166,0.028589675901457667,True
3556,001001111011,28,0.9999984226627741,1.5773372259442198e-06,cache,True,0.0,0.02790604904294014,0.027908884920179844,True
3557,101001111011,28,0.9999982484754076,1.751524592363829e-06,cache,True,0.0,0.031210805056616664,0.03121313895098865,True
3558,011001111011,24,2.272502099977741e-06,0.9999977274979001,cache,True,0.0,0.028999562840908766,0.029002127004787326,True
3559,111001111011,24,2.0965735098689075e-06,0.9999979034264901,cache,True,0.0,0.026170530123636127,0.026173164136707783,True
3560,000101111011,26,0.9999982489067211,1.7510932789344125e-06,cache,True,0.0,0.0266231179703027,0.026625934056937695,True
3561,100101111011,26,0.9999984223723992,1.5776276007795076e-06,cache,True,0.0,0.03198591014370322,0.03198847500607371,True
3562,010101111011,26,2.4449538497784064e-06,0.9999975550461502,cache,True,0.0,0.026649869978427887,0.026652736123651266,True
3563,110101111011,26,1.9236908722558677e-06,0.9999980763091277,cache,True,0.0,0.030073957983404398,0.03007632214576006,True
3564,001101111011,26,2.2714155045590522e-06,0.9999977285844954,cache,True,0.0,0.027527424041181803,0.02752966806292534,True
3565,101101111011,28,2.099251960564858e-06,0.9999979007480394,cache,True,0.0,0.027303259121254086,0.027306003961712122,True
3566,011101111011,28,0.9999984233181283,1.57668187172888e-06,cache,True,0.0,0.02952473214827478,0.029527668142691255,True
3567,111101111011,26,0.9999982488353768,1.7511646231982425e-06,cache,True,0.0,0.026860970072448254,0.026863945880904794,True
3568,000011111011,26,1.925354816263096e-06,0.9999980746451838,cache,True,0.0,0.031868742080405354,0.03187148808501661,True
3569,100011111011,30,2.792099384964334e-06,0.9999972079006151,cache,True,0.0,0.025517390808090568,0.025520147057250142,True
3570,010011111011,26,0.9999980763833644,1.923616635646219e-06,cache,True,0.0,0.028921401128172874,0.028923915000632405,True
3571,110011111011,30,0.9999989454524383,1.0545475617185218e-06,cache,True,0.0,0.03030723100528121,0.03031002706848085,True
3572,001011111011,30,0.9999989413236077,1.0586763923292608e-06,cache,True,0.0,0.03441430488601327,0.034417029935866594,True
3573,101011111011,32,0.999998076454341,1.9235456589772326e-06,cache,True,0.0,0.02741420385427773,0.02741678897291422,True
3574,011011111011,28,2.444663988325531e-06,0.9999975553360116,cache,True,0.0,0.03372575808316469,0.03372845286503434,True
3575,111011111011,26,2.2727896767904786e-06,0.9999977272103232,cache,True,0.0,0.07903134799562395,0.0790337820071727,True
3576,000111111011,28,0.9999980767424284,1.9232575716454647e-06,cache,True,0.0,0.03625917690806091,0.03626221208833158,True
3577,100111111011,30,0.9999989429164203,1.0570835796697153e-06,cache,True,0.0,0.030456080101430416,0.030458955094218254,True
3578,010111111011,30,1.924845056385327e-06,0.9999980751549437,cache,True,0.0,0.029421882005408406,0.029424526961520314,True
3579,110111111011,28,2.791596122598099e-06,0.9999972084038774,cache,True,0.0,0.026603790931403637,0.02660638582892716,True
3580,001111111011,30,2.445457619652766e-06,0.9999975545423804,cache,True,0.0,0.029819203075021505,0.029822170035913587,True
3581,101111111011,30,2.2730067777453636e-06,0.9999977269932222,cache,True,0.0,0.030317099997773767,0.030320466961711645,True
3582,011111111011,30,0.9999989458852594,1.0541147406062379e-06,cache,True,0.0,0.03461601585149765,0.03461880190297961,True
3583,111111111011,30,0.9999980763838436,1.9236161563629395e-06,cache,True,0.0,0.03163682296872139,0.03163980785757303,True
3584,000000000111,10,1.9228189015255398e-06,0.9999980771810985,cache,True,0.0,0.030220933025702834,0.030223889043554664,True
3585,100000000111,14,1.7503691482242858e-06,0.9999982496308518,cache,True,0.0,0.03161218389868736,0.03161600208841264,True
3586,010000000111,14,0.9999980751594628,1.9248405371818933e-06,cache,True,0.0,0.034008366987109184,0.03401173301972449,True
3587,110000000111,18,0.9999979003879724,2.099612027572917e-06,cache,True,0.0,0.0276219779625535,0.02762488299049437,True
3588,001000000111,16,0.9999979017595876,2.0982404124181286e-06,cache,True,0.0,0.02670047921128571,0.02670346386730671,True
3589,101000000111,14,0.9999980758051701,1.924194829916459e-06,cache,True,0.0,0.026600755052641034,0.026603650068864226,True
3590,011000000111,14,2.0999759426641877e-06,0.9999979000240573,cache,True,0.0,0.030228508170694113,0.030231062788516283,True
3591,111000000111,16,1.57928889506259e-06,0.9999984207111049,cache,True,0.0,0.029457782162353396,0.02946040709502995,True
3592,000100000111,16,0.999998075802703,1.9241972970540644e-06,cache,True,0.0,0.026434983126819134,0.026437838096171618,True
3593,100100000111,14,0.9999979004607029,2.0995392970846183e-06,cache,True,0.0,0.02736881608143449,0.027371501084417105,True
3594,010100000111,14,1.9249176269466506e-06,0.999998075082373,cache,True,0.0,0.028994080843403935,0.028997017070651054,True
3595,110100000111,16,1.7513084284087511e-06,0.9999982486915716,cache,True,0.0,0.027917830972000957,0.027920477092266083,True
3596,001100000111,16,2.097587448254441e-06,0.9999979024125517,cache,True,0.0,0.030625479063019156,0.03062830399721861,True
3597,101100000111,16,1.5769046190985733e-06,0.9999984230953809,cache,True,0.0,0.0283460330683738,0.02834831806831062,True
3598,011100000111,16,0.9999979013987744,2.0986012255752584e-06,cache,True,0.0,0.02856892696581781,0.028571209870278835,True
3599,111100000111,16,0.9999980748627686,1.9251372314066373e-06,cache,True,0.0,0.026769803138449788,0.026772739132866263,True
3600,000010000111,16,1.7508005546760322e-06,0.9999982491994454,cache,True,0.0,0.033777388045564294,0.0337800330016762,True
3601,100010000111,18,2.271923313768874e-06,0.9999977280766862,cache,True,0.0,0.027127768145874143,0.02713002311065793,True
3602,010010000111,18,0.9999975548991906,2.445100809378431e-06,cache,True,0.0,0.025355036137625575,0.02535759098827839,True
3603,110010000111,24,0.9999973795530975,2.6204469024682098e-06,cache,True,0.0,0.0267215589992702,0.026723772985860705,True
3604,001010000111,20,0.9999980782701717,1.921729828269214e-06,cache,True,0.0,0.02964111790060997,0.029643301852047443,True
3605,101010000111,20,0.999998249991902,1.7500080979893085e-06,cache,True,0.0,0.026167052099481225,0.026169267017394304,True
3606,011010000111,20,1.2300445182307212e-06,0.9999987699554818,cache,True,0.0,0.02920510107651353,0.029207585845142603,True
3607,111010000111,20,1.4052451519502565e-06,0.9999985947548481,cache,True,0.0,0.026996534084901214,0.02699858695268631,True
3608,000110000111,20,0.999998248401745,1.751598254995379e-06,cache,True,0.0,0.025639719096943736,0.025642635067924857,True
3609,100110000111,20,0.9999980750797798,1.924920220219839e-06,cache,True,0.0,0.03172088507562876,0.031723320949822664,True
3610,010110000111,20,1.0542580043372167e-06,0.9999989457419957,cache,True,0.0,0.026839007856324315,0.026841491926461458,True
3611,110110000111,20,1.5779863743244317e-06,0.9999984220136257,cache,True,0.0,0.031059491215273738,0.03106165607459843,True
3612,001110000111,22,1.925711723695802e-06,0.9999980742882763,cache,True,0.0,0.03214179305359721,0.032144117169082165,True
3613,101110000111,20,2.098311089866579e-06,0.9999979016889101,cache,True,0.0,0.028575408970937133,0.028578344034031034,True
3614,011110000111,20,0.9999973798440113,2.620155988730666e-06,cache,True,0.0,0.026679277885705233,0.026681571966037154,True
3615,111110000111,22,0.9999975553317688,2.444668231182945e-06,cache,True,0.0,0.027695419965311885,0.02769787493161857,True
3616,000001000111,16,2.0970847260410176e-06,0.9999979029152739,cache,True,0.0,0.026421016082167625,0.026423790957778692,True
3617,100001000111,20,1.5733541898682289e-06,0.9999984266458102,cache,True,0.0,0.027956346981227398,0.02795938216149807,True
3618,010001000111,20,0.999997901327908,2.0986720919990987e-06,cache,True,0.0,0.029339942149817944,0.02934241807088256,True
3619,110001000111,24,0.9999980749378993,1.9250621007271818e-06,cache,True,0.0,0.026537511963397264,0.026539965998381376,True
3620,001001000111,22,0.9999980761693652,1.9238306347979517e-06,cache,True,0.0,0.030375292990356684,0.03037804807536304,True
3621,101001000111,20,0.9999979009652913,2.099034708713532e-06,cache,True,0.0,0.029030862031504512,0.029034649953246117,True
3622,011001000111,20,1.9260044118926405e-06,0.9999980739955882,cache,True,0.0,0.0330144870094955,0.03301711194217205,True
3623,111001000111,22,1.7534057631732835e-06,0.9999982465942369,cache,True,0.0,0.027970424154773355,0.027972738025709987,True
3624,000101000111,22,0.9999979028446205,2.097155379465754e-06,cache,True,0.0,0.025501350173726678,0.025503956014290452,True
3625,100101000111,20,0.9999980744304849,1.925569515059955e-06,cache,True,0.0,0.027480713091790676,0.027482977136969566,True
3626,010101000111,20,2.0980233987451883e-06,0.9999979019766012,cache,True,0.0,0.02670655003748834,0.026709015015512705,True
3627,110101000111,22,1.576324353670922e-06,0.9999984236756463,cache,True,0.0,0.02971722581423819,0.029720020946115255,True
3628,001101000111,22,1.9244846924484526e-06,0.9999980755153075,cache,True,0.0,0.025430632987990975,0.025433209026232362,True
3629,101101000111,22,1.750439284631425e-06,0.9999982495607154,cache,True,0.0,0.03723769704811275,0.037240511970594525,True
3630,011101000111,22,0.9999980746481316,1.9253518683814974e-06,cache,True,0.0,0.02986050397157669,0.029862868133932352,True
3631,111101000111,22,0.9999979008947896,2.0991052104291086e-06,cache,True,0.0,0.02844512602314353,0.028447349788621068,True
3632,000011000111,20,1.229610252303228e-06,0.9999987703897477,cache,True,0.0,0.03319400595501065,0.03319657011888921,True
3633,100011000111,22,1.4009006710531706e-06,0.999998599099329,cache,True,0.0,0.03349612187594175,0.03350026998668909,True
3634,010011000111,22,0.9999980739237037,1.9260762963435596e-06,cache,True,0.0,0.031378099927678704,0.03138101496733725,True
3635,110011000111,28,0.999998248402465,1.7515975350157476e-06,cache,True,0.0,0.029998701065778732,0.03000145684927702,True
3636,001011000111,24,0.9999975540356573,2.4459643427343636e-06,cache,True,0.0,0.03414087393321097,0.03414405998773873,True
3637,101011000111,24,0.9999973820133577,2.617986642250436e-06,cache,True,0.0,0.03150190017186105,0.031504546059295535,True
3638,011011000111,24,1.750367858201829e-06,0.9999982496321418,cache,True,0.0,0.027713956078514457,0.027716570999473333,True
3639,111011000111,24,2.2710532100915067e-06,0.99999772894679,cache,True,0.0,0.027228182880207896,0.027230566833168268,True
3640,000111000111,24,0.9999973811475892,2.618852410818384e-06,cache,True,0.0,0.028219107072800398,0.028221552027389407,True
3641,100111000111,24,0.9999975550474183,2.4449525817260565e-06,cache,True,0.0,0.02758988505229354,0.027592420112341642,True
3642,010111000111,24,1.9225329605006477e-06,0.9999980774670395,cache,True,0.0,0.03234967589378357,0.03235212084837258,True
3643,110111000111,24,2.0961445796227155e-06,0.9999979038554204,cache,True,0.0,0.026392180006951094,0.02639455394819379,True
3644,001111000111,26,1.05512616954467e-06,0.9999989448738305,cache,True,0.0,0.03082597814500332,0.030828092014417052,True
3645,101111000111,24,1.5787111936884884e-06,0.9999984212888063,cache,True,0.0,0.028487919131293893,0.028490063035860658,True
3646,011111000111,24,0.9999982473894399,1.7526105601239905e-06,cache,True,0.0,0.03872429206967354,0.03872712794691324,True
3647,111111000111,26,0.9999980742126329,1.925787367129672e-06,cache,True,0.0,0.02720661088824272,0.027208996005356312,True
3648,000000100111,16,1.7514537026185831e-06,0.9999982485462974,cache,True,0.0,0.02702001901343465,0.0270223431289196,True
3649,100000100111,20,2.271849529536027e-06,0.9999977281504705,cache,True,0.0,0.02845365204848349,0.028456046944484115,True
3650,010000100111,20,0.9999982527522328,1.7472477672475506e-06,cache,True,0.0,0.02849554386921227,0.028498680097982287,True
3651,110000100111,24,0.9999980763817621,1.9236182379200883e-06,cache,True,0.0,0.02668279386125505,0.02668495918624103,True
3652,001000100111,22,0.9999980744315066,1.9255684934327277e-06,cache,True,0.0,0.03143792599439621,0.03144063102081418,True
3653,101000100111,20,0.9999982494863838,1.750513616172178e-06,cache,True,0.0,0.028229837073013186,0.028232302982360125,True
3654,011000100111,20,1.9245569959295747e-06,0.9999980754430041,cache,True,0.0,0.027050958946347237,0.0270536239258945,True
3655,111000100111,22,2.0987455706497465e-06,0.9999979012544293,cache,True,0.0,0.02539255889132619,0.025395133998245,True
3656,000100100111,22,0.9999982484769127,1.7515230873454968e-06,cache,True,0.0,0.02737258281558752,0.02737542917020619,True
3657,100100100111,20,0.999998074432473,1.925567526983585e-06,cache,True,0.0,0.026922048069536686,0.026924493024125695,True
3658,010100100111,20,1.7509438723648685e-06,0.9999982490561277,cache,True,0.0,0.031787944957613945,0.03179036104120314,True
3659,110100100111,22,2.2730820664818167e-06,0.9999977269179335,cache,True,0.0,0.02727319090627134,0.02727578510530293,True
3660,001100100111,22,1.9259310827343555e-06,0.9999980740689173,cache,True,0.0,0.031678332947194576,0.031680718064308167,True
3661,101100100111,22,2.098962252197087e-06,0.9999979010377478,cache,True,0.0,0.027375468984246254,0.027377813821658492,True
3662,011100100111,22,0.9999980772570011,1.9227429989276956e-06,cache,True,0.0,0.02626117505133152,0.026263430016115308,True
3663,111100100111,22,0.9999982494141382,1.7505858618260817e-06,cache,True,0.0,0.027964662993326783,0.027967178029939532,True
3664,000010100111,22,1.5789971126250882e-06,0.9999984210028874,cache,True,0.0,0.02666661306284368,0.02666956908069551,True
3665,100010100111,24,1.4049535769475995e-06,0.9999985950464231,cache,True,0.0,0.026868554996326566,0.02687107981182635,True
3666,010010100111,24,0.9999984230257821,1.5769742178761703e-06,cache,True,0.0,0.037650007056072354,0.03765221103094518,True
3667,110010100111,30,0.9999982492693721,1.7507306279140877e-06,cache,True,0.0,0.028890128945931792,0.028892624890431762,True
3668,001010100111,26,0.9999975549035878,2.4450964122291197e-06,cache,True,0.0,0.03063939488492906,0.03064178116619587,True
3669,101010100111,26,0.9999977296658589,2.2703341411300926e-06,cache,True,0.0,0.028415798908099532,0.02841874398291111,True
3670,011010100111,26,2.445965103696101e-06,0.9999975540348963,cache,True,0.0,0.03145741415210068,0.03145958902314305,True
3671,111010100111,26,1.9222352282297715e-06,0.9999980777647718,cache,True,0.0,0.02775680902414024,0.027759334072470665,True
3672,000110100111,26,0.9999977282222344,2.2717777655723026e-06,cache,True,0.0,0.027885859832167625,0.027888174867257476,True
3673,100110100111,26,0.9999975564910394,2.4435089606145155e-06,cache,True,0.0,0.028309732908383012,0.02831247798167169,True
3674,010110100111,26,2.270184973327743e-06,0.9999977298150267,cache,True,0.0,0.026944461977109313,0.02694675698876381,True
3675,110110100111,26,2.0999016769483797e-06,0.999997900098323,cache,True,0.0,0.02642166707664728,0.02642450318671763,True
3676,001110100111,28,1.751597927181623e-06,0.9999982484020729,cache,True,0.0,0.03654214600101113,0.03654446010477841,True
3677,101110100111,26,1.2316345586447098e-06,0.9999987683654413,cache,True,0.0,0.026884204940870404,0.026886590057983994,True
3678,011110100111,26,0.9999982488366062,1.7511633938482873e-06,cache,True,0.0,0.0396488169208169,0.03965099179185927,True
3679,111110100111,28,0.999998422157191,1.5778428089641139e-06,cache,True,0.0,0.031170257134363055,0.031172680901363492,True
3680,000001100111,16,1.9248467094536028e-06,0.9999980751532905,cache,True,0.0,0.028864039108157158,0.02886647405102849,True
3681,100001100111,20,2.09917839247675e-06,0.9999979008216076,cache,True,0.0,0.029900189954787493,0.029902865877375007,True
3682,010001100111,20,0.9999980763108994,1.9236891005691703e-06,cache,True,0.0,0.028675752924755216,0.028679460985586047,True
3683,110001100111,24,0.9999982489079875,1.7510920125030083e-06,cache,True,0.0,0.029167877975851297,0.029171366011723876,True
3684,001001100111,22,0.9999982473896499,1.7526103500697943e-06,cache,True,0.0,0.033522252924740314,0.033525079023092985,True
3685,101001100111,20,0.9999980737782768,1.92622172323631e-06,cache,True,0.0,0.025515137007459998,0.025517901871353388,True
3686,011001100111,20,1.7491356472151262e-06,0.9999982508643528,cache,True,0.0,0.028810716001316905,0.028813271084800363,True
3687,111001100111,22,2.2719931227362434e-06,0.9999977280068773,cache,True,0.0,0.02692996384575963,0.026932658860459924,True
3688,000101100111,22,0.9999980749383814,1.925061618557322e-06,cache,True,0.0,0.027436887845396996,0.027439402882009745,True
3689,100101100111,20,0.9999982478240992,1.7521759008154447e-06,cache,True,0.0,0.027134971925988793,0.02713738684542477,True
3690,010101100111,20,1.9252078259950313e-06,0.999998074792174,cache,True,0.0,0.027060247026383877,0.027063003042712808,True
3691,110101100111,22,2.0980957670976035e-06,0.9999979019042329,cache,True,0.0,0.02744764881208539,0.027450073044747114,True
3692,001101100111,22,1.7493520820285786e-06,0.9999982506479179,cache,True,0.0,0.031120059080421925,0.031122283078730106,True
3693,101101100111,22,2.272500234388043e-06,0.9999977274997656,cache,True,0.0,0.02640943299047649,0.026412199018523097,True
3694,011101100111,22,0.9999982516591175,1.7483408825125224e-06,cache,True,0.0,0.027616597013548017,0.027619021013379097,True
3695,111101100111,22,0.9999980766019493,1.9233980507182835e-06,cache,True,0.0,0.030404619872570038,0.03040689486078918,True
3696,000011100111,20,2.445822591088933e-06,0.9999975541774089,cache,True,0.0,0.027656023856252432,0.027658578008413315,True
3697,100011100111,22,1.924267679437371e-06,0.9999980757323206,cache,True,0.0,0.02799015212804079,0.02799279778264463,True
3698,010011100111,22,0.9999975546129674,2.4453870326457405e-06,cache,True,0.0,0.02752925711683929,0.027531882049515843,True
3699,110011100111,28,0.9999977272086112,2.272791388757689e-06,cache,True,0.0,0.02820697403512895,0.02820923808030784,True
3700,001011100111,24,0.9999984244792365,1.5755207635193003e-06,cache,True,0.0,0.029691655887290835,0.029694722034037113,True
3701,101011100111,24,0.9999982497023774,1.750297622615804e-06,cache,True,0.0,0.03294186596758664,0.032944581005722284,True
3702,011011100111,24,1.574797177093876e-06,0.9999984252028229,cache,True,0.0,0.03090310818515718,0.030906383879482746,True
3703,111011100111,24,1.4011861011905002e-06,0.9999985988138989,cache,True,0.0,0.031165356980636716,0.03116834186948836,True
3704,000111100111,24,0.9999982475377283,1.7524622717424165e-06,cache,True,0.0,0.032004376174882054,0.03200784302316606,True
3705,100111100111,24,0.999998422446843,1.5775531569950374e-06,cache,True,0.0,0.03133298293687403,0.031335877953097224,True
3706,010111100111,24,1.7507275868738453e-06,0.9999982492724131,cache,True,0.0,0.031269620172679424,0.03127259504981339,True
3707,110111100111,24,1.2274327000384955e-06,0.9999987725673,cache,True,0.0,0.03220742009580135,0.03221034607850015,True
3708,001111100111,26,2.271055080419388e-06,0.9999977289449196,cache,True,0.0,0.029999894089996815,0.03000272996723652,True
3709,101111100111,24,2.0968626510483553e-06,0.9999979031373489,cache,True,0.0,0.03121570497751236,0.031218549935147166,True
3710,011111100111,24,0.9999977280769008,2.271923099206319e-06,cache,True,0.0,0.03652187599800527,0.03652498289011419,True
3711,111111100111,26,0.9999975544650468,2.4455349532104265e-06,cache,True,0.0,0.02781482203863561,0.027817266061902046,True
3712,000000010111,14,1.9251366025408136e-06,0.9999980748633974,cache,True,0.0,0.028604694874957204,0.0286077621858567,True
3713,100000010111,18,1.7506562768781172e-06,0.9999982493437232,cache,True,0.0,0.028380580013617873,0.028383766999468207,True
3714,010000010111,16,0.9999980755922263,1.9244077736901843e-06,cache,True,0.0,0.02957238396629691,0.029575068969279528,True
3715,110000010111,20,0.9999979037163536,2.0962836464466506e-06,cache,True,0.0,0.028271749150007963,0.028274494921788573,True
3716,001000010111,20,0.9999979017588677,2.098241132286738e-06,cache,True,0.0,0.03141581313684583,0.03141875914297998,True
3717,101000010111,18,0.9999980758041472,1.9241958527649317e-06,cache,True,0.0,0.030409709084779024,0.030411893967539072,True
3718,011000010111,16,2.0992509365599945e-06,0.9999979007490635,cache,True,0.0,0.030122681986540556,0.030125097138807178,True
3719,111000010111,18,1.5776986764093232e-06,0.9999984223013236,cache,True,0.0,0.027938802959397435,0.027941507985815406,True
3720,000100010111,20,0.9999980778394388,1.922160561163011e-06,cache,True,0.0,0.03137096716091037,0.03137370082549751,True
3721,100100010111,18,0.9999979007490897,2.0992509103257007e-06,cache,True,0.0,0.02753464807756245,0.02753763389773667,True
3722,010100010111,16,1.9244867423395174e-06,0.9999980755132577,cache,True,0.0,0.027350451098755002,0.02735307510010898,True
3723,110100010111,18,1.7505872770250975e-06,0.999998249412723,cache,True,0.0,0.026526740984991193,0.026529517024755478,True
3724,001100010111,20,2.0999033907071986e-06,0.9999979000966093,cache,True,0.0,0.030189211945980787,0.03019187692552805,True
3725,101100010111,20,1.5777668851252143e-06,0.9999984222331149,cache,True,0.0,0.02796753798611462,0.027970173861831427,True
3726,011100010111,18,0.9999979024135432,2.097586456750733e-06,cache,True,0.0,0.027762940851971507,0.0277654561214149,True
3727,111100010111,18,0.9999980747175488,1.9252824512427935e-06,cache,True,0.0,0.026346301194280386,0.02634882600978017,True
3728,000010010111,20,1.0544774622504918e-06,0.9999989455225378,cache,True,0.0,0.033761316910386086,0.033765655010938644,True
3729,100010010111,22,1.5776248913403265e-06,0.9999984223751086,cache,True,0.0,0.026259141974151134,0.02626310009509325,True
3730,010010010111,20,0.9999982476070223,1.752392977727446e-06,cache,True,0.0,0.030347339110448956,0.030350495129823685,True
3731,110010010111,26,0.9999980739993791,1.926000620877666e-06,cache,True,0.0,0.027572510996833444,0.027575186919420958,True
3732,001010010111,24,0.9999973810740803,2.6189259196840453e-06,cache,True,0.0,0.0283291710074991,0.028331475099548697,True
3733,101010010111,24,0.9999975533809723,2.446619027707264e-06,cache,True,0.0,0.029425359098240733,0.02942781406454742,True
3734,011010010111,22,1.924196216565577e-06,0.9999980758037834,cache,True,0.0,0.03270061803050339,0.032703523989766836,True
3735,111010010111,22,2.098529940978932e-06,0.9999979014700591,cache,True,0.0,0.027913083089515567,0.027915477054193616,True
3736,000110010111,24,0.9999975535252196,2.4464747804264775e-06,cache,True,0.0,0.027280064066872,0.027282278053462505,True
3737,100110010111,24,0.9999973796299175,2.6203700824734e-06,cache,True,0.0,0.029130516108125448,0.02913318108767271,True
3738,010110010111,22,1.7472577728723183e-06,0.9999982527422271,cache,True,0.0,0.027130712987855077,0.027133398922160268,True
3739,110110010111,22,2.271272182062355e-06,0.9999977287278179,cache,True,0.0,0.027245677076280117,0.02724795090034604,True
3740,001110010111,26,1.2279350523949647e-06,0.9999987720649476,cache,True,0.0,0.02643762808293104,0.026439893059432507,True
3741,101110010111,24,1.403723135497882e-06,0.9999985962768645,cache,True,0.0,0.03111948794685304,0.031122412998229265,True
3742,011110010111,22,0.9999980734198383,1.9265801617374123e-06,cache,True,0.0,0.025811753002926707,0.025814578868448734,True
3743,111110010111,24,0.9999982471737197,1.7528262803434558e-06,cache,True,0.0,0.027051048818975687,0.027053473982959986,True
3744,000001010111,18,2.097805753326095e-06,0.9999979021942467,cache,True,0.0,0.02758540608920157,0.027588342083618045,True
3745,100001010111,22,1.5761020627425583e-06,0.9999984238979372,cache,True,0.0,0.026104119839146733,0.02610651613213122,True
3746,010001010111,20,0.9999979013255009,2.0986744990736383e-06,cache,True,0.0,0.02920023212209344,0.02920337812975049,True
3747,110001010111,24,0.9999980743572151,1.925642784894599e-06,cache,True,0.0,0.027638409985229373,0.027640803949907422,True
3748,001001010111,24,0.9999980739960426,1.9260039574309218e-06,cache,True,0.0,0.03360003395937383,0.03360265912488103,True
3749,101001010111,22,0.9999979011084026,2.098891597412944e-06,cache,True,0.0,0.027361120795831084,0.027363425819203258,True
3750,011001010111,20,1.923689853755658e-06,0.9999980763101463,cache,True,0.0,0.025660879909992218,0.025663273874670267,True
3751,111001010111,22,1.7519601551055758e-06,0.9999982480398449,cache,True,0.0,0.026980712078511715,0.02698309696279466,True
3752,000101010111,24,0.9999979012533186,2.0987466814448297e-06,cache,True,0.0,0.02755495789460838,0.0275574519764632,True
3753,100101010111,22,0.9999980757308168,1.9242691832177528e-06,cache,True,0.0,0.03270814195275307,0.032710647908970714,True
3754,010101010111,20,2.097444152932612e-06,0.9999979025558471,cache,True,0.0,0.028514068806543946,0.028516364051029086,True
3755,110101010111,22,1.5748701089416191e-06,0.999998425129891,cache,True,0.0,0.02835473115555942,0.028357335133478045,True
3756,001101010111,24,1.925496453639106e-06,0.9999980745035464,cache,True,0.0,0.031359853921458125,0.03136227000504732,True
3757,101101010111,24,1.7494239691070698e-06,0.9999982505760309,cache,True,0.0,0.03505906602367759,0.03506150096654892,True
3758,011101010111,22,0.9999980749369358,1.9250630641787225e-06,cache,True,0.0,0.027885359013453126,0.027887722942978144,True
3759,111101010111,22,0.9999979011829336,2.098817066364944e-06,cache,True,0.0,0.02828861214220524,0.028291065944358706,True
3760,000011010111,22,1.924921275072305e-06,0.999998075078725,cache,True,0.0,0.09773717494681478,0.09773946995846927,True
3761,100011010111,24,2.097662015471954e-06,0.9999979023379846,cache,True,0.0,0.02701251395046711,0.02701467787846923,True
3762,010011010111,22,0.9999973810738974,2.6189261026487998e-06,cache,True,0.0,0.02667276398278773,0.026675189146772027,True
3763,110011010111,28,0.9999975549714957,2.4450285043275954e-06,cache,True,0.0,0.02613665396347642,0.026138798100873828,True
3764,001011010111,26,0.9999982496360327,1.7503639673233096e-06,cache,True,0.0,0.030188189120963216,0.030190343968570232,True
3765,101011010111,26,0.9999980747220945,1.9252779055456415e-06,cache,True,0.0,0.027843046933412552,0.027845971984788775,True
3766,011011010111,24,1.057230509289843e-06,0.9999989427694908,cache,True,0.0,0.030682238982990384,0.030684584053233266,True
3767,111011010111,24,1.578783375788522e-06,0.9999984212166242,cache,True,0.0,0.026329257059842348,0.026331673143431544,True
3768,000111010111,26,0.999998075303566,1.9246964340080552e-06,cache,True,0.0,0.027308529010042548,0.027310672914609313,True
3769,100111010111,26,0.9999982486223442,1.7513776557898098e-06,cache,True,0.0,0.02824164112098515,0.028244235087186098,True
3770,010111010111,24,1.2308384561113993e-06,0.9999987691615438,cache,True,0.0,0.028759776148945093,0.028763493988662958,True
3771,110111010111,24,1.405315774003687e-06,0.999998594684226,cache,True,0.0,0.028425137046724558,0.028428362915292382,True
3772,001111010111,28,1.7515981658327298e-06,0.9999982484018342,cache,True,0.0,0.03002492291852832,0.030027818866074085,True
3773,101111010111,26,2.2719958013423245e-06,0.9999977280041986,cache,True,0.0,0.03283448680303991,0.032837522914633155,True
3774,011111010111,24,0.9999975539584578,2.446041542203403e-06,cache,True,0.0,0.02920373808592558,0.029206043109297752,True
3775,111111010111,26,0.9999973802068738,2.619793126212855e-06,cache,True,0.0,0.027604043018072844,0.027606426971033216,True
3776,000000110111,18,1.7510188947963014e-06,0.9999982489811052,cache,True,0.0,0.0257836589589715,0.02578615304082632,True
3777,100000110111,22,2.2734399961077277e-06,0.9999977265600039,cache,True,0.0,0.027322526089847088,0.02732502087019384,True
3778,010000110111,20,0.9999982486926275,1.751307372455102e-06,cache,True,0.0,0.02743980404920876,0.02744284993968904,True
3779,110000110111,24,0.9999980746466867,1.925353313336764e-06,cache,True,0.0,0.026291404152289033,0.026294130133464932,True
3780,001000110111,24,0.9999980751534981,1.924846501855093e-06,cache,True,0.0,0.026650191051885486,0.02665247512049973,True
3781,101000110111,22,0.9999982496311819,1.7503688181097488e-06,cache,True,0.0,0.026137845823541284,0.02614040090702474,True
3782,011000110111,20,1.9239775728532295e-06,0.9999980760224272,cache,True,0.0,0.029631479177623987,0.029634114122018218,True
3783,111000110111,22,2.099036184271681e-06,0.9999979009638157,cache,True,0.0,0.028447269927710295,0.028450106037780643,True
3784,000100110111,24,0.9999982486221903,1.751377809666721e-06,cache,True,0.0,0.04444180289283395,0.04444447788409889,True
3785,100100110111,22,0.999998075731239,1.9242687609999365e-06,cache,True,0.0,0.03181526786647737,0.03181783389300108,True
3786,010100110111,20,1.7515240851847587e-06,0.9999982484759148,cache,True,0.0,0.029515863861888647,0.02951871999539435,True
3787,110100110111,22,2.271631461930934e-06,0.9999977283685381,cache,True,0.0,0.026281083934009075,0.026283528888598084,True
3788,001100110111,24,1.9252072252213556e-06,0.9999980747927748,cache,True,0.0,0.02757103811018169,0.02757369400933385,True
3789,101100110111,24,2.0973710071001858e-06,0.9999979026289929,cache,True,0.0,0.029226111946627498,0.02922866679728031,True
3790,011100110111,22,0.9999980746492712,1.925350728848585e-06,cache,True,0.0,0.029503080062568188,0.029505765065550804,True
3791,111100110111,22,0.999998248545848,1.7514541520435856e-06,cache,True,0.0,0.026080123847350478,0.026082388823851943,True
3792,000010110111,24,2.2719959797906395e-06,0.9999977280040202,cache,True,0.0,0.027990794042125344,0.027993518859148026,True
3793,100010110111,26,2.09939636399429e-06,0.999997900603636,cache,True,0.0,0.029402273939922452,0.02940454799681902,True
3794,010010110111,24,0.9999977295945112,2.270405488835614e-06,cache,True,0.0,0.028374419081956148,0.0283767431974411,True
3795,110010110111,30,0.9999975546841352,2.445315864796349e-06,cache,True,0.0,0.028539990074932575,0.02854233398102224,True
3796,001010110111,28,0.9999982487666481,1.7512333518876488e-06,cache,True,0.0,0.032842122949659824,0.032844898058101535,True
3797,101010110111,28,0.9999984223747106,1.5776252894061926e-06,cache,True,0.0,0.02988862805068493,0.029891142854467034,True
3798,011010110111,26,1.7510876780865067e-06,0.9999982489123219,cache,True,0.0,0.02841536793857813,0.02841789205558598,True
3799,111010110111,26,1.2293895884528162e-06,0.9999987706104115,cache,True,0.0,0.026973498985171318,0.02697595302015543,True
3800,000110110111,28,0.9999984217969783,1.578203021712632e-06,cache,True,0.0,0.02953725610859692,0.029539770912379026,True
3801,100110110111,28,0.9999982489087986,1.7510912013740665e-06,cache,True,0.0,0.03127330704592168,0.03127588098868728,True
3802,010110110111,26,1.5784933630622014e-06,0.999998421506637,cache,True,0.0,0.026182152098044753,0.026184557005763054,True
3803,110110110111,26,1.4056036776116614e-06,0.9999985943963224,cache,True,0.0,0.027641015127301216,0.027643508976325393,True
3804,001110110111,30,2.445172666573775e-06,0.9999975548273334,cache,True,0.0,0.026070534950122237,0.026072759879752994,True
3805,101110110111,28,1.924342391657206e-06,0.9999980756576083,cache,True,0.0,0.03371675102971494,0.033718904945999384,True
3806,011110110111,26,0.9999975559891613,2.444010838709154e-06,cache,True,0.0,0.028383305063471198,0.028385761193931103,True
3807,111110110111,28,0.999997728150589,2.2718494110396392e-06,cache,True,0.0,0.030385331949219108,0.030387586914002895,True
3808,000001110111,20,1.9254261351080766e-06,0.9999980745738649,cache,True,0.0,0.027392903110012412,0.027395176934078336,True
3809,100001110111,24,2.098892714142274e-06,0.9999979011072858,cache,True,0.0,0.027803831035271287,0.027806255035102367,True
3810,010001110111,22,0.9999980750096062,1.9249903937534896e-06,cache,True,0.0,0.02746386080980301,0.027466174913570285,True
3811,110001110111,26,0.9999982487639114,1.7512360885874045e-06,cache,True,0.0,0.028591901063919067,0.028594194911420345,True
3812,001001110111,26,0.9999982479705176,1.752029482382511e-06,cache,True,0.0,0.026263219071552157,0.026265925029292703,True
3813,101001110111,24,0.9999980760919333,1.9239080667476927e-06,cache,True,0.0,0.02729027415625751,0.027292839018628,True
3814,011001110111,22,1.7507299012669822e-06,0.9999982492700987,cache,True,0.0,0.02589861210435629,0.02590076602064073,True
3815,111001110111,24,2.271560059052892e-06,0.999997728439941,cache,True,0.0,0.03061150200664997,0.030614968854933977,True
3816,000101110111,26,0.9999980775510502,1.922448949809308e-06,cache,True,0.0,0.03259409102611244,0.03259736695326865,True
3817,100101110111,24,0.9999982492665156,1.7507334844069078e-06,cache,True,0.0,0.02747832890599966,0.027481565019115806,True
3818,010101110111,22,1.9253525000583003e-06,0.9999980746474999,cache,True,0.0,0.027595956809818745,0.02759878197684884,True
3819,110101110111,24,2.097949346456632e-06,0.9999979020506535,cache,True,0.0,0.02722814306616783,0.027230798033997416,True
3820,001101110111,26,1.7505150921378973e-06,0.9999982494849079,cache,True,0.0,0.07536177290603518,0.0753641480114311,True
3821,101101110111,26,2.272211367883823e-06,0.9999977277886322,cache,True,0.0,0.026886518811807036,0.026889485772699118,True
3822,011101110111,24,0.9999982509377795,1.7490622205018624e-06,cache,True,0.0,0.031213219976052642,0.031216155039146543,True
3823,111101110111,24,0.9999980741444469,1.925855553142064e-06,cache,True,0.0,0.027915336890146136,0.027917851926758885,True
3824,000011110111,24,1.7523926447023673e-06,0.9999982476073553,cache,True,0.0,0.026697010966017842,0.02669958700425923,True
3825,100011110111,26,1.2305532575091944e-06,0.9999987694467425,cache,True,0.0,0.031176527962088585,0.031179253943264484,True
3826,010011110111,24,0.9999982490593187,1.7509406813331907e-06,cache,True,0.0,0.026892992900684476,0.026895618066191673,True
3827,110011110111,30,0.9999984216521212,1.578347878838926e-06,cache,True,0.0,0.02831859001889825,0.02832157607190311,True
3828,001011110111,28,0.9999977278590746,2.2721409254078395e-06,cache,True,0.0,0.03319192188791931,0.03319437592290342,True
3829,101011110111,28,0.9999975542507702,2.445749229806893e-06,cache,True,0.0,0.027855862164869905,0.02785825589671731,True
3830,011011110111,26,2.271271161889845e-06,0.9999977287288381,cache,True,0.0,0.028397221816703677,0.028399928007274866,True
3831,111011110111,26,2.0979502156344116e-06,0.9999979020497843,cache,True,0.0,0.028802288929000497,0.028804834000766277,True
3832,000111110111,28,0.9999975532396703,2.4467603296773888e-06,cache,True,0.0,0.027310251956805587,0.027312807040289044,True
3833,100111110111,28,0.9999977281482436,2.2718517563857787e-06,cache,True,0.0,0.026503064902499318,0.026505660032853484,True
3834,010111110111,26,2.4443016047383463e-06,0.9999975556983952,cache,True,0.0,0.026345819933339953,0.026348194107413292,True
3835,110111110111,26,1.9247756946884556e-06,0.9999980752243053,cache,True,0.0,0.027222410775721073,0.02722480706870556,True
3836,001111110111,30,1.5767578682480855e-06,0.9999984232421317,cache,True,0.0,0.03214774397201836,0.032150398939847946,True
3837,101111110111,28,1.4034401750336881e-06,0.9999985965598249,cache,True,0.0,0.026465801987797022,0.026468026917427778,True
3838,011111110111,26,0.9999984233930509,1.5766069491052193e-06,cache,True,0.0,0.03952115005813539,0.03952368418686092,True
3839,111111110111,28,0.9999982486242066,1.751375793390686e-06,cache,True,0.0,0.03192552295513451,0.03192774695344269,True
3840,000000001111,16,1.9247772612152194e-06,0.9999980752227388,cache,True,0.0,0.029675764963030815,0.029678420163691044,True
3841,100000001111,20,1.0541042803452827e-06,0.9999989458957197,cache,True,0.0,0.02898392197676003,0.028986838180571795,True
3842,010000001111,18,0.9999980752248736,1.924775126393996e-06,cache,True,0.0,0.029565100092440844,0.029567434219643474,True
3843,110000001111,22,0.9999972074636674,2.792536332618667e-06,cache,True,0.0,0.028688618913292885,0.028691394021734595,True
3844,001000001111,22,0.9999979000986547,2.0999013452538406e-06,cache,True,0.0,0.029697006102651358,0.029699421022087336,True
3845,101000001111,20,0.9999973823033657,2.617696634343858e-06,cache,True,0.0,0.026390135986730456,0.02639246010221541,True
3846,011000001111,18,2.0984566697937048e-06,0.9999979015433302,cache,True,0.0,0.027013486018404365,0.027015650179237127,True
3847,111000001111,20,8.847741318177706e-07,0.9999991152258682,cache,True,0.0,0.029404679080471396,0.029407073045149446,True
3848,000100001111,20,0.9999973820125092,2.617987490793894e-06,cache,True,0.0,0.026132646016776562,0.02613506093621254,True
3849,100100001111,18,0.9999979008204049,2.099179595149714e-06,cache,True,0.0,0.02837785496376455,0.028380370000377297,True
3850,010100001111,20,1.2312641598643133e-06,0.9999987687358401,cache,True,0.0,0.029880633112043142,0.029883549083024263,True
3851,110100001111,22,1.751235429390303e-06,0.9999982487645707,cache,True,0.0,0.02708729892037809,0.027089994866400957,True
3852,001100001111,20,1.4039419298914018e-06,0.9999985960580701,cache,True,0.0,0.028570048045367002,0.028572774026542902,True
3853,101100001111,20,1.5762540019029352e-06,0.9999984237459981,cache,True,0.0,0.02976540895178914,0.029768094886094332,True
3854,011100001111,22,0.9999972070303625,2.7929696374551227e-06,cache,True,0.0,0.027345901122316718,0.02734842710196972,True
3855,111100001111,22,0.9999980746465347,1.925353465326296e-06,cache,True,0.0,0.029485634993761778,0.029488621978089213,True
3856,000010001111,22,1.0565731433196368e-06,0.9999989434268567,cache,True,0.0,0.029981628991663456,0.029984022956341505,True
3857,100010001111,24,1.5759588359153395e-06,0.9999984240411641,cache,True,0.0,0.026682714000344276,0.02668512798845768,True
3858,010010001111,22,0.9999975549694807,2.445030519271363e-06,cache,True,0.0,0.030349862994626164,0.03035217896103859,True
3859,110010001111,28,0.9999973802058193,2.6197941807026837e-06,cache,True,0.0,0.028808039845898747,0.028810424963012338,True
3860,001010001111,26,0.9999973810013216,2.6189986783720087e-06,cache,True,0.0,0.030063557904213667,0.030065721832215786,True
3861,101010001111,26,0.9999975544683228,2.4455316771643254e-06,cache,True,0.0,0.027631015982478857,0.02763477200642228,True
3862,011010001111,24,1.2273598109040755e-06,0.9999987726401891,cache,True,0.0,0.027227190788835287,0.027230227133259177,True
3863,111010001111,24,1.4048821409719598e-06,0.999998595117859,cache,True,0.0,0.031659686006605625,0.031662723049521446,True
3864,000110001111,24,0.999997554901327,2.4450986729762647e-06,cache,True,0.0,0.030485556926578283,0.030487912008538842,True
3865,100110001111,24,0.9999973815776747,2.618422325295633e-06,cache,True,0.0,0.028285756008699536,0.028288232162594795,True
3866,010110001111,26,1.0536064808944875e-06,0.999998946393519,cache,True,0.0,0.028198195854201913,0.028200449887663126,True
3867,110110001111,26,1.578492852035278e-06,0.999998421507148,cache,True,0.0,0.030240120831876993,0.030242725973948836,True
3868,001110001111,26,1.2311989405932123e-06,0.9999987688010594,cache,True,0.0,0.030286902096122503,0.030288995010778308,True
3869,101110001111,24,1.4043789372755735e-06,0.9999985956210627,cache,True,0.0,0.04161677788943052,0.04161894181743264,True
3870,011110001111,26,0.9999973790508251,2.6209491749140668e-06,cache,True,0.0,0.02996919513680041,0.029971519019454718,True
3871,111110001111,28,0.9999975533817869,2.446618213136631e-06,cache,True,0.0,0.03165286406874657,0.03165515814907849,True
3872,000001001111,22,1.4037242871897937e-06,0.9999985962757129,cache,True,0.0,0.03971796203404665,0.0397203559987247,True
3873,100001001111,26,1.5744400949755273e-06,0.999998425559905,cache,True,0.0,0.029662830056622624,0.02966509503312409,True
3874,010001001111,24,0.9999972058027642,2.794197235811424e-06,cache,True,0.0,0.027287027100101113,0.027289332123473287,True
3875,110001001111,28,0.999998074430215,1.9255697849551723e-06,cache,True,0.0,0.025840227957814932,0.02584273391403258,True
3876,001001001111,28,0.9999973803494393,2.619650560697906e-06,cache,True,0.0,0.026497443905100226,0.02649965789169073,True
3877,101001001111,26,0.9999979013268558,2.098673144157459e-06,cache,True,0.0,0.036521887173876166,0.0365248320158571,True
3878,011001001111,24,1.2288808533463807e-06,0.9999987711191467,cache,True,0.0,0.043646207777783275,0.043648341903463006,True
3879,111001001111,26,1.7513085757240939e-06,0.9999982486914243,cache,True,0.0,0.03152522607706487,0.03152790106832981,True
3880,000101001111,26,0.9999979011842259,2.0988157740653435e-06,cache,True,0.0,0.02639695885591209,0.02639962383545935,True
3881,100101001111,24,0.9999973794828315,2.6205171684834383e-06,cache,True,0.0,0.026157014071941376,0.02615920710377395,True
3882,010101001111,26,2.099687400377077e-06,0.9999979003125996,cache,True,0.0,0.0296606351621449,0.029662700137123466,True
3883,110101001111,28,8.829699316670038e-07,0.9999991170300684,cache,True,0.0,0.02535352297127247,0.025356028927490115,True
3884,001101001111,26,1.9241256496283596e-06,0.9999980758743504,cache,True,0.0,0.036502870032563806,0.03650525398552418,True
3885,101101001111,26,1.0533113641003764e-06,0.9999989466886359,cache,True,0.0,0.026928981998935342,0.026931477012112737,True
3886,011101001111,28,0.9999980732766055,1.926723394496399e-06,cache,True,0.0,0.026169378077611327,0.0261717620305717,True
3887,111101001111,28,0.9999972073935262,2.7926064738448275e-06,cache,True,0.0,0.027691452065482736,0.027693826938048005,True
3888,000011001111,26,1.2298268444870527e-06,0.9999987701731555,cache,True,0.0,0.0274217389523983,0.02742400299757719,True
3889,100011001111,28,1.4019859182498909e-06,0.9999985980140818,cache,True,0.0,0.02793517499230802,0.027937650913372636,True
3890,010011001111,26,0.999997379268472,2.6207315280135646e-06,cache,True,0.0,0.025737218791618943,0.025739502860233188,True
3891,110011001111,32,0.9999975534564421,2.4465435578546746e-06,cache,True,0.0,0.031258829170838,0.03126116283237934,True
3892,001011001111,30,0.9999975535297092,2.446470290795588e-06,cache,True,0.0,0.028744908049702644,0.028747292002663016,True
3893,101011001111,30,0.9999973812198687,2.618780131302678e-06,cache,True,0.0,0.02614885801449418,0.026151242200285196,True
3894,011011001111,28,1.0541063561569922e-06,0.9999989458936438,cache,True,0.0,0.026863704901188612,0.02686605998314917,True
3895,111011001111,28,1.5762510125278225e-06,0.9999984237489875,cache,True,0.0,0.02894295216538012,0.02894527604803443,True
3896,000111001111,28,0.9999973812211952,2.6187788048082083e-06,cache,True,0.0,0.03222611709497869,0.032228751108050346,True
3897,100111001111,28,0.9999975542497149,2.4457502850738777e-06,cache,True,0.0,0.02779778908006847,0.02780033298768103,True
3898,010111001111,30,1.2297550174371538e-06,0.9999987702449825,cache,True,0.0,0.026835159864276648,0.0268374839797616,True
3899,110111001111,30,1.4036545402368756e-06,0.9999985963454597,cache,True,0.0,0.02816660492680967,0.02816895884461701,True
3900,001111001111,30,1.0565084885193708e-06,0.9999989434915115,cache,True,0.0,0.028913354966789484,0.028915828792378306,True
3901,101111001111,28,1.5774807886461287e-06,0.9999984225192113,cache,True,0.0,0.03834916418418288,0.03835150902159512,True
3902,011111001111,30,0.9999975533092981,2.446690701929377e-06,cache,True,0.0,0.033259241841733456,0.03326240903697908,True
3903,111111001111,32,0.9999973804225626,2.6195774374127012e-06,cache,True,0.0,0.02973148296587169,0.029733706964179873,True
3904,000000101111,22,1.7508026655363564e-06,0.9999982491973345,cache,True,0.0,0.028213907033205032,0.02821650099940598,True
3905,100000101111,26,1.5776242911240845e-06,0.9999984223757089,cache,True,0.0,0.02818567189387977,0.0281886279117316,True
3906,010000101111,24,0.9999982493453572,1.7506546428069925e-06,cache,True,0.0,0.028881863923743367,0.02888421807438135,True
3907,110000101111,28,0.9999973811465669,2.6188534331117452e-06,cache,True,0.0,0.03071178589016199,0.03071414097212255,True
3908,001000101111,28,0.9999980733493395,1.926650660455387e-06,cache,True,0.0,0.03458361397497356,0.034586639143526554,True
3909,101000101111,26,0.9999975554053367,2.4445946632534188e-06,cache,True,0.0,0.03066287189722061,0.03066619811579585,True
3910,011000101111,24,1.922170576774104e-06,0.9999980778294232,cache,True,0.0,0.03207380999810994,0.03207686706446111,True
3911,111000101111,26,1.403365938652803e-06,0.9999985966340613,cache,True,0.0,0.030671378131955862,0.03067424288019538,True
3912,000100101111,26,0.9999975532397866,2.446760213437038e-06,cache,True,0.0,0.028987378114834428,0.028989803045988083,True
3913,100100101111,24,0.9999980733494586,1.9266505414394786e-06,cache,True,0.0,0.027105544926598668,0.027108351001515985,True
3914,010100101111,26,1.0584578700499158e-06,0.99999894154213,cache,True,0.0,0.0300192020367831,0.030021727085113525,True
3915,110100101111,28,2.2706897463119296e-06,0.9999977293102537,cache,True,0.0,0.031275241170078516,0.03127787495031953,True
3916,001100101111,26,1.2305509702647992e-06,0.9999987694490298,cache,True,0.0,0.026400186121463776,0.02640266017988324,True
3917,101100101111,26,2.0977350421530264e-06,0.9999979022649579,cache,True,0.0,0.029086351161822677,0.029089005896821618,True
3918,011100101111,28,0.9999973808555984,2.6191444015832843e-06,cache,True,0.0,0.02835430996492505,0.02835680404677987,True
3919,111100101111,28,0.9999982494875598,1.7505124402239503e-06,cache,True,0.0,0.02683140290901065,0.026834117947146297,True
3920,000010101111,28,1.577768514850974e-06,0.9999984222314852,cache,True,0.0,0.02945917402394116,0.02946199895814061,True
3921,100010101111,30,1.404304042217636e-06,0.9999985956959578,cache,True,0.0,0.033590144012123346,0.03359243902377784,True
3922,010010101111,28,0.9999977274972066,2.272502793387865e-06,cache,True,0.0,0.03189679700881243,0.03189933206886053,True
3923,110010101111,34,0.9999975543226224,2.445677377616029e-06,cache,True,0.0,0.03004982089623809,0.030052585992962122,True
3924,001010101111,32,0.9999975543965575,2.4456034425357487e-06,cache,True,0.0,0.028196613071486354,0.028199027059599757,True
3925,101010101111,32,0.999997728584106,2.2714158940395635e-06,cache,True,0.0,0.030856306897476315,0.030858701094985008,True
3926,011010101111,30,1.7508711470402896e-06,0.9999982491288529,cache,True,0.0,0.03978838794864714,0.03979057283140719,True
3927,111010101111,30,1.2294616299403138e-06,0.99999877053837,cache,True,0.0,0.027734757168218493,0.027737290831282735,True
3928,000110101111,30,0.999997728874905,2.271125094988058e-06,cache,True,0.0,0.03190504293888807,0.03190771793015301,True
3929,100110101111,30,0.9999975548268512,2.4451731488461803e-06,cache,True,0.0,0.038225945085287094,0.03822841006331146,True
3930,010110101111,32,1.5785656399258858e-06,0.99999842143436,cache,True,0.0,0.03390022600069642,0.03390280180610716,True
3931,110110101111,32,1.4048089316618213e-06,0.9999985951910684,cache,True,0.0,0.03202314302325249,0.032025607069954276,True
3932,001110101111,32,1.751526851029139e-06,0.999998248473149,cache,True,0.0,0.028028215980157256,0.028030651854351163,True
3933,101110101111,30,1.2321401413964881e-06,0.9999987678598586,cache,True,0.0,0.028580788988620043,0.028583453968167305,True
3934,011110101111,32,0.9999975544649501,2.445535049910852e-06,cache,True,0.0,0.027466906933113933,0.02746957214549184,True
3935,111110101111,34,0.9999977289458222,2.2710541778270255e-06,cache,True,0.0,0.029466046951711178,0.029468753142282367,True
3936,000001101111,22,1.2312001137811463e-06,0.9999987687998863,cache,True,0.0,0.02821029000915587,0.0282129249535501,True
3937,100001101111,26,2.098239027649532e-06,0.9999979017609724,cache,True,0.0,0.027006453135982156,0.027008736971765757,True
3938,010001101111,24,0.9999973807847294,2.6192152705606375e-06,cache,True,0.0,0.02697145496495068,0.02697371901012957,True
3939,110001101111,28,0.9999982489802623,1.751019737650239e-06,cache,True,0.0,0.029772832989692688,0.029775117058306932,True
3940,001001101111,28,0.9999975521530539,2.4478469461408636e-06,cache,True,0.0,0.030361766926944256,0.030363960890099406,True
3941,101001101111,26,0.9999980741441136,1.925855886431016e-06,cache,True,0.0,0.02578827692195773,0.02579125389456749,True
3942,011001101111,24,1.0569406208014558e-06,0.9999989430593792,cache,True,0.0,0.027922400971874595,0.02792476606555283,True
3943,111001101111,26,2.271925295931799e-06,0.9999977280747041,cache,True,0.0,0.027836113004013896,0.027838357957080007,True
3944,000101101111,26,0.9999980758810005,1.924118999463431e-06,cache,True,0.0,0.028968301136046648,0.02897051488980651,True
3945,100101101111,24,0.9999975537415488,2.4462584512496832e-06,cache,True,0.0,0.02985478308983147,0.029856896959245205,True
3946,010101101111,26,1.925135911253916e-06,0.9999980748640888,cache,True,0.0,0.03002854995429516,0.030030764173716307,True
3947,110101101111,28,1.4035842481142449e-06,0.9999985964157518,cache,True,0.0,0.027684709057211876,0.027686953078955412,True
3948,001101101111,26,1.7513088750521357e-06,0.999998248691125,cache,True,0.0,0.027493749046698213,0.027496513910591602,True
3949,101101101111,26,1.5794337781633247e-06,0.9999984205662218,cache,True,0.0,0.030855264980345964,0.03085782891139388,True
3950,011101101111,28,0.9999982500005837,1.7499994162673005e-06,cache,True,0.0,0.027914494974538684,0.027916929917410016,True
3951,111101101111,28,0.9999973822300356,2.61776996435259e-06,cache,True,0.0,0.028220680076628923,0.02822310384362936,True
3952,000011101111,26,1.7501534931379994e-06,0.9999982498465069,cache,True,0.0,0.031356729101389647,0.031359123066067696,True
3953,100011101111,28,1.2288823818631667e-06,0.9999987711176181,cache,True,0.0,0.028905048966407776,0.028907292988151312,True
3954,010011101111,26,0.9999975543942701,2.4456057299282463e-06,cache,True,0.0,0.02754907589405775,0.0275519120041281,True
3955,110011101111,32,0.9999977272817906,2.2727182094062215e-06,cache,True,0.0,0.032108758110553026,0.03211246617138386,True
3956,001011101111,30,0.9999977272089408,2.2727910592434952e-06,cache,True,0.0,0.029344992944970727,0.02934791799634695,True
3957,101011101111,30,0.9999975538896861,2.4461103138584406e-06,cache,True,0.0,0.028387433849275112,0.028390320017933846,True
3958,011011101111,28,1.5761816050517458e-06,0.999998423818395,cache,True,0.0,0.02842711005359888,0.028429745929315686,True
3959,111011101111,28,1.4022781625208322e-06,0.9999985977218375,cache,True,0.0,0.0405088069383055,0.04051166190765798,True
3960,000111101111,28,0.9999975546123951,2.4453876048546874e-06,cache,True,0.0,0.030270379036664963,0.03027280420064926,True
3961,100111101111,28,0.9999977280762071,2.2719237928736646e-06,cache,True,0.0,0.02745808893814683,0.027460834942758083,True
3962,010111101111,30,1.7506580196931452e-06,0.9999982493419803,cache,True,0.0,0.030344161903485656,0.03034699778072536,True
3963,110111101111,30,1.2282257576624072e-06,0.9999987717742423,cache,True,0.0,0.0275295979809016,0.02753191301599145,True
3964,001111101111,30,1.5774074587213736e-06,0.9999984225925412,cache,True,0.0,0.034904626896604896,0.034907141933217645,True
3965,101111101111,28,1.4046663630935812e-06,0.9999985953336369,cache,True,0.0,0.031657902989536524,0.03166016680188477,True
3966,011111101111,30,0.9999977264150558,2.273584944201268e-06,cache,True,0.0,0.030510005075484514,0.030512318946421146,True
3967,111111101111,32,0.9999975536725791,2.446327420857486e-06,cache,True,0.0,0.028517636936157942,0.028520482825115323,True
3968,000000011111,20,1.924627286379905e-06,0.9999980753727136,cache,True,0.0,0.02754177199676633,0.027544518001377583,True
3969,100000011111,24,1.056000322691634e-06,0.9999989439996773,cache,True,0.0,0.024908498860895634,0.02491070399992168,True
3970,010000011111,20,0.9999980749378695,1.925062130481159e-06,cache,True,0.0,0.027050176868215203,0.02705243183299899,True
3971,110000011111,24,0.9999972077544664,2.7922455335671614e-06,cache,True,0.0,0.028987698955461383,0.028989773942157626,True
3972,001000011111,26,0.9999979013967585,2.0986032415182265e-06,cache,True,0.0,0.027827176032587886,0.027829470112919807,True
3973,101000011111,24,0.9999973824472591,2.617552740891149e-06,cache,True,0.0,0.032335798954591155,0.03233802318572998,True
3974,011000011111,20,2.0967224355451834e-06,0.9999979032775644,cache,True,0.0,0.029319153167307377,0.029321346897631884,True
3975,111000011111,22,8.815862032355917e-07,0.9999991184137967,cache,True,0.0,0.02807677094824612,0.028078973991796374,True
3976,000100011111,24,0.9999973818697052,2.6181302947847485e-06,cache,True,0.0,0.02682969905436039,0.026832144940271974,True
3977,100100011111,22,0.9999979006756102,2.0993243897704517e-06,cache,True,0.0,0.027806516038253903,0.027808840153738856,True
3978,010100011111,22,1.2286631347641752e-06,0.9999987713368652,cache,True,0.0,0.02998598711565137,0.029988331021741033,True
3979,110100011111,24,1.7506573896542253e-06,0.9999982493426104,cache,True,0.0,0.03175927000120282,0.03176151402294636,True
3980,001100011111,24,1.4049588114547687e-06,0.9999985950411886,cache,True,0.0,0.027689469046890736,0.027692444156855345,True
3981,101100011111,24,1.5769742432158491e-06,0.9999984230257568,cache,True,0.0,0.027279202127829194,0.02728155697695911,True
3982,011100011111,24,0.9999972084768807,2.7915231193276213e-06,cache,True,0.0,0.02744463412091136,0.027447679080069065,True
3983,111100011111,24,0.9999980743576069,1.9256423930968936e-06,cache,True,0.0,0.03558298386633396,0.03558514779433608,True
3984,000010011111,26,1.0551297019252568e-06,0.9999989448702981,cache,True,0.0,0.029931351076811552,0.02993388590402901,True
3985,100010011111,28,1.576540192100485e-06,0.9999984234598079,cache,True,0.0,0.02893505711108446,0.028937581926584244,True
3986,010010011111,24,0.9999975542504408,2.445749559210064e-06,cache,True,0.0,0.031682641012594104,0.03168480517342687,True
3987,110010011111,30,0.9999973806415929,2.619358407063288e-06,cache,True,0.0,0.03721969202160835,0.03722193604335189,True
3988,001010011111,30,0.9999973801351422,2.619864857833498e-06,cache,True,0.0,0.028904167003929615,0.028906942112371325,True
3989,101010011111,30,0.9999975536009927,2.4463990072609576e-06,cache,True,0.0,0.027055356884375215,0.027058052830398083,True
3990,011010011111,26,1.2301162556383868e-06,0.9999987698837444,cache,True,0.0,0.02950024395249784,0.029502548975870013,True
3991,111010011111,26,1.4032935443797425e-06,0.9999985967064556,cache,True,0.0,0.031168513000011444,0.031170856906101108,True
3992,000110011111,28,0.9999975528768353,2.4471231646616687e-06,cache,True,0.0,0.03210054291412234,0.03210340812802315,True
3993,100110011111,28,0.9999973812894716,2.6187105284236623e-06,cache,True,0.0,0.02905169315636158,0.029054078040644526,True
3994,010110011111,28,1.054040446992576e-06,0.999998945959553,cache,True,0.0,0.03265881701372564,0.03266127104870975,True
3995,110110011111,28,1.5786388507689652e-06,0.9999984213611492,cache,True,0.0,0.03348163282498717,0.03348418907262385,True
3996,001110011111,30,1.2294628345535474e-06,0.9999987705371655,cache,True,0.0,0.02568294294178486,0.02568537788465619,True
3997,101110011111,28,1.4029309219324155e-06,0.9999985970690781,cache,True,0.0,0.030955960042774677,0.030958595918491483,True
3998,011110011111,28,0.9999973803527197,2.619647280321935e-06,cache,True,0.0,0.028108631959185004,0.028111007064580917,True
3999,111110011111,30,0.9999975541070875,2.4458929125392714e-06,cache,True,0.0,0.02729447092860937,0.027297348016873002,True
4000,000001011111,24,1.403725069756387e-06,0.9999985962749303,cache,True,0.0,0.02773362398147583,0.027737111086025834,True
4001,100001011111,28,1.5764666415715248e-06,0.9999984235333584,cache,True,0.0,0.02772891498170793,0.027731921058148146,True
4002,010001011111,24,0.9999972079709634,2.792029036635668e-06,cache,True,0.0,0.02900382992811501,0.02900657500140369,True
4003,110001011111,28,0.9999980754439657,1.9245560343161827e-06,cache,True,0.0,0.02773221186362207,0.027735488023608923,True
4004,001001011111,30,0.9999973806405382,2.6193594617751614e-06,cache,True,0.0,0.026910495944321156,0.026913151144981384,True
4005,101001011111,28,0.9999979021943083,2.0978056917142496e-06,cache,True,0.0,0.027215407928451896,0.02721778303384781,True
4006,011001011111,24,1.2278665430831962e-06,0.9999987721334569,cache,True,0.0,0.04235368920490146,0.04235652508214116,True
4007,111001011111,26,1.751164802529012e-06,0.9999982488351975,cache,True,0.0,0.02754265395924449,0.027545848861336708,True
4008,000101011111,28,0.9999979020507186,2.0979492814099387e-06,cache,True,0.0,0.0273215239867568,0.027324530063197017,True
4009,100101011111,26,0.9999973820853625,2.6179146375149287e-06,cache,True,0.0,0.02900765696540475,0.029009862104430795,True
4010,010101011111,26,2.0980939889552436e-06,0.999997901906011,cache,True,0.0,0.02770033897832036,0.02770265401341021,True
4011,110101011111,28,8.810813096106566e-07,0.9999991189186904,cache,True,0.0,0.028329670894891024,0.028332106070593,True
4012,001101011111,28,1.9255713154600876e-06,0.9999980744286845,cache,True,0.0,0.027238192968070507,0.027240936877205968,True
4013,101101011111,28,1.054471731139985e-06,0.9999989455282688,cache,True,0.0,0.027462929021567106,0.027465703897178173,True
4014,011101011111,28,0.9999980768995829,1.9231004171338384e-06,cache,True,0.0,0.02650596108287573,0.0265084661077708,True
4015,111101011111,28,0.9999972075350728,2.7924649271815483e-06,cache,True,0.0,0.026916527887806296,0.0269190629478544,True
4016,000011011111,28,1.229391368476512e-06,0.9999987706086315,cache,True,0.0,0.03090492100454867,0.030907244887202978,True
4017,100011011111,30,1.4012611518158594e-06,0.9999985987388482,cache,True,0.0,0.030996188055723906,0.030998502857983112,True
4018,010011011111,26,0.9999973801341742,2.6198658258369534e-06,cache,True,0.0,0.031806802144274116,0.031809266889467835,True
4019,110011011111,32,0.9999975548999426,2.4451000574243764e-06,cache,True,0.0,0.029144453117623925,0.029146787943318486,True
4020,001011011111,32,0.9999975542500804,2.445749919588458e-06,cache,True,0.0,0.032226046081632376,0.03222841094247997,True
4021,101011011111,32,0.9999973802054003,2.619794599700853e-06,cache,True,0.0,0.03180552995763719,0.03180821496061981,True
4022,011011011111,28,1.056141046782959e-06,0.9999989438589533,cache,True,0.0,0.027764454018324614,0.027766668936237693,True
4023,111011011111,28,1.5762516252166333e-06,0.9999984237483748,cache,True,0.0,0.02682986413128674,0.026832359144464135,True
4024,000111011111,30,0.9999973793393937,2.6206606063006177e-06,cache,True,0.0,0.028736974811181426,0.02873957110568881,True
4025,100111011111,30,0.9999975558434396,2.4441565603661175e-06,cache,True,0.0,0.027293785009533167,0.02729663997888565,True
4026,010111011111,30,1.2297510352734398e-06,0.9999987702489648,cache,True,0.0,0.031313205836340785,0.03131550084799528,True
4027,110111011111,30,1.4045207235559388e-06,0.9999985954792765,cache,True,0.0,0.031314619118347764,0.031316672917455435,True
4028,001111011111,32,1.057229760238925e-06,0.9999989427702397,cache,True,0.0,0.027744309045374393,0.02774699404835701,True
4029,101111011111,30,1.5773332301271356e-06,0.9999984226667699,cache,True,0.0,0.02607836597599089,0.026080680079758167,True
4030,011111011111,30,0.9999975536004533,2.4463995467183253e-06,cache,True,0.0,0.028051855973899364,0.028053960064426064,True
4031,111111011111,32,0.9999973807134179,2.6192865820728883e-06,cache,True,0.0,0.02768657705746591,0.027689543087035418,True
4032,000000111111,24,1.748193256152523e-06,0.9999982518067438,cache,True,0.0,0.03669047309085727,0.036692937137559056,True
4033,100000111111,28,1.578781452086408e-06,0.9999984212185479,cache,True,0.0,0.028124748030677438,0.028127782978117466,True
4034,010000111111,24,0.9999982489087971,1.7510912029283787e-06,cache,True,0.0,0.02551340009085834,0.025516125140711665,True
4035,110000111111,28,0.9999973818709719,2.6181290281312997e-06,cache,True,0.0,0.028164565097540617,0.02816681913100183,True
4036,001000111111,30,0.9999980762378409,1.9237621591283727e-06,cache,True,0.0,0.028448536060750484,0.0284509698394686,True
4037,101000111111,28,0.999997555407506,2.444592493988651e-06,cache,True,0.0,0.02986099710687995,0.02986400411464274,True
4038,011000111111,24,1.9254983497482755e-06,0.9999980745016502,cache,True,0.0,0.03009248711168766,0.030095222173258662,True
4039,111000111111,26,1.4046636255563555e-06,0.9999985953363745,cache,True,0.0,0.026718849083408713,0.026721704052761197,True
4040,000100111111,28,0.9999975543959848,2.4456040151887848e-06,cache,True,0.0,0.028313133167102933,0.028315939009189606,True
4041,100100111111,26,0.9999980750812828,1.9249187171999083e-06,cache,True,0.0,0.02949478616937995,0.029497703071683645,True
4042,010100111111,26,1.058311935002977e-06,0.999998941688065,cache,True,0.0,0.02644233196042478,0.026445097057148814,True
4043,110100111111,28,2.271996389434381e-06,0.9999977280036105,cache,True,0.0,0.05641462607309222,0.05641897418536246,True
4044,001100111111,28,1.23112943041006e-06,0.9999987688705696,cache,True,0.0,0.028609830187633634,0.028612583875656128,True
4045,101100111111,28,2.097441647897309e-06,0.9999979025583521,cache,True,0.0,0.030685497913509607,0.030688362894579768,True
4046,011100111111,28,0.9999973818715124,2.618128487563709e-06,cache,True,0.0,0.29203954292461276,0.29204231686890125,True
4047,111100111111,28,0.9999982493408296,1.7506591704075092e-06,cache,True,0.0,0.02639143285341561,0.026393868029117584,True
4048,000010111111,30,1.5741423365052898e-06,0.9999984258576635,cache,True,0.0,0.028205244103446603,0.02820798894390464,True
4049,100010111111,32,1.4021245575408953e-06,0.9999985978754424,cache,True,0.0,0.024966316996142268,0.02496868185698986,True
4050,010010111111,28,0.9999977274982308,2.2725017692071248e-06,cache,True,0.0,0.027714350959286094,0.027716585900634527,True
4051,110010111111,34,0.9999975537432034,2.4462567965732873e-06,cache,True,0.0,0.02665934292599559,0.02666163700632751,True
4052,001010111111,34,0.9999975536714983,2.4463285016596004e-06,cache,True,0.0,0.030129397986456752,0.030131613137200475,True
4053,101010111111,34,0.9999977272810052,2.272718994777989e-06,cache,True,0.0,0.02567988308146596,0.025682046078145504,True
4054,011010111111,30,1.75202788784316e-06,0.9999982479721121,cache,True,0.0,0.026056383037939668,0.026058838004246354,True
4055,111010111111,30,1.2268507040593486e-06,0.999998773149296,cache,True,0.0,0.027219871059060097,0.027222034987062216,True
4056,000110111111,32,0.999997725546586,2.274453414052857e-06,cache,True,0.0,0.02580544608645141,0.025807789992541075,True
4057,100110111111,32,0.9999975549720059,2.4450279940690933e-06,cache,True,0.0,0.026619686977937818,0.026622310979291797,True
4058,010110111111,32,1.577122740705012e-06,0.9999984228772593,cache,True,0.0,0.03085689013823867,0.030859796097502112,True
4059,110110111111,32,1.4036523070199545e-06,0.999998596347693,cache,True,0.0,0.028091492829844356,0.02809418784454465,True
4060,001110111111,34,1.750804259028955e-06,0.999998249195741,cache,True,0.0,0.03160750702954829,0.03160984208807349,True
4061,101110111111,32,1.2311287369631084e-06,0.999998768871263,cache,True,0.0,0.02917006704956293,0.029172140173614025,True
4062,011110111111,32,0.999997553887216,2.446112783993648e-06,cache,True,0.0,0.025868658907711506,0.025871314108371735,True
4063,111110111111,34,0.9999977283659796,2.27163402044539e-06,cache,True,0.0,0.0273341229185462,0.027337559964507818,True
4064,000001111111,26,1.2284456109352085e-06,0.9999987715543891,cache,True,0.0,0.02622533100657165,0.0262278460431844,True
4065,100001111111,30,2.0980956098317494e-06,0.9999979019043902,cache,True,0.0,0.02812875504605472,0.028130989987403154,True
4066,010001111111,26,0.999997379628472,2.620371527983778e-06,cache,True,0.0,0.025111228926107287,0.025113613111898303,True
4067,110001111111,30,0.9999982484014418,1.751598558197287e-06,cache,True,0.0,0.02485671523027122,0.024859048891812563,True
4068,001001111111,32,0.9999975543224733,2.445677526718981e-06,cache,True,0.0,0.025271749822422862,0.025274154962971807,True
4069,101001111111,30,0.9999980763088835,1.9236911165121384e-06,cache,True,0.0,0.025682346895337105,0.02568475203588605,True
4070,011001111111,26,1.0572306304618934e-06,0.9999989427693695,cache,True,0.0,0.02524886606261134,0.025251550134271383,True
4071,111001111111,28,2.271345753425383e-06,0.9999977286542465,cache,True,0.0,0.025647849775850773,0.025650215102359653,True
4072,000101111111,30,0.9999980754428216,1.9245571784010096e-06,cache,True,0.0,0.027564310003072023,0.027566823875531554,True
4073,100101111111,28,0.999997554467812,2.445532187977939e-06,cache,True,0.0,0.028504144167527556,0.028506678994745016,True
4074,010101111111,28,1.925137233276526e-06,0.9999980748627667,cache,True,0.0,0.027386665111407638,0.02738897013477981,True
4075,110101111111,30,1.4038711321768225e-06,0.9999985961288679,cache,True,0.0,0.028610420180484653,0.02861299505457282,True
4076,001101111111,30,1.7502957269675795e-06,0.999998249704273,cache,True,0.0,0.028616471914574504,0.02861910709179938,True
4077,101101111111,30,1.5787107701785824e-06,0.9999984212892298,cache,True,0.0,0.02802347089163959,0.02802601596340537,True
4078,011101111111,30,0.9999982517358478,1.748264152223733e-06,cache,True,0.0,0.02711375616490841,0.02711615990847349,True
4079,111101111111,30,0.9999973799146924,2.6200853076030484e-06,cache,True,0.0,0.026366764912381768,0.02636943105608225,True
4080,000011111111,30,1.7513089064077547e-06,0.9999982486910935,cache,True,0.0,0.03247452015057206,0.03247705497778952,True
4081,100011111111,32,1.229174259517234e-06,0.9999987708257405,cache,True,0.0,0.02726370608434081,0.02726612100377679,True
4082,010011111111,28,0.9999975545419557,2.4454580442867524e-06,cache,True,0.0,0.02428171900101006,0.0242840931750834,True
4083,110011111111,34,0.9999977285829599,2.2714170401227918e-06,cache,True,0.0,0.02819924196228385,0.028201717184856534,True
4084,001011111111,34,0.9999977277885381,2.272211461873397e-06,cache,True,0.0,0.026876434916630387,0.02687907894141972,True
4085,101011111111,34,0.999997554468018,2.445531982031568e-06,cache,True,0.0,0.026105989003553987,0.026108884951099753,True
4086,011011111111,30,1.5792176116842992e-06,0.9999984207823883,cache,True,0.0,0.027189041022211313,0.027191626839339733,True
4087,111011111111,30,1.4038704997688103e-06,0.9999985961295003,cache,True,0.0,0.02674520993605256,0.026747975032776594,True
4088,000111111111,32,0.9999975528766523,2.4471233477374454e-06,cache,True,0.0,0.024515151046216488,0.024517546873539686,True
4089,100111111111,32,0.9999977292359598,2.270764040246398e-06,cache,True,0.0,0.02701785904355347,0.027020443929359317,True
4090,010111111111,32,1.7519602736298178e-06,0.9999982480397264,cache,True,0.0,0.02451930893585086,0.024522246094420552,True
4091,110111111111,32,1.2309825572726556e-06,0.9999987690174428,cache,True,0.0,0.0361939191352576,0.03619764605537057,True
4092,001111111111,34,1.5788548118338416e-06,0.9999984211451882,cache,True,0.0,0.032584544038400054,0.03258737921714783,True
4093,101111111111,32,1.404667021840314e-06,0.9999985953329782,cache,True,0.0,0.029095221078023314,0.029098107013851404,True
4094,011111111111,32,0.9999977297450677,2.2702549322684007e-06,cache,True,0.0,0.029244440840557218,0.029247296042740345,True
4095,111111111111,34,0.999997555261958,2.4447380420067333e-06,cache,True,0.0,0.02936787996441126,0.029370875796303153,True
